{
	"model": {
		"type": "minecraft:condition",
		"property": "minecraft:has_component",
		"component": "minecraft:custom_name",
		"on_true": {
			"type": "minecraft:select",
			"model": "minecraft:item/copper_ingot",
			"property": "minecraft:component",
			"component": "minecraft:custom_name",
	  		"cases": [
					{
				"when": "Sconce",
				"model": {
					"type": "minecraft:model",
					"model": "minecraft:item/sconce/copper_ingot_sconce"
			 			}
					},
					{
				"when": "Exposed Sconce",
				"model": {
					"type": "minecraft:model",
					"model": "minecraft:item/sconce/exposed_copper_ingot_sconce"
			 			}
					},
					{
				"when": "Weathered Sconce",
				"model": {
					"type": "minecraft:model",
					"model": "minecraft:item/sconce/weathered_copper_ingot_sconce"
			 			}
					},
					{
				"when": "Oxidized Sconce",
				"model": {
					"type": "minecraft:model",
					"model": "minecraft:item/sconce/oxidized_copper_ingot_sconce"
			 			}
					}
		  		],
			"fallback": {
				"type": "minecraft:model",
				"model": "minecraft:item/copper_ingot"
					}
				},
		"on_false": {
			"type": "minecraft:model",
			"model": "minecraft:item/copper_ingot"
		}
	}
}