{
	"model": {
		"type": "condition",
		"property": "has_component",
		"component": "custom_name",
		"on_true": {
			"type": "select",
			"model": "item/iron_axe/iron_axe",
			"property": "component",
			"component": "custom_name",
	  		"cases": [
					{
				"when": "Double Axe",
				"model": {
					"type": "model",
					"model": "item/iron_axe/double_axe"
			 			}
					},
					{
				"when": "Super Cute Axe",
				"model": {
					"type": "model",
					"model": "item/iron_axe/super_cute_axe"
			 			}
					},
					{
				"when": "Morning Star",
				"model": {
					"type": "model",
					"model": "item/iron_axe/morning_star"
			 			}
					},
					{
				"when": "Highland Axe",
				"model": {
					"type": "model",
					"model": "item/iron_axe/highland_axe"
			 			}
					},
					{
				"when": "Anchor",
				"model": {
					"type": "model",
					"model": "item/iron_axe/anchor"
			 			}
					},
					{
				"when": "Axeblade",
				"model": {
					"type": "model",
					"model": "item/iron_axe/axeblade"
			 			}
					},
					{
				"when": "Chainsaw",
				"model": {
					"type": "model",
					"model": "item/iron_axe/chainsaw"
			 			}
					},
					{
				"when": "Kemetian Axe",
				"model": {
					"type": "model",
					"model": "item/iron_axe/kemetian_axe"
			 			}
					},
					{
				"when": "Hellenic Axe",
				"model": {
					"type": "model",
					"model": "item/iron_axe/hellenic_axe"
			 			}
					},
					{
				"when": "Sinitic Axe",
				"model": {
					"type": "model",
					"model": "item/iron_axe/sinitic_axe"
			 			}
					},
					{
				"when": "Fantasy Axe",
				"model": {
					"type": "model",
					"model": "item/iron_axe/fantasy_axe"
			 			}
					},
					{
				"when": "Norroen Axe",
				"model": {
					"type": "model",
					"model": "item/iron_axe/norroen_axe"
			 			}
					},
					{
				"when": "Halloween Axe",
				"model": {
					"type": "model",
					"model": "item/iron_axe/halloween_axe"
			 			}
					}
		  		],
			"fallback": {
				"type": "range_dispatch",
				"property": "damage",
				"scale": 4,
				"entries": [
					{
						"threshold": 0,
						"model": {
							"type": "model",
							"model": "item/iron_axe/iron_axe"
						}
					},
					{
						"threshold": 1,
						"model": {
							"type": "model",
							"model": "item/iron_axe/iron_axe_damaged_0"
						}
					},
					{
						"threshold": 2,
						"model": {
							"type": "model",
							"model": "item/iron_axe/iron_axe_damaged_1"
						}
					},
					{
						"threshold": 3,
						"model": {
							"type": "model",
							"model": "item/iron_axe/iron_axe_damaged_2"
						}
					}
				]
			}
		},
		"on_false": {
			"type": "range_dispatch",
			"property": "damage",
			"scale": 4,
			"entries": [
				{
					"threshold": 0,
					"model": {
						"type": "model",
						"model": "item/iron_axe/iron_axe"
					}
				},
				{
					"threshold": 1,
					"model": {
						"type": "model",
						"model": "item/iron_axe/iron_axe_damaged_0"
					}
				},
				{
					"threshold": 2,
					"model": {
						"type": "model",
						"model": "item/iron_axe/iron_axe_damaged_1"
					}
				},
				{
					"threshold": 3,
					"model": {
						"type": "model",
						"model": "item/iron_axe/iron_axe_damaged_2"
					}
				}
			]
		}
	}
}