{
	"model": {
		"type": "condition",
		"property": "has_component",
		"component": "custom_name",
		"on_true": {
			"type": "select",
			"property": "component",
			"component": "custom_name",
			"cases": [
				{
				"when": "Buck-Chuckets",
				"model": {
					"type": "model",
					"model": "item/iron_sword/buck_chuckets"
			 			}
				},
				{
				"when": "Meat Cleaver",
				"model": {
					"type": "model",
					"model": "item/iron_sword/meat_cleaver"
			 			}
					},
					{
					"when": "Wrench",
					"model": {
						"type": "model",
						"model": "item/iron_sword/wrench"
					}
				},
					{
				"when": "Cane",
				"model": {
					"type": "model",
					"model": "item/iron_sword/cane"
			 			}
					},
					{
				"when": "Golf Club",
				"model": {
					"type": "model",
					"model": "item/iron_sword/golf_club"
			 			}
					},
					{
				"when": "Spatula",
				"model": {
					"type": "model",
					"model": "item/iron_sword/spatula"
			 			}
					},
					{
				"when": "Super Cute Sword",
				"model": {
					"type": "model",
					"model": "item/iron_sword/super_cute_sword"
			 			}
					},
				{
					"when": "Claws",
					"model": {
						"type": "model",
						"model": "item/iron_sword/claws"
					}
				},
				{
					"when": "Hidden Blade",
					"model": {
						"type": "model",
						"model": "item/iron_sword/hidden_blade"
					}
				},
				{
					"when": "Shovel",
					"model": {
						"type": "model",
						"model": "item/iron_sword/shovel"
					}
				},
				{
					"when": "Karambit",
					"model": {
						"type": "model",
						"model": "item/iron_sword/karambit"
					}
				},
				{
					"when": "Potato Peeler",
					"model": {
						"type": "model",
						"model": "item/iron_sword/potato_peeler"
					}
				},
				{
			"when": [
				"Sickle",
				"The Last Laugh"
			],
			"model": {
				"type": "model",
				"model": "item/iron_sword/sickle"
			}
		},
				{
					"when": "Tempest Knife",
					"model": {
						"type": "model",
						"model": "item/iron_sword/tempest_knife"
					}
				},
				{
					"when": "Coral Blade",
					"model": {
						"type": "model",
						"model": "item/iron_sword/coral_blade"
					}
				},
				{
					"when": "Dagger",
					"model": {
						"type": "model",
						"model": "item/iron_sword/dagger"
					}
				},
				{
					"when": "Scythe",
					"model": {
						"type": "model",
						"model": "item/iron_sword/scythe"
					}
				},
				{
					"when": "Rapier",
					"model": {
						"type": "model",
						"model": "item/iron_sword/rapier"
					}
				},
				{
					"when": "Soul Knife",
					"model": {
						"type": "model",
						"model": "item/iron_sword/soul_knife"
					}
				},
				{
					"when": "Broadsword",
					"model": {
						"type": "model",
						"model": "item/iron_sword/broadsword"
					}
				},
				{
					"when": "Cutlass",
					"model": {
						"type": "model",
						"model": "item/iron_sword/cutlass"
					}
				},
				{
			"when": [
				"Claymore",
				"Hawkbrand"
			],
			"model": {
				"type": "model",
				"model": "item/iron_sword/claymore"
			}
		},
				{
					"when": "Glaive",
					"model": {
						"type": "model",
						"model": "item/iron_sword/glaive"
					}
				},
				{
					"when": "Spear",
					"model": {
						"type": "model",
						"model": "item/iron_sword/spear"
					}
				},
				{
					"when": "Backstabber",
					"model": {
						"type": "model",
						"model": "item/iron_sword/backstabber"
					}
				},
				{
					"when": "Dancer's Sword",
					"model": {
						"type": "model",
						"model": "item/iron_sword/dancers_sword"
					}
				},
				{
					"when": "Katana",
					"model": {
						"type": "model",
						"model": "item/iron_sword/katana"
					}
				},
				{
					"when": "Sawblade",
					"model": {
						"type": "model",
						"model": "item/iron_sword/sawblade"
					}
				},
				{
					"when": "Battlestaff",
					"model": {
						"type": "model",
						"model": "item/iron_sword/battlestaff"
					}
				},
					{
				"when": "Kemetian Sword",
				"model": {
					"type": "model",
					"model": "item/iron_sword/kemetian_sword"
			 			}
					},
					{
				"when": "Hellenic Sword",
				"model": {
					"type": "model",
					"model": "item/iron_sword/hellenic_sword"
			 			}
					},
					{
				"when": "Sinitic Sword",
				"model": {
					"type": "model",
					"model": "item/iron_sword/sinitic_sword"
			 			}
					},
					{
				"when": "Fantasy Sword",
				"model": {
					"type": "model",
					"model": "item/iron_sword/fantasy_sword"
			 			}
					},
					{
				"when": "Norroen Sword",
				"model": {
					"type": "model",
					"model": "item/iron_sword/norroen_sword"
			 			}
					},
					{
				"when": "Halloween Sword",
				"model": {
					"type": "model",
					"model": "item/iron_sword/halloween_sword"
			 			}
					}
			],
			"fallback": {
				"type": "range_dispatch",
				"property": "damage",
				"scale": 4,
				"entries": [
					{
						"threshold": 0,
						"model": {
							"type": "model",
							"model": "item/iron_sword"
						}
					},
					{
						"threshold": 1,
						"model": {
							"type": "model",
							"model": "item/iron_sword"
						}
					},
					{
						"threshold": 2,
						"model": {
							"type": "model",
							"model": "item/iron_sword"
						}
					},
					{
						"threshold": 3,
						"model": {
							"type": "model",
							"model": "item/iron_sword"
						}
					}
				]
			}
		},
		"on_false": {
			"type": "select",
			"property": "context_entity_type",
			"cases": [
				{
					"when": "vex",
					"model": {
						"type": "model",
						"model": "item/iron_sword/vex_iron_sword"
					}
				}
			],
			"fallback": {
				"type": "range_dispatch",
				"property": "damage",
				"scale": 4,
				"entries": [
					{
						"threshold": 0,
						"model": {
							"type": "model",
							"model": "item/iron_sword"
						}
					},
					{
						"threshold": 1,
						"model": {
							"type": "model",
							"model": "item/iron_sword"
						}
					},
					{
						"threshold": 2,
						"model": {
							"type": "model",
							"model": "item/iron_sword"
						}
					},
					{
						"threshold": 3,
						"model": {
							"type": "model",
							"model": "item/iron_sword"
						}
					}
				]
			}
		}
	}
}