{
	"model": {
		"type": "condition",
		"property": "has_component",
		"component": "custom_name",
		"on_true": {
			"type": "select",
			"model": "item/mace",
			"property": "component",
			"component": "custom_name",
	  		"cases": [
				{
				"when": "Jack o'Mace",
				"model": {
					"type": "model",
					"model": "item/mace/jack_o_mace"
			 		}
				},
				{
				"when": "Market Gardener",
				"model": {
					"type": "model",
					"model": "item/mace/market_gardener"
			 		}
				},
				{
				"when": "Trumpet",
				"model": {
					"type": "model",
					"model": "item/mace/trumpet"
			 		}
				},
				{
				"when": "Big Joe",
				"model": {
					"type": "model",
					"model": "item/mace/big_joe"
			 		}
				},
				{
				"when": "Little Joey",
				"model": {
					"type": "model",
					"model": "item/mace/little_joey"
			 		}
				},
				{
				"when": "Bowling Pin",
				"model": {
					"type": "model",
					"model": "item/mace/bowling_pin"
			 		}
				},
				{
				"when": "Table Tennis Racket",
				"model": {
					"type": "model",
					"model": "item/mace/table_tennis_racket"
			 		}
				},
				{
				"when": "Frying Pan",
				"model": {
					"type": "model",
					"model": "item/mace/frying_pan"
			 		}
				},
				{
				"when": "The First Frying Pan",
				"model": {
					"type": "model",
					"model": "item/mace/the_first_frying_pan"
			 		}
				},
				{
				"when": "Bat from the Nether",
				"model": {
					"type": "model",
					"model": "item/mace/bat_from_the_nether"
			 		}
				},
				{
				"when": "Hammer",
				"model": {
					"type": "model",
					"model": "item/mace/hammer"
			 		}
				},
				{
				"when": "Morning Star",
				"model": {
					"type": "model",
					"model": "item/mace/morning_star"
			 		}
				},
				{
				"when": "Bonehead Hammer",
				"model": {
					"type": "model",
					"model": "item/mace/bonehead_hammer"
			 		}
				},
				{
					"when": "Stormlander",
					"model": {
						"type": "condition",
						"model": "item/mace/stormlander",
						"property": "component",
						"predicate": "enchantments",
						"value": [
							{
								"enchantments": [
									"density",
									"breach",
									"smite",
									"bane_of_arthropods"
								],
								"levels": 4
							}
						],
						"on_true": {
							"type": "model",
							"model": "item/mace/stormlander_lightning"
						},
						"on_false": {
							"type": "model",
							"model": "item/mace/stormlander"
						}
					}
				},
				{
				"when": "Hammer of Gravity",
				"model": {
					"type": "model",
					"model": "item/mace/hammer_of_gravity"
			 		}
				},
				{
				"when": "Boneclub",
				"model": {
					"type": "model",
					"model": "item/mace/boneclub"
			 		}
				},
				{
				"when": "Bone Cudgel",
				"model": {
					"type": "model",
					"model": "item/mace/bone_cudgel"
			 		}
				},
				{
				"when": "Spooky Gourdian Hammer",
				"model": {
					"type": "model",
					"model": "item/mace/spooky_gourdian_hammer"
			 		}
				},
				{
				"when": "Mechanical Bone Cudgel",
				"model": {
					"type": "model",
					"model": "item/mace/mechanical_bone_cudgel"
			 		}
				},
				{
				"when": "Triple D Hammer",
				"model": {
					"type": "model",
					"model": "item/mace/triple_d_hammer"
			 		}
				},
				{
					"when": "Sextuple D Hammer",
					"model": {
						"type": "condition",
						"model": "item/mace/sextuple_d_hammer",
						"property": "component",
						"predicate": "enchantments",
						"value": [
							{
								"enchantments": [
									"density",
									"breach",
									"smite",
									"bane_of_arthropods"
								],
								"levels": 4
							}
						],
						"on_true": {
							"type": "model",
							"model": "item/mace/sextuple_d_hammer_flaming"
						},
						"on_false": {
							"type": "model",
							"model": "item/mace/sextuple_d_hammer"
						}
					}
				},
				{
				"when": "Portal Staff",
				"model": {
					"type": "model",
					"model": "item/mace/portal_staff"
			 		}
				},
				{
				"when": "Bogged Judgement",
				"model": {
					"type": "model",
					"model": "item/mace/bogged_judgement"
			 		}
				},
				{
				"when": "Combat Mace",
				"model": {
					"type": "model",
					"model": "item/mace/combat_mace"
			 		}
				},
				{
				"when": "Ender Dragon Mace",
				"model": {
					"type": "model",
					"model": "item/mace/ender_dragon_mace"
			 		}
				},
				{
				"when": "Blastbreaker Mace",
				"model": {
					"type": "model",
					"model": "item/mace/blastbreaker_mace"
			 		}
				},
				{
				"when": "Portal Buster Mace",
				"model": {
					"type": "model",
					"model": "item/mace/portal_buster_mace"
			 		}
				},
				{
				"when": "Monkey Motivator",
				"model": {
					"type": "model",
					"model": "item/mace/monkey_motivator"
			 		}
				},
				{
				"when": "Poisonous Potato Mace",
				"model": {
					"type": "model",
					"model": "item/mace/poisonous_potato_mace"
			 		}
				},
				{
				"when": "Lip's Stick",
				"model": {
					"type": "model",
					"model": "item/mace/lip_stick"
			 		}
				},
				{
				"when": "Smash Hammer",
				"model": {
					"type": "model",
					"model": "item/mace/smash_hammer"
			 		}
				},
				{
				"when": "Ban Hammer",
				"model": {
					"type": "model",
					"model": "item/mace/ban_hammer"
			 		}
				},
				{
				"when": "Toy Hammer",
				"model": {
					"type": "model",
					"model": "item/mace/toy_hammer"
			 		}
				},
				{
				"when": "Comet on a Stick",
				"model": {
					"type": "model",
					"model": "item/mace/comet_on_a_stick"
			 		}
				},
				{
				"when": "Swatter",
				"model": {
					"type": "model",
					"model": "item/mace/swatter"
			 		}
				},
				{
				"when": "Magic Brush",
				"model": {
					"type": "model",
					"model": "item/mace/magic_brush"
			 		}
				},
				{
				"when": "Romeo's Hammer",
				"model": {
					"type": "model",
					"model": "item/mace/romeo_hammer"
			 		}
				},
				{
				"when": "Xara's Hammer",
				"model": {
					"type": "model",
					"model": "item/mace/xara_hammer"
			 		}
				},
				{
				"when": "Fred's Hammer",
				"model": {
					"type": "model",
					"model": "item/mace/fred_hammer"
			 		}
				},
				{
				"when": "Romeo's Mace",
				"model": {
					"type": "model",
					"model": "item/mace/romeo_mace"
			 		}
				},
				{
				"when": "Xara's Mace",
				"model": {
					"type": "model",
					"model": "item/mace/xara_mace"
			 		}
				},
				{
				"when": "Fred's Mace",
				"model": {
					"type": "model",
					"model": "item/mace/fred_mace"
			 		}
				},
				{
				"when": "Boom Town Stick",
				"model": {
					"type": "model",
					"model": "item/mace/boom_town_stick"
			 		}
				},
				{
				"when": "Power Glove",
				"model": {
					"type": "model",
					"model": "item/mace/power_glove"
			 		}
				},
				{
				"when": "Journey Mace",
				"model": {
					"type": "model",
					"model": "item/mace/journey_mace"
			 		}
				},
				{
				"when": "Amethyst Adventure",
				"model": {
					"type": "model",
					"model": "item/mace/amethyst_adventure"
			 		}
				},
				{
				"when": "Amber Action",
				"model": {
					"type": "model",
					"model": "item/mace/amber_action"
			 		}
				},
				{
				"when": "Echo Endeavour",
				"model": {
					"type": "model",
					"model": "item/mace/echo_endeavour"
			 		}
				},
				{
				"when": "Emerald Escapade",
				"model": {
					"type": "model",
					"model": "item/mace/emerald_escapade"
			 		}
				},
				{
				"when": "Prismarine Parting",
				"model": {
					"type": "model",
					"model": "item/mace/prismarine_parting"
			 		}
				},
				{
				"when": "Quartz Quest",
				"model": {
					"type": "model",
					"model": "item/mace/quartz_quest"
			 		}
				},
				{
				"when": "Ruby Rendezvous",
				"model": {
					"type": "model",
					"model": "item/mace/ruby_rendezvous"
			 		}
				},
				{
				"when": "Diamond Dare",
				"model": {
					"type": "model",
					"model": "item/mace/diamond_dare"
			 		}
				},
				{
				"when": "Void Voyage",
				"model": {
					"type": "model",
					"model": "item/mace/void_voyage"
			 		}
				},
				{
				"when": "Royal Mace",
				"model": {
					"type": "model",
					"model": "item/mace/royal_mace"
			 		}
				},
				{
				"when": "Walloper",
				"model": {
					"type": "model",
					"model": "item/mace/walloper"
			 		}
				},
				{
				"when": "Mace of Legends",
				"model": {
					"type": "model",
					"model": "item/mace/mace_of_legends"
			 		}
				},
				{
				"when": "The Breaker",
				"model": {
					"type": "model",
					"model": "item/mace/the_breaker"
			 		}
				},
				{
				"when": "Hammush",
				"model": {
					"type": "model",
					"model": "item/mace/hammush"
			 		}
				},
				{
				"when": "Meat Grinder",
				"model": {
					"type": "model",
					"model": "item/mace/meat_grinder"
			 		}
				},
				{
				"when": "Lava Warrior Hamaxe",
				"model": {
					"type": "model",
					"model": "item/mace/lava_warrior_hamaxe"
			 		}
				},
				{
				"when": "Pwnhammer",
				"model": {
					"type": "model",
					"model": "item/mace/pwnhammer"
			 		}
				},
				{
				"when": "Vortex Hamaxe",
				"model": {
					"type": "model",
					"model": "item/mace/vortex_hamaxe"
			 		}
				},
				{
				"when": "Space Hamaxe",
				"model": {
					"type": "model",
					"model": "item/mace/space_hamaxe"
			 		}
				},
				{
				"when": "Haemorrhaxe",
				"model": {
					"type": "model",
					"model": "item/mace/haemorrhaxe"
			 		}
				},
				{
				"when": "Beenest Hamaxe",
				"model": {
					"type": "model",
					"model": "item/mace/beenest_hamaxe"
			 		}
				},
				{
				"when": "Slapperaxe",
				"model": {
					"type": "model",
					"model": "item/mace/slapperaxe"
			 		}
				},
				{
				"when": "Tropical Slapperaxe",
				"model": {
					"type": "model",
					"model": "item/mace/tropical_slapperaxe"
			 		}
				},
				{
				"when": "Hit of the Cauldron",
				"model": {
					"type": "model",
					"model": "item/mace/hit_of_the_cauldron"
			 		}
				},
				{
				"when": "Dev Hammer",
				"model": {
					"type": "model",
					"model": "item/mace/dev_hammer"
			 		}
				},
				{
				"when": "Highland Mace",
				"model": {
					"type": "model",
					"model": "item/mace/highland_mace"
			 		}
				},
				{
				"when": "Peek a Boop",
				"model": {
					"type": "model",
					"model": "item/mace/peek_a_boop"
			 		}
				},
				{
				"when": "Hatsune's Mic-u",
				"model": {
					"type": "model",
					"model": "item/mace/hatsune_micu"
			 		}
				},
				{
				"when": "Super Cute Mace",
				"model": {
					"type": "model",
					"model": "item/mace/super_cute_mace"
			 		}
				},
				{
				"when": "Jake The Mace",
				"model": {
					"type": "model",
					"model": "item/mace/jake_the_mace"
			 		}
				},
				{
				"when": "Candy Mace",
				"model": {
					"type": "model",
					"model": "item/mace/candy_mace"
			 		}
				},
				{
				"when": "Fantasy Mace",
				"model": {
					"type": "model",
					"model": "item/mace/fantasy_mace"
			 		}
				},
				{
				"when": "Hellenic Mace",
				"model": {
					"type": "model",
					"model": "item/mace/hellenic_mace"
			 		}
				},
				{
				"when": "Dragonheart Mace",
				"model": {
					"type": "model",
					"model": "item/mace/dragonheart_mace"
			 		}
				},
				{
				"when": "Glass Mace",
				"model": {
					"type": "model",
					"model": "item/mace/glass_mace"
			 		}
				},
				{
				"when": "Orcish Mace",
				"model": {
					"type": "model",
					"model": "item/mace/orcish_mace"
			 		}
				},
				{
				"when": "Ancient Mace",
				"model": {
					"type": "model",
					"model": "item/mace/ancient_mace"
			 		}
				},
				{
				"when": "Hand on a Stick",
				"model": {
					"type": "model",
					"model": "item/mace/hand_on_a_stick"
			 		}
				},
				{
				"when": "Cartoon Hammer",
				"model": {
					"type": "model",
					"model": "item/mace/cartoon_hammer"
			 		}
				},
				{
				"when": "Slugger",
				"model": {
					"type": "model",
					"model": "item/mace/slugger"
			 		}
				},
				{
				"when": "Purse",
				"model": {
					"type": "model",
					"model": "item/mace/purse"
			 		}
				},
				{
				"when": "Sausage on a Fork",
				"model": {
					"type": "model",
					"model": "item/mace/sausage_on_a_fork"
			 		}
				},
				{
				"when": "Plunger",
				"model": {
					"type": "model",
					"model": "item/mace/plunger"
			 		}
				},
				{
				"when": "Rolling Pin",
				"model": {
					"type": "model",
					"model": "item/mace/rolling_pin"
			 		}
				},
				{
				"when": "No Guns Allowed",
				"model": {
					"type": "model",
					"model": "item/mace/no_guns_allowed"
			 		}
				}
		  		],
			"fallback": {
				"type": "model",
				"model": "item/mace"
					}
				},
		"on_false": {
			"type": "model",
			"model": "item/mace"
		}
	}
}