{
	"model": {
		"type": "condition",
		"property": "has_component",
		"component": "custom_name",
		"on_true": {
			"type": "select",
			"model": "item/mace",
			"property": "component",
			"component": "custom_name",
	  		"cases": [
				{
				"when": "Jack o'Mace",
				"model": {
					"type": "model",
					"model": "item/mace/jack_o_mace"
			 		}
				},
				{
				"when": "Market Gardener",
				"model": {
					"type": "model",
					"model": "item/mace/market_gardener"
			 		}
				},
				{
				"when": "Trumpet",
				"model": {
					"type": "model",
					"model": "item/mace/trumpet"
			 		}
				},
				{
				"when": "Big Joe",
				"model": {
					"type": "model",
					"model": "item/mace/big_joe"
			 		}
				},
				{
				"when": "Little Joey",
				"model": {
					"type": "model",
					"model": "item/mace/little_joey"
			 		}
				},
				{
				"when": "Bowling Pin",
				"model": {
					"type": "model",
					"model": "item/mace/bowling_pin"
			 		}
				},
				{
				"when": "Table Tennis Racket",
				"model": {
					"type": "model",
					"model": "item/mace/table_tennis_racket"
			 		}
				},
				{
				"when": "Frying Pan",
				"model": {
					"type": "model",
					"model": "item/mace/frying_pan"
			 		}
				},
				{
				"when": "The First Frying Pan",
				"model": {
					"type": "model",
					"model": "item/mace/the_first_frying_pan"
			 		}
				},
				{
				"when": "Bat from the Nether",
				"model": {
					"type": "model",
					"model": "item/mace/bat_from_the_nether"
			 		}
				},
				{
				"when": "Hammer",
				"model": {
					"type": "model",
					"model": "item/mace/hammer"
			 		}
				},
				{
				"when": "Morning Star",
				"model": {
					"type": "model",
					"model": "item/mace/morning_star"
			 		}
				},
				{
				"when": "Bonehead Hammer",
				"model": {
					"type": "model",
					"model": "item/mace/bonehead_hammer"
			 		}
				},
				{
					"when": "Stormlander",
					"model": {
						"type": "condition",
						"model": "item/mace/stormlander",
						"property": "component",
						"predicate": "enchantments",
						"value": [
							{
								"enchantments": [
									"density",
									"breach",
									"smite",
									"bane_of_arthropods"
								],
								"levels": 4
							}
						],
						"on_true": {
							"type": "model",
							"model": "item/mace/stormlander_lightning"
						},
						"on_false": {
							"type": "model",
							"model": "item/mace/stormlander"
						}
					}
				},
				{
				"when": "Hammer of Gravity",
				"model": {
					"type": "model",
					"model": "item/mace/hammer_of_gravity"
			 		}
				},
				{
				"when": "Boneclub",
				"model": {
					"type": "model",
					"model": "item/mace/boneclub"
			 		}
				},
				{
				"when": "Bone Cudgel",
				"model": {
					"type": "model",
					"model": "item/mace/bone_cudgel"
			 		}
				},
				{
				"when": "Spooky Gourdian Hammer",
				"model": {
					"type": "model",
					"model": "item/mace/spooky_gourdian_hammer"
			 		}
				},
				{
				"when": "Mechanical Bone Cudgel",
				"model": {
					"type": "model",
					"model": "item/mace/mechanical_bone_cudgel"
			 		}
				},
				{
				"when": "Triple D Hammer",
				"model": {
					"type": "model",
					"model": "item/mace/triple_d_hammer"
			 		}
				},
				{
					"when": "Sextuple D Hammer",
					"model": {
						"type": "condition",
						"model": "item/mace/sextuple_d_hammer",
						"property": "component",
						"predicate": "enchantments",
						"value": [
							{
								"enchantments": [
									"density",
									"breach",
									"smite",
									"bane_of_arthropods"
								],
								"levels": 4
							}
						],
						"on_true": {
							"type": "model",
							"model": "item/mace/sextuple_d_hammer_flaming"
						},
						"on_false": {
							"type": "model",
							"model": "item/mace/sextuple_d_hammer"
						}
					}
				},
				{
				"when": "Portal Staff",
				"model": {
					"type": "model",
					"model": "item/mace/portal_staff"
			 		}
				},
				{
				"when": "Bogged Judgement",
				"model": {
					"type": "model",
					"model": "item/mace/bogged_judgement"
			 		}
				},
				{
				"when": "Combat Mace",
				"model": {
					"type": "model",
					"model": "item/mace/combat_mace"
			 		}
				},
				{
				"when": "Ender Dragon Mace",
				"model": {
					"type": "model",
					"model": "item/mace/ender_dragon_mace"
			 		}
				},
				{
				"when": "Blastbreaker Mace",
				"model": {
					"type": "model",
					"model": "item/mace/blastbreaker_mace"
			 		}
				},
				{
				"when": "Portal Buster Mace",
				"model": {
					"type": "model",
					"model": "item/mace/portal_buster_mace"
			 		}
				},
				{
				"when": "Monkey Motivator",
				"model": {
					"type": "model",
					"model": "item/mace/monkey_motivator"
			 		}
				},
				{
				"when": "Poisonous Potato Mace",
				"model": {
					"type": "model",
					"model": "item/mace/poisonous_potato_mace"
			 		}
				},
				{
				"when": "Lip's Stick",
				"model": {
					"type": "model",
					"model": "item/mace/lip_stick"
			 		}
				},
				{
				"when": "Smash Hammer",
				"model": {
					"type": "model",
					"model": "item/mace/smash_hammer"
			 		}
				},
				{
				"when": "Ban Hammer",
				"model": {
					"type": "model",
					"model": "item/mace/ban_hammer"
			 		}
				},
				{
				"when": "Toy Hammer",
				"model": {
					"type": "model",
					"model": "item/mace/toy_hammer"
			 		}
				},
				{
				"when": "Comet on a Stick",
				"model": {
					"type": "model",
					"model": "item/mace/comet_on_a_stick"
			 		}
				},
				{
				"when": "Swatter",
				"model": {
					"type": "model",
					"model": "item/mace/swatter"
			 		}
				},
				{
				"when": "Magic Brush",
				"model": {
					"type": "model",
					"model": "item/mace/magic_brush"
			 		}
				},
				{
				"when": "Romeo's Hammer",
				"model": {
					"type": "model",
					"model": "item/mace/romeo_hammer"
			 		}
				},
				{
				"when": "Xara's Hammer",
				"model": {
					"type": "model",
					"model": "item/mace/xara_hammer"
			 		}
				},
				{
				"when": "Fred's Hammer",
				"model": {
					"type": "model",
					"model": "item/mace/fred_hammer"
			 		}
				},
				{
				"when": "Romeo's Mace",
				"model": {
					"type": "model",
					"model": "item/mace/romeo_mace"
			 		}
				},
				{
				"when": "Xara's Mace",
				"model": {
					"type": "model",
					"model": "item/mace/xara_mace"
			 		}
				},
				{
				"when": "Fred's Mace",
				"model": {
					"type": "model",
					"model": "item/mace/fred_mace"
			 		}
				},
				{
				"when": "Boom Town Stick",
				"model": {
					"type": "model",
					"model": "item/mace/boom_town_stick"
			 		}
				},
				{
				"when": "Power Glove",
				"model": {
					"type": "model",
					"model": "item/mace/power_glove"
			 		}
				},
				{
				"when": "Journey Mace",
				"model": {
					"type": "model",
					"model": "item/mace/journey_mace"
			 		}
				},
				{
				"when": "Amethyst Adventure",
				"model": {
					"type": "model",
					"model": "item/mace/amethyst_adventure"
			 		}
				},
				{
				"when": "Amber Action",
				"model": {
					"type": "model",
					"model": "item/mace/amber_action"
			 		}
				},
				{
				"when": "Echo Endeavour",
				"model": {
					"type": "model",
					"model": "item/mace/echo_endeavour"
			 		}
				},
				{
				"when": "Emerald Escapade",
				"model": {
					"type": "model",
					"model": "item/mace/emerald_escapade"
			 		}
				},
				{
				"when": "Prismarine Parting",
				"model": {
					"type": "model",
					"model": "item/mace/prismarine_parting"
			 		}
				},
				{
				"when": "Quartz Quest",
				"model": {
					"type": "model",
					"model": "item/mace/quartz_quest"
			 		}
				},
				{
				"when": "Ruby Rendezvous",
				"model": {
					"type": "model",
					"model": "item/mace/ruby_rendezvous"
			 		}
				},
				{
				"when": "Diamond Dare",
				"model": {
					"type": "model",
					"model": "item/mace/diamond_dare"
			 		}
				},
				{
				"when": "Void Voyage",
				"model": {
					"type": "model",
					"model": "item/mace/void_voyage"
			 		}
				},
				{
				"when": "Royal Mace",
				"model": {
					"type": "model",
					"model": "item/mace/royal_mace"
			 		}
				},
				{
				"when": "Walloper",
				"model": {
					"type": "model",
					"model": "item/mace/walloper"
			 		}
				},
				{
				"when": "Mace of Legends",
				"model": {
					"type": "model",
					"model": "item/mace/mace_of_legends"
			 		}
				},
				{
				"when": "The Breaker",
				"model": {
					"type": "model",
					"model": "item/mace/the_breaker"
			 		}
				},
				{
				"when": "Hammush",
				"model": {
					"type": "model",
					"model": "item/mace/hammush"
			 		}
				},
				{
				"when": "Meat Grinder",
				"model": {
					"type": "model",
					"model": "item/mace/meat_grinder"
			 		}
				},
				{
				"when": "Lava Warrior Hamaxe",
				"model": {
					"type": "model",
					"model": "item/mace/lava_warrior_hamaxe"
			 		}
				},
				{
				"when": "Pwnhammer",
				"model": {
					"type": "model",
					"model": "item/mace/pwnhammer"
			 		}
				},
				{
				"when": "Vortex Hamaxe",
				"model": {
					"type": "model",
					"model": "item/mace/vortex_hamaxe"
			 		}
				},
				{
				"when": "Space Hamaxe",
				"model": {
					"type": "model",
					"model": "item/mace/space_hamaxe"
			 		}
				},
				{
				"when": "Haemorrhaxe",
				"model": {
					"type": "model",
					"model": "item/mace/haemorrhaxe"
			 		}
				},
				{
				"when": "Beenest Hamaxe",
				"model": {
					"type": "model",
					"model": "item/mace/beenest_hamaxe"
			 		}
				},
				{
				"when": "Slapperaxe",
				"model": {
					"type": "model",
					"model": "item/mace/slapperaxe"
			 		}
				},
				{
				"when": "Tropical Slapperaxe",
				"model": {
					"type": "model",
					"model": "item/mace/tropical_slapperaxe"
			 		}
				},
				{
				"when": "Hit of the Cauldron",
				"model": {
					"type": "model",
					"model": "item/mace/hit_of_the_cauldron"
			 		}
				},
				{
				"when": "Dev Hammer",
				"model": {
					"type": "model",
					"model": "item/mace/dev_hammer"
			 		}
				},
				{
				"when": "Highland Mace",
				"model": {
					"type": "model",
					"model": "item/mace/highland_mace"
			 		}
				},
				{
				"when": "Peek a Boop",
				"model": {
					"type": "model",
					"model": "item/mace/peek_a_boop"
			 		}
				},
				{
				"when": "Hatsune's Mic-u",
				"model": {
					"type": "model",
					"model": "item/mace/hatsune_micu"
			 		}
				},
				{
				"when": "Super Cute Mace",
				"model": {
					"type": "model",
					"model": "item/mace/super_cute_mace"
			 		}
				},
				{
				"when": "Jake The Mace",
				"model": {
					"type": "model",
					"model": "item/mace/jake_the_mace"
			 		}
				},
				{
				"when": "Candy Mace",
				"model": {
					"type": "model",
					"model": "item/mace/candy_mace"
			 		}
				},
				{
				"when": "Fantasy Mace",
				"model": {
					"type": "model",
					"model": "item/mace/fantasy_mace"
			 		}
				},
				{
				"when": "Hellenic Mace",
				"model": {
					"type": "model",
					"model": "item/mace/hellenic_mace"
			 		}
				},
				{
				"when": "Dragonheart Mace",
				"model": {
					"type": "model",
					"model": "item/mace/dragonheart_mace"
			 		}
				},
				{
				"when": "Glass Mace",
				"model": {
					"type": "model",
					"model": "item/mace/glass_mace"
			 		}
				},
				{
				"when": "Orcish Mace",
				"model": {
					"type": "model",
					"model": "item/mace/orcish_mace"
			 		}
				},
				{
				"when": "Ancient Mace",
				"model": {
					"type": "model",
					"model": "item/mace/ancient_mace"
			 		}
				},
				{
				"when": "Hand on a Stick",
				"model": {
					"type": "model",
					"model": "item/mace/hand_on_a_stick"
			 		}
				},
				{
				"when": "Cartoon Hammer",
				"model": {
					"type": "model",
					"model": "item/mace/cartoon_hammer"
			 		}
				},
				{
				"when": "Slugger",
				"model": {
					"type": "model",
					"model": "item/mace/slugger"
			 		}
				},
				{
				"when": "Purse",
				"model": {
					"type": "model",
					"model": "item/mace/purse"
			 		}
				},
				{
				"when": "Sausage on a Fork",
				"model": {
					"type": "model",
					"model": "item/mace/sausage_on_a_fork"
			 		}
				},
				{
				"when": "Plunger",
				"model": {
					"type": "model",
					"model": "item/mace/plunger"
			 		}
				},
				{
				"when": "Rolling Pin",
				"model": {
					"type": "model",
					"model": "item/mace/rolling_pin"
			 		}
				},
				{
				"when": "No Guns Allowed",
				"model": {
					"type": "model",
					"model": "item/mace/no_guns_allowed"
			 		}
				},
				{
					"when": "Pheonix Grace",
					"model": { "type": "minecraft:model", "model": "minecraft:item/pheonixgrace" }
				},
				{
					"when": "Abominable Great Saber",
					"model": { "type": "minecraft:model", "model": "minecraft:item/abominablegreatsaber" }
				},
				{
					"when": "Abominable Blade",
					"model": { "type": "minecraft:model", "model": "minecraft:item/abominableblade" }
				},
				{
					"when": "Abominable Scythe",
					"model": { "type": "minecraft:model", "model": "minecraft:item/abominablescythe" }
				},
				{
					"when": "Acidic Cleaver",
					"model": { "type": "minecraft:model", "model": "minecraft:item/aciddemon" }
				},
				{
					"when": "Amethyst Shuriken",
					"model": { "type": "minecraft:model", "model": "minecraft:item/amethyst_shuriken" }
				},
				{
					"when": "Ancient Royal Great Sword",
					"model": { "type": "minecraft:model", "model": "minecraft:item/ancient_royal_great_sword" }    
				},
				{
					"when": "Aquatic Sacred Blade",
					"model": { "type": "minecraft:model", "model": "minecraft:item/aquantic_sacred_blade" }    
				},
				{
					"when": "Ocean's Rage",
					"model": { "type": "minecraft:model", "model": "minecraft:item/aquantictrident" }    
				},
				{
					"when": "Ashura's Blade",
					"model": { "type": "minecraft:model", "model": "minecraft:item/ashura_blade" }    
				},
				{
					"when": "Blood Edge",
					"model": { "type": "minecraft:model", "model": "minecraft:item/bloodedge" }    
				},
				{
					"when": "Bloody Death",
					"model": { "type": "minecraft:model", "model": "minecraft:item/bloodydeath" }    
				},
				{
					"when": "Carian Knight's Sword",
					"model": { "type": "minecraft:model", "model": "minecraft:item/cariansword" }    
				},
				{
					"when": "Chrono Blade",
					"model": { "type": "minecraft:model", "model": "minecraft:item/chrono_blade" }    
				},
				{
					"when": "Corrupted Mythic Blade",
					"model": { "type": "minecraft:model", "model": "minecraft:item/corruptedmythicblade" }    
				},
				{
					"when": "Creation Splitter",
					"model": { "type": "minecraft:model", "model": "minecraft:item/creationsplitter" }    
				},
				{
					"when": "Crescent Rose",
					"model": { "type": "minecraft:model", "model": "minecraft:item/crescentrose" }    
				},
				{
					"when": "Cyber Katana",
					"model": { "type": "minecraft:model", "model": "minecraft:item/cyberkatana" }    
				},
				{
					"when": "Cyber Mantis Blade",
					"model": { "type": "minecraft:model", "model": "minecraft:item/cybermantisblade" }    
				},
				{
					"when": "Cybernetic Katana",
					"model": { "type": "minecraft:model", "model": "minecraft:item/cybernetickatana" }    
				},
				{
					"when": "Cybernetic Knife",
					"model": { "type": "minecraft:model", "model": "minecraft:item/cyberneticknife" }    
				},
				{
					"when": "Cybernetic Chainsaw Blade",
					"model": { "type": "minecraft:model", "model": "minecraft:item/cyberneticsawblade" }    
				},
				{
					"when": "Cyber Sword",
					"model": { "type": "minecraft:model", "model": "minecraft:item/cybersword" }    
				},
				{
					"when": "Dainsleif",
					"model": { "type": "minecraft:model", "model": "minecraft:item/dainsleif" }    
				},
				{
					"when": "Dark Blade",
					"model": { "type": "minecraft:model", "model": "minecraft:item/dark_blade" }    
				},
				{
					"when": "Dark Cleaver",
					"model": { "type": "minecraft:model", "model": "minecraft:item/dark_cleaver" }    
				},
				{
					"when": "Death Knight's Dagger",
					"model": { "type": "minecraft:model", "model": "minecraft:item/death_knight_dagger" }    
				},
				{
					"when": "Death Knight's Sword",
					"model": { "type": "minecraft:model", "model": "minecraft:item/death_knight_sword" }    
				},
				{
					"when": "Demigod's Unholy Halberd",
					"model": { "type": "minecraft:model", "model": "minecraft:item/demigodsunholyhalberd" }    
				},
				{
					"when": "Demigod's Unholy Blade",
					"model": { "type": "minecraft:model", "model": "minecraft:item/demigodsunholyblade" }    
				},
				{
					"when": "Demonic Blade",
					"model": { "type": "minecraft:model", "model": "minecraft:item/demonicblade" }    
				},
				{
					"when": "Demonic Cleaver",
					"model": { "type": "minecraft:model", "model": "minecraft:item/demoniccleaver" }    
				},
				{
					"when": "Demon Lord's Great Axe",
					"model": { "type": "minecraft:model", "model": "minecraft:item/demonlordsgreataxe" }    
				},
				{
					"when": "Demon Lord's Sword",
					"model": { "type": "minecraft:model", "model": "minecraft:item/demonlordsword" }    
				},
				{
					"when": "Divine Justice",
					"model": { "type": "minecraft:model", "model": "minecraft:item/divine_justice" }    
				},
				{
					"when": "Divine Reaper",
					"model": { "type": "minecraft:model", "model": "minecraft:item/divine_reaper" }    
				},
				{
					"when": "Divine Punisher",
					"model": { "type": "minecraft:model", "model": "minecraft:item/divinepunisher" }    
				},
				{
					"when": "Divine Axe Rhitta",
					"model": { "type": "minecraft:model", "model": "minecraft:item/divineaxerhitta" }    
				},
				{
					"when": "Dragon Slaying blade",
					"model": { "type": "minecraft:model", "model": "minecraft:item/dragonslayingblade" }    
				},
				{
					"when": "Edge Of The Astral Plane",
					"model": { "type": "minecraft:model", "model": "minecraft:item/edgeoftheastralplane" }    
				},
				{
					"when": "Epic Sword",
					"model": { "type": "minecraft:model", "model": "minecraft:item/epicsword" }    
				},
				{
					"when": "Estoc",
					"model": { "type": "minecraft:model", "model": "minecraft:item/estoc" }    
				},
				{
					"when": "Fallen God's Spear",
					"model": { "type": "minecraft:model", "model": "minecraft:item/fallengodspear" }    
				},
				{
					"when": "Fallen God's Sword",
					"model": { "type": "minecraft:model", "model": "minecraft:item/fallengodsword" }    
				},
				{
					"when": "Floral Longsword",
					"model": { "type": "minecraft:model", "model": "minecraft:item/floral_longsword" }    
				},
				{
					"when": "Floral Sabre",
					"model": { "type": "minecraft:model", "model": "minecraft:item/floral_sabre" }    
				},
				{
					"when": "Forest Guardian's Glaive",
					"model": { "type": "minecraft:model", "model": "minecraft:item/forest_guardian_glaive" }    
				},
				{
					"when": "Frost Axe",
					"model": { "type": "minecraft:model", "model": "minecraft:item/frostaxe" }    
				},
				{
					"when": "Frost Blade",
					"model": { "type": "minecraft:model", "model": "minecraft:item/frostblade" }    
				},
				{
					"when": "Frost Scythe",
					"model": { "type": "minecraft:model", "model": "minecraft:item/frostscythe" }    
				},
				{
					"when": "Wraith Scythe",
					"model": { "type": "minecraft:model", "model": "minecraft:item/greenscythe" }    
				},
				{
					"when": "Hero Sword",
					"model": { "type": "minecraft:model", "model": "minecraft:item/herosword" }    
				},
				{
					"when": "Holy Moonlight Sword",
					"model": { "type": "minecraft:model", "model": "minecraft:item/holymoonlightsword" }    
				},
				{
					"when": "Hornet's Needle",
					"model": { "type": "minecraft:model", "model": "minecraft:item/hornetsneedle" }    
				},
				{
					"when": "Jade Halberd",
					"model": { "type": "minecraft:model", "model": "minecraft:item/jadehalberd" }    
				},
				{
					"when": "Legendary Sword",
					"model": { "type": "minecraft:model", "model": "minecraft:item/legendarysword" }    
				},
				{
					"when": "Longsword",
					"model": { "type": "minecraft:model", "model": "minecraft:item/longsword" }    
				},
				{
					"when": "Masamune",
					"model": { "type": "minecraft:model", "model": "minecraft:item/masamune" }    
				},
				{
					"when": "Mjolnir",
					"model": { "type": "minecraft:model", "model": "minecraft:item/mjolnir" }    
				},
				{
					"when": "Molten Blade",
					"model": { "type": "minecraft:model", "model": "minecraft:item/moltenblade" }    
				},
				{
					"when": "Molten Sword",
					"model": { "type": "minecraft:model", "model": "minecraft:item/moltensword" }    
				},
				{
					"when": "Muramasa",
					"model": { "type": "minecraft:model", "model": "minecraft:item/muramasa" }    
				},
				{
					"when": "Mystical Spellblade",
					"model": { "type": "minecraft:model", "model": "minecraft:item/mysticalspellblade" }    
				},
				{
					"when": "Mythic Blade",
					"model": { "type": "minecraft:model", "model": "minecraft:item/mythicblade" }    
				},
				{
					"when": "Partisan",
					"model": { "type": "minecraft:model", "model": "minecraft:item/partisan" }    
				},
				{
					"when": "Pharaoh's Treasure",
					"model": { "type": "minecraft:model", "model": "minecraft:item/pharaohs_treasure" }    
				},
				{
					"when": "Power Fuse Hammer",
					"model": { "type": "minecraft:model", "model": "minecraft:item/powerfusehammer" }    
				},
				{
					"when": "Power Fuse Sword",
					"model": { "type": "minecraft:model", "model": "minecraft:item/powerfusesword" }    
				},
				{
					"when": "Rivers Of Blood",
					"model": { "type": "minecraft:model", "model": "minecraft:item/riversofblood" }    
				},
				{
					"when": "Royal Chakram",
					"model": { "type": "minecraft:model", "model": "minecraft:item/royalchakram" }    
				},
				{
					"when": "Royal Rapier",
					"model": { "type": "minecraft:model", "model": "minecraft:item/royalrapier" }    
				},
				{
					"when": "Sabre",
					"model": { "type": "minecraft:model", "model": "minecraft:item/sabre" }    
				},
				{
					"when": "Sculk Cleaver",
					"model": { "type": "minecraft:model", "model": "minecraft:item/sculkcleaver" }    
				},
				{
					"when": "Scissor Blade",
					"model": { "type": "minecraft:model", "model": "minecraft:item/scissorblade" }    
				},
				{
					"when": "Sculk Scythe",
					"model": { "type": "minecraft:model", "model": "minecraft:item/sculkscythe" }    
				},
				{
					"when": "Sculk Sword",
					"model": { "type": "minecraft:model", "model": "minecraft:item/sculksword" }    
				},
				{
					"when": "Silverine Blade",
					"model": { "type": "minecraft:model", "model": "minecraft:item/silverine_blade" }    
				},
				{
					"when": "Sentinel's Will",
					"model": { "type": "minecraft:model", "model": "minecraft:item/sentinels_will" }    
				},
				{
					"when": "Soul Devourer",
					"model": { "type": "minecraft:model", "model": "minecraft:item/soul_devourer" }    
				},
				{
					"when": "Soul Collector",
					"model": { "type": "minecraft:model", "model": "minecraft:item/soul_collector" }    
				},
				{
					"when": "Soul Edge",
					"model": { "type": "minecraft:model", "model": "minecraft:item/souledge" }    
				},
				{
					"when": "Soul Claws",
					"model": { "type": "minecraft:model", "model": "minecraft:item/soulclaws" }    
				},
				{
					"when": "Steel Sword",
					"model": { "type": "minecraft:model", "model": "minecraft:item/steelsword" }    
				},
				{
					"when": "Soul Harvester",
					"model": { "type": "minecraft:model", "model": "minecraft:item/soulharvester" }    
				},
				{
					"when": "Tengen's Blade",
					"model": { "type": "minecraft:model", "model": "minecraft:item/tengensblade" }    
				},
				{
					"when": "Stop Sign",
					"model": { "type": "minecraft:model", "model": "minecraft:item/stop_sign" }    
				},
				{
					"when": "Sunbreak",
					"model": { "type": "minecraft:model", "model": "minecraft:item/sunbreak" }    
				},
				{
					"when": "Thunder Bringer",
					"model": { "type": "minecraft:model", "model": "minecraft:item/thunderbringer" }    
				},
				{
					"when": "Terra Blade",
					"model": { "type": "minecraft:model", "model": "minecraft:item/terrablade" }    
				},
				{
					"when": "Thousand Demon Daggers",
					"model": { "type": "minecraft:model", "model": "minecraft:item/thousanddemondaggers" }    
				},
				{
					"when": "Yoru",
					"model": { "type": "minecraft:model", "model": "minecraft:item/yoru" }    
				},
				{
					"when": "Plague Longsword",
					"model": { "type": "minecraft:model", "model": "minecraft:item/toxic_longsword" }    
				},
				{
					"when": "Vampiric Needle",
					"model": { "type": "minecraft:model", "model": "minecraft:item/vampiricneedle" }    
				},
				{
					"when": "Wakizashi",
					"model": { "type": "minecraft:model", "model": "minecraft:item/wakizashi" }    
				},
				{
					"when": "Whisperwind",
					"model": { "type": "minecraft:model", "model": "minecraft:item/whisperwind" }    
				},
				{
					"when": "Wickpiercer",
					"model": { "type": "minecraft:model", "model": "minecraft:item/wickpiercer" }    
				},
				{
					"when": "Thunderbrand",
					"model": { "type": "minecraft:model", "model": "minecraft:item/thunderbrand" }    
				},
				{
					"when": "Watcher Claymore",
					"model": { "type": "minecraft:model", "model": "minecraft:item/watcher_claymore" }    
				},
				{
					"when": "Watching Warglaive",
					"model": { "type": "minecraft:model", "model": "minecraft:item/watching_warglaive" }    
				},
				{
					"when": "Waxweaver",
					"model": { "type": "minecraft:model", "model": "minecraft:item/waxweaver" }    
				},
				{
					"when": "Star's Edge",
					"model": { "type": "minecraft:model", "model": "minecraft:item/stars_edge" }    
				},
				{
					"when": "Storm Bringer",
					"model": { "type": "minecraft:model", "model": "minecraft:item/stormbringer" }    
				},
				{
					"when": "Storm's Edge",
					"model": { "type": "minecraft:model", "model": "minecraft:item/storms_edge" }    
				},
				{
					"when": "Ribbon Cleaver",
					"model": { "type": "minecraft:model", "model": "minecraft:item/ribboncleaver" }    
				},
				{
					"when": "Righteous Relic",
					"model": { "type": "minecraft:model", "model": "minecraft:item/righteous_relic" }    
				},
				{
					"when": "Soulrender",
					"model": { "type": "minecraft:model", "model": "minecraft:item/soulrender" }    
				},
				{
					"when": "Soul Stealer",
					"model": { "type": "minecraft:model", "model": "minecraft:item/soulstealer" }    
				},
				{
					"when": "Enigma",
					"model": { "type": "minecraft:model", "model": "minecraft:item/enigma" }    
				},
				{
					"when": "Hearthflame",
					"model": { "type": "minecraft:model", "model": "minecraft:item/hearthflame" }    
				},
				{
					"when": "Icewhisper",
					"model": { "type": "minecraft:model", "model": "minecraft:item/icewhisper" }    
				},
				{
					"when": "Magi Scythe",
					"model": { "type": "minecraft:model", "model": "minecraft:item/magiscythe" }    
				},
				{
					"when": "Arcanethyst",
					"model": { "type": "minecraft:model", "model": "minecraft:item/arcanethyst" }    
				},
				{
					"when": "Awakened Lichblade",
					"model": { "type": "minecraft:model", "model": "minecraft:item/awakened_lichblade" }    
				},
				{
					"when": "Bramblethorn",
					"model": { "type": "minecraft:model", "model": "minecraft:item/bramblethorn" }    
				},
				{
					"when": "Brimstone Claymore",
					"model": { "type": "minecraft:model", "model": "minecraft:item/brimstone_claymore" }    
				},
				{
					"when": "Emberblade",
					"model": { "type": "minecraft:model", "model": "minecraft:item/emberblade" }    
				},
				{
					"when": "True Excalibur",
					"model": { "type": "minecraft:model", "model": "minecraft:item/excalibur" }    
				}
		  		],
			"fallback": {
				"type": "model",
				"model": "item/mace"
					}
				},
		"on_false": {
			"type": "model",
			"model": "item/mace"
		}
	}
}