{
	"model": {
		"type": "minecraft:condition",
		"property": "minecraft:has_component",
		"component": "minecraft:custom_name",
		"on_true": {
			"type": "minecraft:select",
			"model": "minecraft:item/name_tag",
			"property": "minecraft:component",
			"component": "minecraft:custom_name",
				"cases": [
			{
			"when": [
				"Dinnerbone",
				"Grumm"
				],
			"model": {
			"type": "minecraft:model",
			"model": "minecraft:item/name_tag/upside_down_name_tag"
					}
				}
			],
			"fallback": {
				"type": "minecraft:model",
				"model": "minecraft:item/name_tag"
					}
				},
		"on_false": {
			"type": "minecraft:model",
			"model": "minecraft:item/name_tag/empty_name_tag"
		}
	}
}