{
	"model": {
		"type": "condition",
		"property": "has_component",
		"component": "custom_name",
		"on_true": {
			"type": "select",
			"property": "component",
			"component": "custom_name",
			"cases": [
				{
					"when": "Buck-Chuckets",
					"model": {
						"type": "model",
						"model": "item/netherite_sword/buck_chuckets"
					}
				},
				{
					"when": "Meat Cleaver",
					"model": {
						"type": "model",
						"model": "item/netherite_sword/meat_cleaver"
					}
				},
				{
					"when": "Mauler",
					"model": {
						"type": "model",
						"model": "item/netherite_sword/mauler"
					}
				},
				{
					"when": "Snowflake",
					"model": {
						"type": "model",
						"model": "item/netherite_sword/snowflake"
					}
				},
				{
					"when": "Death's Scythe",
					"model": {
						"type": "model",
						"model": "item/netherite_sword/death_scythe"
					}
				},
				{
					"when": "Golf Club",
					"model": {
						"type": "model",
						"model": "item/netherite_sword/golf_club"
					}
				},
				{
					"when": "Spatula",
					"model": {
						"type": "model",
						"model": "item/netherite_sword/spatula"
					}
				},
				{
					"when": "Jake The Sword",
					"model": {
						"type": "model",
						"model": "item/netherite_sword/jake_the_sword"
					}
				},
				{
					"when": "Prismarine Gauntlet",
					"model": {
						"type": "model",
						"model": "item/netherite_sword/prismarine_gauntlet"
					}
				},
				{
					"when": "Golden Gauntlet",
					"model": {
						"type": "model",
						"model": "item/netherite_sword/golden_gauntlet"
					}
				},
				{
					"when": "Red Gauntlet",
					"model": {
						"type": "model",
						"model": "item/netherite_sword/red_gauntlet"
					}
				},
				{
					"when": "Order of the Stone Gauntlet",
					"model": {
						"type": "model",
						"model": "item/netherite_sword/order_of_the_stone_gauntlet"
					}
				},
				{
					"when": "Creed Sword",
					"model": {
						"type": "model",
						"model": "item/netherite_sword/creed_sword"
					}
				},
				{
					"when": "Jailor's Scythe",
					"model": {
						"type": "model",
						"model": "item/netherite_sword/jailor_scythe"
					}
				},
				{
					"when": "Frost Scythe",
					"model": {
						"type": "model",
						"model": "item/netherite_sword/frost_scythe"
					}
				},
				{
					"when": "Soul Scythe",
					"model": {
						"type": "condition",
						"model": "item/netherite_sword/soul_scythe",
						"property": "component",
						"predicate": "enchantments",
						"value": [
							{
								"enchantments": "fire_aspect"
							}
						],
						"on_true": {
							"type": "model",
							"model": "item/netherite_sword/soul_scythe_fire_aspect"
						},
						"on_false": {
							"type": "model",
							"model": "item/netherite_sword/soul_scythe"
						}
					}
				},
				{
					"when": "Bone Scythe",
					"model": {
						"type": "model",
						"model": "item/netherite_sword/bone_scythe"
					}
				},
				{
					"when": "Mechanized Sawblade",
					"model": {
						"type": "model",
						"model": "item/netherite_sword/mechanized_sawblade"
					}
				},
				{
					"when": "Molten Sawblade",
					"model": {
						"type": "model",
						"model": "item/netherite_sword/molten_sawblade"
					}
				},
				{
					"when": "Broom",
					"model": {
						"type": "model",
						"model": "item/netherite_sword/broom"
					}
				},
				{
					"when": "Spine Chill Spear",
					"model": {
						"type": "model",
						"model": "item/netherite_sword/spine_chill_spear"
					}
				},
				{
					"when": "Venom Glaive",
					"model": {
						"type": "model",
						"model": "item/netherite_sword/venom_glaive"
					}
				},
				{
					"when": "Whispering Spear",
					"model": {
						"type": "model",
						"model": "item/netherite_sword/whispering_spear"
					}
				},
				{
					"when": "The Starless Night",
					"model": {
						"type": "model",
						"model": "item/netherite_sword/the_starless_night"
					}
				},
				{
					"when": "Obsidian Broadsword",
					"model": {
						"type": "condition",
						"model": "item/netherite_sword/obsidian_broadsword",
						"property": "component",
						"predicate": "enchantments",
						"value": [
							{
								"enchantments": [
									"sharpness",
									"bane_of_arthropods",
									"smite"
								],
								"levels": 5
							}
						],
						"on_true": {
							"type": "model",
							"model": "item/netherite_sword/obsidian_broadsword_sharpness"
						},
						"on_false": {
							"type": "model",
							"model": "item/netherite_sword/obsidian_broadsword"
						}
					}
				},
				{
					"when": "Obsidian Claymore",
					"model": {
						"type": "model",
						"model": "item/netherite_sword/obsidian_claymore"
					}
				},
				{
					"when": "The Soul Mirror",
					"model": {
						"type": "model",
						"model": "item/netherite_sword/the_soul_mirror"
					}
				},
				{
					"when": "Pink Eye",
					"model": {
						"type": "model",
						"model": "item/netherite_sword/pink_eye"
					}
				},
				{
					"when": "Eye of Damage",
					"model": {
						"type": "model",
						"model": "item/netherite_sword/eye_of_damage"
					}
				},
				{
					"when": "Static Link",
					"model": {
						"type": "model",
						"model": "item/netherite_sword/static_link"
					}
				},
				{
					"when": "Corrupted Chunk",
					"model": {
						"type": "condition",
						"model": "item/netherite_sword/corrupted_chunk",
						"property": "component",
						"predicate": "enchantments",
						"value": [
							{
								"enchantments": [
									"sharpness",
									"bane_of_arthropods",
									"smite"
								],
								"levels": 5
							}
						],
						"on_true": {
							"type": "model",
							"model": "item/netherite_sword/corrupted_chunk_sharpness"
						},
						"on_false": {
							"type": "model",
							"model": "item/netherite_sword/corrupted_chunk"
						}
					}
				},
				{
					"when": "Heartstealer",
					"model": {
						"type": "model",
						"model": "item/netherite_sword/heartstealer"
					}
				},
				{
					"when": "Truthseeker",
					"model": {
						"type": "model",
						"model": "item/netherite_sword/truthseeker"
					}
				},
				{
					"when": "Eternal Knife",
					"model": {
						"type": "model",
						"model": "item/netherite_sword/eternal_knife"
					}
				},
				{
					"when": "Void Touched Blade",
					"model": {
						"type": "model",
						"model": "item/netherite_sword/void_touched_blade"
					}
				},
				{
					"when": [
						"The Beginning",
						"The End",
						"The Beginning and The End"
					],
					"model": {
						"type": "model",
						"model": "item/netherite_sword/the_beginning_and_the_end"
					}
				},
				{
					"when": "Cursed Blade",
					"model": {
						"type": "model",
						"model": "item/netherite_sword/cursed_blade"
					}
				},
				{
					"when": "Sponge Striker",
					"model": {
						"type": "model",
						"model": "item/netherite_sword/sponge_striker"
					}
				},
				{
					"when": "Sinister Sword",
					"model": {
						"type": "condition",
						"model": "item/netherite_sword/sinister_sword",
						"property": "component",
						"predicate": "enchantments",
						"value": [
							{
								"enchantments": [
									"sharpness",
									"bane_of_arthropods",
									"smite"
								],
								"levels": 5
							}
						],
						"on_true": {
							"type": "model",
							"model": "item/netherite_sword/sinister_sword_sharpness"
						},
						"on_false": {
							"type": "model",
							"model": "item/netherite_sword/sinister_sword"
						}
					}
				},
				{
					"when": "Dark Katana",
					"model": {
						"type": "model",
						"model": "item/netherite_sword/dark_katana"
					}
				},
				{
					"when": "Sakura Sword",
					"model": {
						"type": "model",
						"model": "item/netherite_sword/sakura_sword"
					}
				},
				{
					"when": "Masamune",
					"model": {
						"type": "model",
						"model": "item/netherite_sword/masamune"
					}
				},
				{
					"when": "Master's Katana",
					"model": {
						"type": "model",
						"model": "item/netherite_sword/master_katana"
					}
				},
				{
					"when": "Lava Infused Blade",
					"model": {
						"type": "model",
						"model": "item/netherite_sword/lava_infused_blade"
					}
				},
				{
					"when": "Frost Slayer",
					"model": {
						"type": "model",
						"model": "item/netherite_sword/frost_slayer"
					}
				},
				{
					"when": "Fang of Frost",
					"model": {
						"type": "model",
						"model": "item/netherite_sword/fang_of_frost"
					}
				},
				{
					"when": "Nightmare's Bite",
					"model": {
						"type": "model",
						"model": "item/netherite_sword/nightmare_bite"
					}
				},
				{
					"when": "Galaxy Sword",
					"model": {
						"type": "model",
						"model": "item/netherite_sword/galaxy_sword"
					}
				},
				{
					"when": "Dark Galaxy Sword",
					"model": {
						"type": "model",
						"model": "item/netherite_sword/dark_galaxy_sword"
					}
				},
				{
					"when": "Galactic Sword",
					"model": {
						"type": "model",
						"model": "item/netherite_sword/galactic_sword"
					}
				},
				{
					"when": "Swift Striker",
					"model": {
						"type": "model",
						"model": "item/netherite_sword/swift_striker"
					}
				},
				{
					"when": "Master's Dagger",
					"model": {
						"type": "model",
						"model": "item/netherite_sword/master_dagger"
					}
				},
				{
					"when": "Portal Buster Sword",
					"model": {
						"type": "model",
						"model": "item/netherite_sword/portal_buster_sword"
					}
				},
				{
					"when": "Dust Storm",
					"model": {
						"type": "model",
						"model": "item/netherite_sword/dust_storm"
					}
				},
				{
					"when": "Plate Knuckle",
					"model": {
						"type": "model",
						"model": "item/netherite_sword/plate_knuckle"
					}
				},
				{
					"when": "Sheer Dagger",
					"model": {
						"type": "model",
						"model": "item/netherite_sword/sheer_dagger"
					}
				},
				{
					"when": "Moon Dagger",
					"model": {
						"type": "select",
						"cases": [
							{
								"model": {
									"type": "range_dispatch",
									"entries": [
										{
											"model": {
												"type": "model",
												"model": "item/netherite_sword/moon_dagger/moon_dagger_00"
											},
											"threshold": 0
										},
										{
											"model": {
												"type": "model",
												"model": "item/netherite_sword/moon_dagger/moon_dagger_01"
											},
											"threshold": 0.5
										},
										{
											"model": {
												"type": "model",
												"model": "item/netherite_sword/moon_dagger/moon_dagger_02"
											},
											"threshold": 1.5
										},
										{
											"model": {
												"type": "model",
												"model": "item/netherite_sword/moon_dagger/moon_dagger_03"
											},
											"threshold": 2.5
										},
										{
											"model": {
												"type": "model",
												"model": "item/netherite_sword/moon_dagger/moon_dagger_04"
											},
											"threshold": 3.5
										},
										{
											"model": {
												"type": "model",
												"model": "item/netherite_sword/moon_dagger/moon_dagger_05"
											},
											"threshold": 4.5
										},
										{
											"model": {
												"type": "model",
												"model": "item/netherite_sword/moon_dagger/moon_dagger_06"
											},
											"threshold": 5.5
										},
										{
											"model": {
												"type": "model",
												"model": "item/netherite_sword/moon_dagger/moon_dagger_07"
											},
											"threshold": 6.5
										},
										{
											"model": {
												"type": "model",
												"model": "item/netherite_sword/moon_dagger/moon_dagger_08"
											},
											"threshold": 7.5
										},
										{
											"model": {
												"type": "model",
												"model": "item/netherite_sword/moon_dagger/moon_dagger_09"
											},
											"threshold": 8.5
										},
										{
											"model": {
												"type": "model",
												"model": "item/netherite_sword/moon_dagger/moon_dagger_10"
											},
											"threshold": 9.5
										},
										{
											"model": {
												"type": "model",
												"model": "item/netherite_sword/moon_dagger/moon_dagger_11"
											},
											"threshold": 10.5
										},
										{
											"model": {
												"type": "model",
												"model": "item/netherite_sword/moon_dagger/moon_dagger_12"
											},
											"threshold": 11.5
										},
										{
											"model": {
												"type": "model",
												"model": "item/netherite_sword/moon_dagger/moon_dagger_13"
											},
											"threshold": 12.5
										},
										{
											"model": {
												"type": "model",
												"model": "item/netherite_sword/moon_dagger/moon_dagger_14"
											},
											"threshold": 13.5
										},
										{
											"model": {
												"type": "model",
												"model": "item/netherite_sword/moon_dagger/moon_dagger_15"
											},
											"threshold": 14.5
										},
										{
											"model": {
												"type": "model",
												"model": "item/netherite_sword/moon_dagger/moon_dagger_16"
											},
											"threshold": 15.5
										},
										{
											"model": {
												"type": "model",
												"model": "item/netherite_sword/moon_dagger/moon_dagger_15"
											},
											"threshold": 16.5
										},
										{
											"model": {
												"type": "model",
												"model": "item/netherite_sword/moon_dagger/moon_dagger_14"
											},
											"threshold": 17.5
										},
										{
											"model": {
												"type": "model",
												"model": "item/netherite_sword/moon_dagger/moon_dagger_13"
											},
											"threshold": 18.5
										},
										{
											"model": {
												"type": "model",
												"model": "item/netherite_sword/moon_dagger/moon_dagger_12"
											},
											"threshold": 19.5
										},
										{
											"model": {
												"type": "model",
												"model": "item/netherite_sword/moon_dagger/moon_dagger_11"
											},
											"threshold": 20.5
										},
										{
											"model": {
												"type": "model",
												"model": "item/netherite_sword/moon_dagger/moon_dagger_10"
											},
											"threshold": 21.5
										},
										{
											"model": {
												"type": "model",
												"model": "item/netherite_sword/moon_dagger/moon_dagger_09"
											},
											"threshold": 22.5
										},
										{
											"model": {
												"type": "model",
												"model": "item/netherite_sword/moon_dagger/moon_dagger_08"
											},
											"threshold": 23.5
										},
										{
											"model": {
												"type": "model",
												"model": "item/netherite_sword/moon_dagger/moon_dagger_07"
											},
											"threshold": 24.5
										},
										{
											"model": {
												"type": "model",
												"model": "item/netherite_sword/moon_dagger/moon_dagger_06"
											},
											"threshold": 25.5
										},
										{
											"model": {
												"type": "model",
												"model": "item/netherite_sword/moon_dagger/moon_dagger_05"
											},
											"threshold": 26.5
										},
										{
											"model": {
												"type": "model",
												"model": "item/netherite_sword/moon_dagger/moon_dagger_04"
											},
											"threshold": 27.5
										},
										{
											"model": {
												"type": "model",
												"model": "item/netherite_sword/moon_dagger/moon_dagger_03"
											},
											"threshold": 28.5
										},
										{
											"model": {
												"type": "model",
												"model": "item/netherite_sword/moon_dagger/moon_dagger_02"
											},
											"threshold": 29.5
										},
										{
											"model": {
												"type": "model",
												"model": "item/netherite_sword/moon_dagger/moon_dagger_01"
											},
											"threshold": 30.5
										},
										{
											"model": {
												"type": "model",
												"model": "item/netherite_sword/moon_dagger/moon_dagger_00"
											},
											"threshold": 31.5
										}
									],
									"property": "time",
									"scale": 32,
									"source": "daytime",
									"fallback": {
										"type": "model",
										"model": "item/netherite_sword/moon_dagger/moon_dagger_00"
									}
								},
								"when": "overworld"
							}
						],
						"fallback": {
							"type": "model",
							"model": "item/netherite_sword/moon_dagger/moon_dagger_00"
						},
						"property": "context_dimension"
					}
				},
				{
					"when": "Resolute Tempest Knife",
					"model": {
						"type": "model",
						"model": "item/netherite_sword/resolute_tempest_knife"
					}
				},
				{
					"when": "Chill Gale Knife",
					"model": {
						"type": "model",
						"model": "item/netherite_sword/chill_gale_knife"
					}
				},
				{
					"when": "Bee Stinger",
					"model": {
						"type": "model",
						"model": "item/netherite_sword/bee_stinger"
					}
				},
				{
					"when": "Freezing Foil",
					"model": {
						"type": "model",
						"model": "item/netherite_sword/freezing_foil"
					}
				},
				{
					"when": "Sparkler",
					"model": {
						"type": "model",
						"model": "item/netherite_sword/sparkler"
					}
				},
				{
					"when": "Razor Blade",
					"model": {
						"type": "model",
						"model": "item/netherite_sword/razor_blade"
					}
				},
				{
					"when": "Order of the Stone Sword",
					"model": {
						"type": "model",
						"model": "item/netherite_sword/order_of_the_stone_sword"
					}
				},
				{
					"when": "The Howling Peak",
					"model": {
						"type": "model",
						"model": "item/netherite_sword/the_howling_peak"
					}
				},
				{
					"when": "Golden Goliath Glaive",
					"model": {
						"type": "model",
						"model": "item/netherite_sword/golden_goliath_glaive"
					}
				},
				{
					"when": "End Splitter",
					"model": {
						"type": "model",
						"model": "item/netherite_sword/end_splitter"
					}
				},
				{
					"when": "Battlestaff of Terror",
					"model": {
						"type": "model",
						"model": "item/netherite_sword/battlestaff_of_terror"
					}
				},
				{
					"when": "Growing Staff",
					"model": {
						"type": "model",
						"model": "item/netherite_sword/growing_staff"
					}
				},
				{
					"when": "Tim's Sword",
					"model": {
						"type": "model",
						"model": "item/netherite_sword/tim_sword"
					}
				},
				{
					"when": "Shieldbreaker Sword",
					"model": {
						"type": "model",
						"model": "item/netherite_sword/shieldbreaker_sword"
					}
				},
				{
					"when": "Twinkling Eye",
					"model": {
						"type": "model",
						"model": "item/netherite_sword/twinkling_eye"
					}
				},
				{
					"when": "Dragonsbane Sword",
					"model": {
						"type": "model",
						"model": "item/netherite_sword/dragonsbane_sword"
					}
				},
				{
					"when": "Dragonheart Sword",
					"model": {
						"type": "model",
						"model": "item/netherite_sword/dragonheart_sword"
					}
				},
				{
					"when": "Thorned Heart",
					"model": {
						"type": "model",
						"model": "item/netherite_sword/thorned_heart"
					}
				},
				{
					"when": "The Taker",
					"model": {
						"type": "condition",
						"model": "item/netherite_sword/the_taker",
						"property": "component",
						"predicate": "enchantments",
						"value": [
							{
								"enchantments": [
									"sharpness",
									"bane_of_arthropods",
									"smite"
								],
								"levels": 5
							}
						],
						"on_true": {
							"type": "model",
							"model": "item/netherite_sword/the_taker_sharpness"
						},
						"on_false": {
							"type": "model",
							"model": "item/netherite_sword/the_taker"
						}
					}
				},
				{
					"when": "The Giver",
					"model": {
						"type": "condition",
						"model": "item/netherite_sword/the_giver",
						"property": "component",
						"predicate": "enchantments",
						"value": [
							{
								"enchantments": [
									"sharpness",
									"bane_of_arthropods",
									"smite"
								],
								"levels": 5
							}
						],
						"on_true": {
							"type": "model",
							"model": "item/netherite_sword/the_giver_sharpness"
						},
						"on_false": {
							"type": "model",
							"model": "item/netherite_sword/the_giver"
						}
					}
				},
				{
					"when": "Ancient End Sword",
					"model": {
						"type": "model",
						"model": "item/netherite_sword/ancient_end_sword"
					}
				},
				{
					"when": "Ender Defender Sword",
					"model": {
						"type": "model",
						"model": "item/netherite_sword/ender_defender_sword"
					}
				},
				{
					"when": "Snow Blade",
					"model": {
						"type": "model",
						"model": "item/netherite_sword/snow_blade"
					}
				},
				{
					"when": "Crystal Blade",
					"model": {
						"type": "model",
						"model": "item/netherite_sword/crystal_blade"
					}
				},
				{
					"when": "Bleeding Edge",
					"model": {
						"type": "model",
						"model": "item/netherite_sword/bleeding_edge"
					}
				},
				{
					"when": "Star Sword",
					"model": {
						"type": "model",
						"model": "item/netherite_sword/star_sword"
					}
				},
				{
					"when": "Golden Goliath Sword",
					"model": {
						"type": "model",
						"model": "item/netherite_sword/golden_goliath_sword"
					}
				},
				{
					"when": "Corrupted Blade",
					"model": {
						"type": "model",
						"model": "item/netherite_sword/corrupted_blade"
					}
				},
				{
					"when": "Magnus' Sword",
					"model": {
						"type": "model",
						"model": "item/netherite_sword/magnus_sword"
					}
				},
				{
					"when": "Ellegaard's Sword",
					"model": {
						"type": "model",
						"model": "item/netherite_sword/ellegaard_sword"
					}
				},
				{
					"when": "Space Sword",
					"model": {
						"type": "model",
						"model": "item/netherite_sword/space_sword"
					}
				},
				{
					"when": "Vortex Sword",
					"model": {
						"type": "model",
						"model": "item/netherite_sword/vortex_sword"
					}
				},
				{
					"when": "Dragonslayer Sword",
					"model": {
						"type": "model",
						"model": "item/netherite_sword/dragonslayer_sword"
					}
				},
				{
					"when": "Dragonmaster Sword",
					"model": {
						"type": "model",
						"model": "item/netherite_sword/dragonmaster_sword"
					}
				},
				{
					"when": "Scarlet Sword",
					"model": {
						"type": "model",
						"model": "item/netherite_sword/scarlet_sword"
					}
				},
				{
					"when": "Robot Sword",
					"model": {
						"type": "condition",
						"model": "item/netherite_sword/robot_sword",
						"property": "component",
						"predicate": "enchantments",
						"value": [
							{
								"enchantments": [
									"sharpness",
									"bane_of_arthropods",
									"smite"
								],
								"levels": 5
							}
						],
						"on_true": {
							"type": "model",
							"model": "item/netherite_sword/robot_sword_sharpness"
						},
						"on_false": {
							"type": "model",
							"model": "item/netherite_sword/robot_sword"
						}
					}
				},
				{
					"when": "Robot Dancer's Sword",
					"model": {
						"type": "model",
						"model": "item/netherite_sword/robot_dancers_sword"
					}
				},
				{
					"when": "Droid Sword",
					"model": {
						"type": "condition",
						"model": "item/netherite_sword/droid_sword",
						"property": "component",
						"predicate": "enchantments",
						"value": [
							{
								"enchantments": [
									"sharpness",
									"bane_of_arthropods",
									"smite"
								],
								"levels": 5
							}
						],
						"on_true": {
							"type": "model",
							"model": "item/netherite_sword/droid_sword_sharpness"
						},
						"on_false": {
							"type": "model",
							"model": "item/netherite_sword/droid_sword"
						}
					}
				},
				{
					"when": "Droid Dancer's Sword",
					"model": {
						"type": "model",
						"model": "item/netherite_sword/droid_dancers_sword"
					}
				},
				{
					"when": "Combat Sword",
					"model": {
						"type": "model",
						"model": "item/netherite_sword/combat_sword"
					}
				},
				{
					"when": "Small Rapier",
					"model": {
						"type": "model",
						"model": "item/netherite_sword/small_rapier"
					}
				},
				{
					"when": "Grass Katana",
					"model": {
						"type": "select",
						"model": "item/netherite_sword/grass_katana",
						"property": "display_context",
						"cases": [
							{
								"when": [
									"thirdperson_lefthand",
									"thirdperson_righthand"
								],
								"model": {
									"type": "model",
									"model": "item/netherite_sword/grass_katana_handheld"
								}
							}
						],
						"fallback": {
							"type": "model",
							"model": "item/netherite_sword/grass_katana"
						}
					}
				},
				{
					"when": "The Red Rascal",
					"model": {
						"type": "model",
						"model": "item/netherite_sword/the_red_rascal"
					}
				},
				{
					"when": "Void Sword",
					"model": {
						"type": "model",
						"model": "item/netherite_sword/void_sword"
					}
				},
				{
					"when": "Root Sword",
					"model": {
						"type": "model",
						"model": "item/netherite_sword/root_sword"
					}
				},
				{
					"when": "Player Sword",
					"model": {
						"type": "model",
						"model": "item/netherite_sword/player_sword"
					}
				},
				{
					"when": "Sword of Battle",
					"model": {
						"type": "model",
						"model": "item/netherite_sword/sword_of_battle"
					}
				},
				{
					"when": "Mechanical Breaker Sword",
					"model": {
						"type": "model",
						"model": "item/netherite_sword/mechanical_breaker_sword"
					}
				},
				{
					"when": "Breaker Sword",
					"model": {
						"type": "model",
						"model": "item/netherite_sword/breaker_sword"
					}
				},
				{
					"when": "Adventure Sword",
					"model": {
						"type": "model",
						"model": "item/netherite_sword/adventure_sword"
					}
				},
				{
					"when": "Creator's Claymore",
					"model": {
						"type": "model",
						"model": "item/netherite_sword/creator_claymore"
					}
				},
				{
					"when": "Binding Sword",
					"model": {
						"type": "model",
						"model": "item/netherite_sword/binding_sword"
					}
				},
				{
					"when": "Awakened Sword",
					"model": {
						"type": "model",
						"model": "item/netherite_sword/awakened_sword"
					}
				},
				{
					"when": "Ultra Sword",
					"model": {
						"type": "model",
						"model": "item/netherite_sword/ultra_sword"
					}
				},
				{
					"when": "Journey Sword",
					"model": {
						"type": "model",
						"model": "item/netherite_sword/journey_sword"
					}
				},
				{
					"when": "Overworld's Key",
					"model": {
						"type": "model",
						"model": "item/netherite_sword/overworld_key"
					}
				},
				{
					"when": "Romeo's Sword",
					"model": {
						"type": "condition",
						"model": "item/netherite_sword/romeo_sword",
						"property": "component",
						"predicate": "enchantments",
						"value": [
							{
								"enchantments": [
									"sharpness",
									"bane_of_arthropods",
									"smite"
								],
								"levels": 5
							}
						],
						"on_true": {
							"type": "model",
							"model": "item/netherite_sword/romeo_sword_sharpness"
						},
						"on_false": {
							"type": "model",
							"model": "item/netherite_sword/romeo_sword"
						}
					}
				},
				{
					"when": "Fred's Sword",
					"model": {
						"type": "condition",
						"model": "item/netherite_sword/fred_sword",
						"property": "component",
						"predicate": "enchantments",
						"value": [
							{
								"enchantments": [
									"sharpness",
									"bane_of_arthropods",
									"smite"
								],
								"levels": 5
							}
						],
						"on_true": {
							"type": "model",
							"model": "item/netherite_sword/fred_sword_sharpness"
						},
						"on_false": {
							"type": "model",
							"model": "item/netherite_sword/fred_sword"
						}
					}
				},
				{
					"when": "Xara's Sword",
					"model": {
						"type": "condition",
						"model": "item/netherite_sword/xara_sword",
						"property": "component",
						"predicate": "enchantments",
						"value": [
							{
								"enchantments": [
									"sharpness",
									"bane_of_arthropods",
									"smite"
								],
								"levels": 5
							}
						],
						"on_true": {
							"type": "model",
							"model": "item/netherite_sword/xara_sword_sharpness"
						},
						"on_false": {
							"type": "model",
							"model": "item/netherite_sword/xara_sword"
						}
					}
				},
				{
					"when": "Living Myth Sword",
					"model": {
						"type": "model",
						"model": "item/netherite_sword/living_myth_sword"
					}
				},
				{
					"when": "Living Flame Sword",
					"model": {
						"type": "model",
						"model": "item/netherite_sword/living_flame_sword"
					}
				},
				{
					"when": "Xeno Sword",
					"model": {
						"type": "model",
						"model": "item/netherite_sword/xeno_sword"
					}
				},
				{
					"when": "Master's Sword",
					"model": {
						"type": "condition",
						"model": "item/netherite_sword/master_sword",
						"property": "component",
						"predicate": "enchantments",
						"value": [
							{
								"enchantments": [
									"sharpness",
									"bane_of_arthropods",
									"smite"
								],
								"levels": 5
							}
						],
						"on_true": {
							"type": "model",
							"model": "item/netherite_sword/master_sword_sharpness"
						},
						"on_false": {
							"type": "model",
							"model": "item/netherite_sword/master_sword"
						}
					}
				},
				{
					"when": "Ruby Master's Sword",
					"model": {
						"type": "condition",
						"model": "item/netherite_sword/ruby_master_sword",
						"property": "component",
						"predicate": "enchantments",
						"value": [
							{
								"enchantments": [
									"sharpness",
									"bane_of_arthropods",
									"smite"
								],
								"levels": 5
							}
						],
						"on_true": {
							"type": "model",
							"model": "item/netherite_sword/ruby_master_sword_sharpness"
						},
						"on_false": {
							"type": "model",
							"model": "item/netherite_sword/ruby_master_sword"
						}
					}
				},
				{
					"when": "Fierce Master's Sword",
					"model": {
						"type": "condition",
						"model": "item/netherite_sword/fierce_master_sword",
						"property": "component",
						"predicate": "enchantments",
						"value": [
							{
								"enchantments": [
									"sharpness",
									"bane_of_arthropods",
									"smite"
								],
								"levels": 5
							}
						],
						"on_true": {
							"type": "model",
							"model": "item/netherite_sword/fierce_master_sword_sharpness"
						},
						"on_false": {
							"type": "model",
							"model": "item/netherite_sword/fierce_master_sword"
						}
					}
				},
				{
					"when": "Royal Master's Sword",
					"model": {
						"type": "condition",
						"model": "item/netherite_sword/royal_master_sword",
						"property": "component",
						"predicate": "enchantments",
						"value": [
							{
								"enchantments": [
									"sharpness",
									"bane_of_arthropods",
									"smite"
								],
								"levels": 5
							}
						],
						"on_true": {
							"type": "model",
							"model": "item/netherite_sword/royal_master_sword_sharpness"
						},
						"on_false": {
							"type": "model",
							"model": "item/netherite_sword/royal_master_sword"
						}
					}
				},
				{
					"when": "Royal Sword",
					"model": {
						"type": "model",
						"model": "item/netherite_sword/royal_sword"
					}
				},
				{
					"when": "Skyward Master's Sword",
					"model": {
						"type": "condition",
						"model": "item/netherite_sword/skyward_master_sword",
						"property": "component",
						"predicate": "enchantments",
						"value": [
							{
								"enchantments": [
									"sharpness",
									"bane_of_arthropods",
									"smite"
								],
								"levels": 5
							}
						],
						"on_true": {
							"type": "model",
							"model": "item/netherite_sword/skyward_master_sword_sharpness"
						},
						"on_false": {
							"type": "model",
							"model": "item/netherite_sword/skyward_master_sword"
						}
					}
				},
				{
					"when": "Dark Master's Sword",
					"model": {
						"type": "condition",
						"model": "item/netherite_sword/dark_master_sword",
						"property": "component",
						"predicate": "enchantments",
						"value": [
							{
								"enchantments": [
									"sharpness",
									"bane_of_arthropods",
									"smite"
								],
								"levels": 5
							}
						],
						"on_true": {
							"type": "model",
							"model": "item/netherite_sword/dark_master_sword_sharpness"
						},
						"on_false": {
							"type": "model",
							"model": "item/netherite_sword/dark_master_sword"
						}
					}
				},
				{
					"when": "Command Block Sword",
					"model": {
						"type": "condition",
						"model": "item/netherite_sword/command_block_sword",
						"property": "component",
						"predicate": "enchantments",
						"value": [
							{
								"enchantments": [
									"sharpness",
									"bane_of_arthropods",
									"smite"
								],
								"levels": 5
							}
						],
						"on_true": {
							"type": "model",
							"model": "item/netherite_sword/command_block_sword_sharpness"
						},
						"on_false": {
							"type": "model",
							"model": "item/netherite_sword/command_block_sword"
						}
					}
				},
				{
					"when": "Lightning Sword",
					"model": {
						"type": "model",
						"model": "item/netherite_sword/lightning_sword"
					}
				},
				{
					"when": "Fortune Spear",
					"model": {
						"type": "model",
						"model": "item/netherite_sword/fortune_spear"
					}
				},
				{
					"when": "Killing Edge",
					"model": {
						"type": "model",
						"model": "item/netherite_sword/killing_edge"
					}
				},
				{
					"when": "Tower Glaive",
					"model": {
						"type": "model",
						"model": "item/netherite_sword/tower_glaive"
					}
				},
				{
					"when": "Creator's Glaive",
					"model": {
						"type": "model",
						"model": "item/netherite_sword/creator_glaive"
					}
				},
				{
					"when": "Nameless Blade",
					"model": {
						"type": "model",
						"model": "item/netherite_sword/nameless_blade"
					}
				},
				{
					"when": "Necromancer Blade",
					"model": {
						"type": "model",
						"model": "item/netherite_sword/necromancer_blade"
					}
				},
				{
					"when": "Ender Dragon Blade",
					"model": {
						"type": "model",
						"model": "item/netherite_sword/ender_dragon_blade"
					}
				},
				{
					"when": "CYKLOPPS' Sword",
					"model": {
						"type": "model",
						"model": "item/netherite_sword/cyklopps_sword"
					}
				},
				{
					"when": "Wrench",
					"model": {
						"type": "condition",
						"model": "item/netherite_sword/wrench",
						"property": "component",
						"predicate": "enchantments",
						"value": [
							{
								"enchantments": "fire_aspect"
							}
						],
						"on_true": {
							"type": "model",
							"model": "item/netherite_sword/wrench_fire_aspect"
						},
						"on_false": {
							"type": "model",
							"model": "item/netherite_sword/wrench"
						}
					}
				},
				{
					"when": "Claws",
					"model": {
						"type": "model",
						"model": "item/netherite_sword/claws"
					}
				},
				{
					"when": "Hidden Blade",
					"model": {
						"type": "model",
						"model": "item/netherite_sword/hidden_blade"
					}
				},
				{
					"when": "Shovel",
					"model": {
						"type": "model",
						"model": "item/netherite_sword/shovel"
					}
				},
				{
					"when": "Karambit",
					"model": {
						"type": "model",
						"model": "item/netherite_sword/karambit"
					}
				},
				{
					"when": "Potato Peeler",
					"model": {
						"type": "model",
						"model": "item/netherite_sword/potato_peeler"
					}
				},
				{
					"when": "Sickle",
					"model": {
						"type": "model",
						"model": "item/netherite_sword/sickle"
					}
				},
				{
					"when": "Tempest Knife",
					"model": {
						"type": "model",
						"model": "item/netherite_sword/tempest_knife"
					}
				},
				{
					"when": "Coral Blade",
					"model": {
						"type": "model",
						"model": "item/netherite_sword/coral_blade"
					}
				},
				{
					"when": "Dagger",
					"model": {
						"type": "model",
						"model": "item/netherite_sword/dagger"
					}
				},
				{
					"when": "Scythe",
					"model": {
						"type": "model",
						"model": "item/netherite_sword/scythe"
					}
				},
				{
					"when": "Rapier",
					"model": {
						"type": "model",
						"model": "item/netherite_sword/rapier"
					}
				},
				{
					"when": "Soul Knife",
					"model": {
						"type": "model",
						"model": "item/netherite_sword/soul_knife"
					}
				},
				{
					"when": "Broadsword",
					"model": {
						"type": "model",
						"model": "item/netherite_sword/broadsword"
					}
				},
				{
					"when": "Cutlass",
					"model": {
						"type": "model",
						"model": "item/netherite_sword/cutlass"
					}
				},
				{
					"when": "Claymore",
					"model": {
						"type": "model",
						"model": "item/netherite_sword/claymore"
					}
				},
				{
					"when": "Glaive",
					"model": {
						"type": "model",
						"model": "item/netherite_sword/glaive"
					}
				},
				{
					"when": "Spear",
					"model": {
						"type": "model",
						"model": "item/netherite_sword/spear"
					}
				},
				{
					"when": "Backstabber",
					"model": {
						"type": "model",
						"model": "item/netherite_sword/backstabber"
					}
				},
				{
					"when": "Dancer's Sword",
					"model": {
						"type": "model",
						"model": "item/netherite_sword/dancers_sword"
					}
				},
				{
					"when": "Katana",
					"model": {
						"type": "model",
						"model": "item/netherite_sword/katana"
					}
				},
				{
					"when": "Sawblade",
					"model": {
						"type": "model",
						"model": "item/netherite_sword/sawblade"
					}
				},
				{
					"when": "Battlestaff",
					"model": {
						"type": "model",
						"model": "item/netherite_sword/battlestaff"
					}
				},
				{
					"when": "Tube Coral Blade",
					"model": {
						"type": "model",
						"model": "item/netherite_sword/tube_coral_blade"
					}
				},
				{
					"when": "Horn Coral Blade",
					"model": {
						"type": "model",
						"model": "item/netherite_sword/horn_coral_blade"
					}
				},
				{
					"when": "Bubble Coral Blade",
					"model": {
						"type": "model",
						"model": "item/netherite_sword/bubble_coral_blade"
					}
				},
				{
					"when": "Brain Coral Blade",
					"model": {
						"type": "model",
						"model": "item/netherite_sword/brain_coral_blade"
					}
				},
				{
					"when": "Fire Coral Blade",
					"model": {
						"type": "model",
						"model": "item/netherite_sword/fire_coral_blade"
					}
				},
				{
					"when": "Adamantium Impervium Sword",
					"model": {
						"type": "model",
						"model": "item/netherite_sword/adamantium_impervium_sword"
					}
				},
				{
					"when": "Golden Apple Sword",
					"model": {
						"type": "model",
						"model": "item/netherite_sword/golden_apple_sword"
					}
				},
				{
					"when": "Petra's Sword",
					"model": {
						"type": "model",
						"model": "item/netherite_sword/petra_sword"
					}
				},
				{
					"when": "Gabriel's Sword",
					"model": {
						"type": "model",
						"model": "item/netherite_sword/gabriel_sword"
					}
				},
				{
					"when": "Ivor's Sword",
					"model": {
						"type": "model",
						"model": "item/netherite_sword/ivor_sword"
					}
				},
				{
					"when": "Heavy Sword",
					"model": {
						"type": "model",
						"model": "item/netherite_sword/heavy_sword"
					}
				},
				{
					"when": "Prismarine Sword",
					"model": {
						"type": "model",
						"model": "item/netherite_sword/prismarine_sword"
					}
				},
				{
					"when": "Poisonous Potato Sword",
					"model": {
						"type": "model",
						"model": "item/netherite_sword/poisonous_potato_sword"
					}
				},
				{
					"when": "Redstone Riot Sword",
					"model": {
						"type": "model",
						"model": "item/netherite_sword/redstone_riot_sword"
					}
				},
				{
					"when": "Sword of Infinity",
					"model": {
						"type": "model",
						"model": "item/netherite_sword/sword_of_infinity"
					}
				},
				{
					"when": "Idol Keytar",
					"model": {
						"type": "model",
						"model": "item/netherite_sword/idol_keytar"
					}
				},
				{
					"when": "Brite Keytar",
					"model": {
						"type": "model",
						"model": "item/netherite_sword/brite_keytar"
					}
				},
				{
					"when": "Candy Sword",
					"model": {
						"type": "model",
						"model": "item/netherite_sword/candy_sword"
					}
				},
				{
					"when": "Kemetian Sword",
					"model": {
						"type": "model",
						"model": "item/netherite_sword/kemetian_sword"
					}
				},
				{
					"when": "Hellenic Sword",
					"model": {
						"type": "model",
						"model": "item/netherite_sword/hellenic_sword"
					}
				},
				{
					"when": "Sinitic Sword",
					"model": {
						"type": "model",
						"model": "item/netherite_sword/sinitic_sword"
					}
				},
				{
					"when": "Fantasy Sword",
					"model": {
						"type": "model",
						"model": "item/netherite_sword/fantasy_sword"
					}
				},
				{
					"when": "Norroen Sword",
					"model": {
						"type": "model",
						"model": "item/netherite_sword/norroen_sword"
					}
				},
				{
					"when": "Halloween Sword",
					"model": {
						"type": "model",
						"model": "item/netherite_sword/halloween_sword"
					}
				},
				{
					"when": "Super Cute Sword",
					"model": {
						"type": "model",
						"model": "item/netherite_sword/super_cute_sword"
					}
				},
				{
					"when": "Glass Sword",
					"model": {
						"type": "model",
						"model": "item/netherite_sword/glass_sword"
					}
				},
				{
					"when": "Dragonheart Cutlass",
					"model": {
						"type": "model",
						"model": "item/netherite_sword/dragonheart_cutlass"
					}
				},
				{
					"when": "Orcish Sword",
					"model": {
						"type": "model",
						"model": "item/netherite_sword/orcish_sword"
					}
				},
				{
					"when": "Ancient Sword",
					"model": {
						"type": "model",
						"model": "item/netherite_sword/ancient_sword"
					}
				},
				{
					"when": "Swordfish",
					"model": {
						"type": "model",
						"model": "item/netherite_sword/swordfish"
					}
				},
				{
					"when": "Snake",
					"model": {
						"type": "model",
						"model": "item/netherite_sword/snake"
					}
				},
				{
					"when": "Parrot",
					"model": {
						"type": "model",
						"model": "item/netherite_sword/parrot"
					}
				},
				{
					"when": "Magician's Wand",
					"model": {
						"type": "model",
						"model": "item/netherite_sword/magician_wand"
					}
				},
				{
					"when": "Fish",
					"model": {
						"type": "model",
						"model": "item/netherite_sword/fish"
					}
				},
				{
					"when": "Chicken",
					"model": {
						"type": "model",
						"model": "item/netherite_sword/chicken"
					}
				},
				{
					"when": "Fishbone",
					"model": {
						"type": "model",
						"model": "item/netherite_sword/fishbone"
					}
				},
				{
					"when": "Cartoon Rapier",
					"model": {
						"type": "model",
						"model": "item/netherite_sword/cartoon_rapier"
					}
				},
				{
					"when": "Cane",
					"model": {
						"type": "model",
						"model": "item/netherite_sword/cane"
					}
				},
				{
					"when": "Banana",
					"model": {
						"type": "model",
						"model": "item/netherite_sword/banana"
					}
				},
				{
					"when": "Glove on a Stick",
					"model": {
						"type": "model",
						"model": "item/netherite_sword/glove_on_a_stick"
					}
				},
				{
					"when": "Painter's Brush",
					"model": {
						"type": "model",
						"model": "item/netherite_sword/painter_brush"
					}
				}
			],
			"fallback": {
				"type": "range_dispatch",
				"property": "damage",
				"scale": 4,
				"entries": [
					{
						"threshold": 0,
						"model": {
							"type": "model",
							"model": "item/netherite_sword"
						}
					},
					{
						"threshold": 1,
						"model": {
							"type": "model",
							"model": "item/netherite_sword"
						}
					},
					{
						"threshold": 2,
						"model": {
							"type": "model",
							"model": "item/netherite_sword"
						}
					},
					{
						"threshold": 3,
						"model": {
							"type": "model",
							"model": "item/netherite_sword"
						}
					}
				]
			}
		},
		"on_false": {
			"type": "range_dispatch",
			"property": "damage",
			"scale": 4,
			"entries": [
				{
					"threshold": 0,
					"model": {
						"type": "model",
						"model": "item/netherite_sword"
					}
				},
				{
					"threshold": 1,
					"model": {
						"type": "model",
						"model": "item/netherite_sword"
					}
				},
				{
					"threshold": 2,
					"model": {
						"type": "model",
						"model": "item/netherite_sword"
					}
				},
				{
					"threshold": 3,
					"model": {
						"type": "model",
						"model": "item/netherite_sword"
					}
				}
			]
		}
	}
}