{
	"model": {
		"type": "condition",
		"property": "has_component",
		"component": "custom_name",
		"on_true": {
			"type": "select",
			"model": "item/netherite_shovel",
			"property": "component",
			"component": "custom_name",
	  		"cases": [
					{
				"when": "Ladle",
				"model": {
					"type": "model",
					"model": "item/netherite_shovel/ladle"
			 			}
					},
					{
				"when": "Super Cute Shovel",
				"model": {
					"type": "model",
					"model": "item/netherite_shovel/super_cute_shovel"
			 			}
					},
					{
				"when": "Jake The Shovel",
				"model": {
					"type": "model",
					"model": "item/netherite_shovel/jake_the_shovel"
			 			}
					},
					{
				"when": "Command Block Shovel",
				"model": {
					"type": "model",
					"model": "item/netherite_shovel/command_block_shovel"
			 			}
					},
					{
				"when": "Adamantium Impervium Shovel",
				"model": {
					"type": "model",
					"model": "item/netherite_shovel/adamantium_impervium_shovel"
			 			}
					},
					{
				"when": "Blockbreaker Shovel",
				"model": {
					"type": "model",
					"model": "item/netherite_shovel/blockbreaker_shovel"
			 			}
					},
					{
				"when": "Dragonsbane Shovel",
				"model": {
					"type": "model",
					"model": "item/netherite_shovel/dragonsbane_shovel"
			 			}
					},
					{
				"when": "Ender Defender Shovel",
				"model": {
					"type": "model",
					"model": "item/netherite_shovel/ender_defender_shovel"
			 			}
					},
					{
				"when": "Ellegaard's Shovel",
				"model": {
					"type": "model",
					"model": "item/netherite_shovel/ellegaard_shovel"
			 			}
					},
					{
				"when": "Magnus' Shovel",
				"model": {
					"type": "model",
					"model": "item/netherite_shovel/magnus_shovel"
			 			}
					},
					{
				"when": "Golden Apple Shovel",
				"model": {
					"type": "model",
					"model": "item/netherite_shovel/golden_apple_shovel"
			 			}
					},
					{
				"when": "Tim's Shovel",
				"model": {
					"type": "model",
					"model": "item/netherite_shovel/tim_shovel"
			 			}
					},
					{
				"when": "Golden Goliath Shovel",
				"model": {
					"type": "model",
					"model": "item/netherite_shovel/golden_goliath_shovel"
			 			}
					},
					{
				"when": "Star Shovel",
				"model": {
					"type": "model",
					"model": "item/netherite_shovel/star_shovel"
			 			}
					},
					{
				"when": "Petra's Shovel",
				"model": {
					"type": "model",
					"model": "item/netherite_shovel/petra_shovel"
			 			}
					},
					{
				"when": "Redstone Riot Shovel",
				"model": {
					"type": "model",
					"model": "item/netherite_shovel/redstone_riot_shovel"
			 			}
					},
					{
				"when": "Shovel of Infinity",
				"model": {
					"type": "model",
					"model": "item/netherite_shovel/shovel_of_infinity"
			 			}
					},
					{
				"when": "Gabriel's Shovel",
				"model": {
					"type": "model",
					"model": "item/netherite_shovel/gabriel_shovel"
			 			}
					},
					{
				"when": "Romeo's Shovel",
				"model": {
					"type": "model",
					"model": "item/netherite_shovel/romeo_shovel"
			 			}
					},
					{
				"when": "Xara's Shovel",
				"model": {
					"type": "model",
					"model": "item/netherite_shovel/xara_shovel"
			 			}
					},
					{
				"when": "Fred's Shovel",
				"model": {
					"type": "model",
					"model": "item/netherite_shovel/fred_shovel"
			 			}
					},
					{
				"when": "Ivor's Shovel",
				"model": {
					"type": "model",
					"model": "item/netherite_shovel/ivor_shovel"
			 			}
					},
					{
				"when": "Dragonslayer Shovel",
				"model": {
					"type": "model",
					"model": "item/netherite_shovel/dragonslayer_shovel"
			 			}
					},
					{
				"when": "Dragonmaster Shovel",
				"model": {
					"type": "model",
					"model": "item/netherite_shovel/dragonmaster_shovel"
			 			}
					},
					{
				"when": "Robot Shovel",
				"model": {
					"type": "model",
					"model": "item/netherite_shovel/robot_shovel"
			 			}
					},
					{
				"when": "Droid Shovel",
				"model": {
					"type": "model",
					"model": "item/netherite_shovel/droid_shovel"
			 			}
					},
					{
				"when": "Space Shovel",
				"model": {
					"type": "model",
					"model": "item/netherite_shovel/space_shovel"
			 			}
					},
					{
				"when": "Vortex Shovel",
				"model": {
					"type": "model",
					"model": "item/netherite_shovel/vortex_shovel"
			 			}
					},
					{
				"when": "Scarlet Shovel",
				"model": {
					"type": "model",
					"model": "item/netherite_shovel/scarlet_shovel"
			 			}
					},
					{
				"when": "Sakura Shovel",
				"model": {
					"type": "model",
					"model": "item/netherite_shovel/sakura_shovel"
			 			}
					},
					{
				"when": "Journey Shovel",
				"model": {
					"type": "model",
					"model": "item/netherite_shovel/journey_shovel"
			 			}
					},
					{
				"when": "Heavy Shovel",
				"model": {
					"type": "model",
					"model": "item/netherite_shovel/heavy_shovel"
			 			}
					},
					{
				"when": "Prismarine Shovel",
				"model": {
					"type": "model",
					"model": "item/netherite_shovel/prismarine_shovel"
			 			}
					},
					{
				"when": "Poisonous Potato Shovel",
				"model": {
					"type": "model",
					"model": "item/netherite_shovel/poisonous_potato_shovel"
			 			}
					},
					{
				"when": "Candy Shovel",
				"model": {
					"type": "model",
					"model": "item/netherite_shovel/candy_shovel"
			 			}
					},
					{
				"when": "Kemetian Shovel",
				"model": {
					"type": "model",
					"model": "item/netherite_shovel/kemetian_shovel"
			 			}
					},
					{
				"when": "Hellenic Shovel",
				"model": {
					"type": "model",
					"model": "item/netherite_shovel/hellenic_shovel"
			 			}
					},
					{
				"when": "Sinitic Shovel",
				"model": {
					"type": "model",
					"model": "item/netherite_shovel/sinitic_shovel"
			 			}
					},
					{
				"when": "Fantasy Shovel",
				"model": {
					"type": "model",
					"model": "item/netherite_shovel/fantasy_shovel"
			 			}
					},
					{
				"when": "Norroen Shovel",
				"model": {
					"type": "model",
					"model": "item/netherite_shovel/norroen_shovel"
			 			}
					},
					{
				"when": "Halloween Shovel",
				"model": {
					"type": "model",
					"model": "item/netherite_shovel/halloween_shovel"
			 			}
					},
					{
				"when": "Glass Shovel",
				"model": {
					"type": "model",
					"model": "item/netherite_shovel/glass_shovel"
			 			}
					},
					{
				"when": "Dragonheart Shovel",
				"model": {
					"type": "model",
					"model": "item/netherite_shovel/dragonheart_shovel"
			 			}
					},
					{
				"when": "Orcish Shovel",
				"model": {
					"type": "model",
					"model": "item/netherite_shovel/orcish_shovel"
			 			}
					},
					{
				"when": "Ancient Shovel",
				"model": {
					"type": "model",
					"model": "item/netherite_shovel/ancient_shovel"
			 			}
					},
					{
				"when": "Ender Dragon Shovel",
				"model": {
					"type": "model",
					"model": "item/netherite_shovel/ender_dragon_shovel"
			 			}
					}
		  		],
			"fallback": {
				"type": "range_dispatch",
				"property": "damage",
				"scale": 4,
				"entries": [
					{
						"threshold": 0,
						"model": {
							"type": "model",
							"model": "item/netherite_shovel"
						}
					},
					{
						"threshold": 1,
						"model": {
							"type": "model",
							"model": "item/netherite_shovel"
						}
					},
					{
						"threshold": 2,
						"model": {
							"type": "model",
							"model": "item/netherite_shovel"
						}
					},
					{
						"threshold": 3,
						"model": {
							"type": "model",
							"model": "item/netherite_shovel"
						}
					}
				]
			}
		},
		"on_false": {
			"type": "range_dispatch",
			"property": "damage",
			"scale": 4,
			"entries": [
				{
					"threshold": 0,
					"model": {
						"type": "model",
						"model": "item/netherite_shovel"
					}
				},
				{
					"threshold": 1,
					"model": {
						"type": "model",
						"model": "item/netherite_shovel"
					}
				},
				{
					"threshold": 2,
					"model": {
						"type": "model",
						"model": "item/netherite_shovel"
					}
				},
				{
					"threshold": 3,
					"model": {
						"type": "model",
						"model": "item/netherite_shovel"
					}
				}
			]
		}
	}
}