{
	"model": {
		"type": "condition",
		"property": "has_component",
		"component": "custom_name",
		"on_true": {
			"type": "select",
			"model": "item/netherite_hoe",
			"property": "component",
			"component": "custom_name",
	  		"cases": [
					{
				"when": "Command Block Hoe",
				"model": {
					"type": "model",
					"model": "item/netherite_hoe/command_block_hoe"
			 			}
					},
					{
				"when": "Super Cute Hoe",
				"model": {
					"type": "model",
					"model": "item/netherite_hoe/super_cute_hoe"
			 			}
					},
					{
				"when": "Jake The Hoe",
				"model": {
					"type": "model",
					"model": "item/netherite_hoe/jake_the_hoe"
			 			}
					},
					{
				"when": "Adamantium Impervium Hoe",
				"model": {
					"type": "model",
					"model": "item/netherite_hoe/adamantium_impervium_hoe"
			 			}
					},
					{
				"when": "Blockbreaker Hoe",
				"model": {
					"type": "model",
					"model": "item/netherite_hoe/blockbreaker_hoe"
			 			}
					},
					{
				"when": "Dragonsbane Hoe",
				"model": {
					"type": "model",
					"model": "item/netherite_hoe/dragonsbane_hoe"
			 			}
					},
					{
				"when": "Ender Defender Hoe",
				"model": {
					"type": "model",
					"model": "item/netherite_hoe/ender_defender_hoe"
			 			}
					},
					{
				"when": "Ellegaard's Hoe",
				"model": {
					"type": "model",
					"model": "item/netherite_hoe/ellegaard_hoe"
			 			}
					},
					{
				"when": "Magnus' Hoe",
				"model": {
					"type": "model",
					"model": "item/netherite_hoe/magnus_hoe"
			 			}
					},
					{
				"when": "Golden Apple Hoe",
				"model": {
					"type": "model",
					"model": "item/netherite_hoe/golden_apple_hoe"
			 			}
					},
					{
				"when": "Tim's Hoe",
				"model": {
					"type": "model",
					"model": "item/netherite_hoe/tim_hoe"
			 			}
					},
					{
				"when": "Golden Goliath Hoe",
				"model": {
					"type": "model",
					"model": "item/netherite_hoe/golden_goliath_hoe"
			 			}
					},
					{
				"when": "Star Hoe",
				"model": {
					"type": "model",
					"model": "item/netherite_hoe/star_hoe"
			 			}
					},
					{
				"when": "Petra's Hoe",
				"model": {
					"type": "model",
					"model": "item/netherite_hoe/petra_hoe"
			 			}
					},
					{
				"when": "Redstone Riot Hoe",
				"model": {
					"type": "model",
					"model": "item/netherite_hoe/redstone_riot_hoe"
			 			}
					},
					{
				"when": "Hoe of Infinity",
				"model": {
					"type": "model",
					"model": "item/netherite_hoe/hoe_of_infinity"
			 			}
					},
					{
				"when": "Gabriel's Hoe",
				"model": {
					"type": "model",
					"model": "item/netherite_hoe/gabriel_hoe"
			 			}
					},
					{
				"when": "Romeo's Hoe",
				"model": {
					"type": "model",
					"model": "item/netherite_hoe/romeo_hoe"
			 			}
					},
					{
				"when": "Xara's Hoe",
				"model": {
					"type": "model",
					"model": "item/netherite_hoe/xara_hoe"
			 			}
					},
					{
				"when": "Fred's Hoe",
				"model": {
					"type": "model",
					"model": "item/netherite_hoe/fred_hoe"
			 			}
					},
					{
				"when": "Ivor's Hoe",
				"model": {
					"type": "model",
					"model": "item/netherite_hoe/ivor_hoe"
			 			}
					},
					{
				"when": "Dragonslayer Hoe",
				"model": {
					"type": "model",
					"model": "item/netherite_hoe/dragonslayer_hoe"
			 			}
					},
					{
				"when": "Dragonmaster Hoe",
				"model": {
					"type": "model",
					"model": "item/netherite_hoe/dragonmaster_hoe"
			 			}
					},
					{
				"when": "Robot Hoe",
				"model": {
					"type": "model",
					"model": "item/netherite_hoe/robot_hoe"
			 			}
					},
					{
				"when": "Droid Hoe",
				"model": {
					"type": "model",
					"model": "item/netherite_hoe/droid_hoe"
			 			}
					},
					{
				"when": "Space Hoe",
				"model": {
					"type": "model",
					"model": "item/netherite_hoe/space_hoe"
			 			}
					},
					{
				"when": "Vortex Hoe",
				"model": {
					"type": "model",
					"model": "item/netherite_hoe/vortex_hoe"
			 			}
					},
					{
				"when": "Scarlet Hoe",
				"model": {
					"type": "model",
					"model": "item/netherite_hoe/scarlet_hoe"
			 			}
					},
					{
				"when": "Sakura Hoe",
				"model": {
					"type": "model",
					"model": "item/netherite_hoe/sakura_hoe"
			 			}
					},
					{
				"when": "Journey Hoe",
				"model": {
					"type": "model",
					"model": "item/netherite_hoe/journey_hoe"
			 			}
					},
					{
				"when": "Heavy Hoe",
				"model": {
					"type": "model",
					"model": "item/netherite_hoe/heavy_hoe"
			 			}
					},
					{
				"when": "Prismarine Hoe",
				"model": {
					"type": "model",
					"model": "item/netherite_hoe/prismarine_hoe"
			 			}
					},
					{
				"when": "Poisonous Potato Hoe",
				"model": {
					"type": "model",
					"model": "item/netherite_hoe/poisonous_potato_hoe"
			 			}
					},
					{
				"when": "Candy Hoe",
				"model": {
					"type": "model",
					"model": "item/netherite_hoe/candy_hoe"
			 			}
					},
					{
				"when": "Kemetian Hoe",
				"model": {
					"type": "model",
					"model": "item/netherite_hoe/kemetian_hoe"
			 			}
					},
					{
				"when": "Hellenic Hoe",
				"model": {
					"type": "model",
					"model": "item/netherite_hoe/hellenic_hoe"
			 			}
					},
					{
				"when": "Sinitic Hoe",
				"model": {
					"type": "model",
					"model": "item/netherite_hoe/sinitic_hoe"
			 			}
					},
					{
				"when": "Fantasy Hoe",
				"model": {
					"type": "model",
					"model": "item/netherite_hoe/fantasy_hoe"
			 			}
					},
					{
				"when": "Norroen Hoe",
				"model": {
					"type": "model",
					"model": "item/netherite_hoe/norroen_hoe"
			 			}
					},
					{
				"when": "Halloween Hoe",
				"model": {
					"type": "model",
					"model": "item/netherite_hoe/halloween_hoe"
			 			}
					},
					{
				"when": "Glass Hoe",
				"model": {
					"type": "model",
					"model": "item/netherite_hoe/glass_hoe"
			 			}
					},
					{
				"when": "Dragonheart Hoe",
				"model": {
					"type": "model",
					"model": "item/netherite_hoe/dragonheart_hoe"
			 			}
					},
					{
				"when": "Orcish Hoe",
				"model": {
					"type": "model",
					"model": "item/netherite_hoe/orcish_hoe"
			 			}
					},
					{
				"when": "Ancient Hoe",
				"model": {
					"type": "model",
					"model": "item/netherite_hoe/ancient_hoe"
			 			}
					},
					{
				"when": "Ender Dragon Hoe",
				"model": {
					"type": "model",
					"model": "item/netherite_hoe/ender_dragon_hoe"
			 			}
					}
		  		],
			"fallback": {
				"type": "range_dispatch",
				"property": "damage",
				"scale": 4,
				"entries": [
					{
						"threshold": 0,
						"model": {
							"type": "model",
							"model": "item/netherite_hoe"
						}
					},
					{
						"threshold": 1,
						"model": {
							"type": "model",
							"model": "item/netherite_hoe"
						}
					},
					{
						"threshold": 2,
						"model": {
							"type": "model",
							"model": "item/netherite_hoe"
						}
					},
					{
						"threshold": 3,
						"model": {
							"type": "model",
							"model": "item/netherite_hoe"
						}
					}
				]
			}
		},
		"on_false": {
			"type": "range_dispatch",
			"property": "damage",
			"scale": 4,
			"entries": [
				{
					"threshold": 0,
					"model": {
						"type": "model",
						"model": "item/netherite_hoe"
					}
				},
				{
					"threshold": 1,
					"model": {
						"type": "model",
						"model": "item/netherite_hoe"
					}
				},
				{
					"threshold": 2,
					"model": {
						"type": "model",
						"model": "item/netherite_hoe"
					}
				},
				{
					"threshold": 3,
					"model": {
						"type": "model",
						"model": "item/netherite_hoe"
					}
				}
			]
		}
	}
}