{"textures":{"0":"bil:item/ice_spike_small/ice_spike","particle":"bil:item/ice_spike_small/ice_spike"},"elements":[{"from":[-1.0,11.0,-1.5],"to":[18.0,17.25,17.5],"faces":{"up":{"texture":"#0","tintindex":0,"uv":[8.375,2.375,6.0,0.0]},"west":{"texture":"#0","tintindex":0,"uv":[8.25,7.0,10.625,7.75]},"east":{"texture":"#0","tintindex":0,"uv":[8.25,5.5,10.625,6.25]},"south":{"texture":"#0","tintindex":0,"uv":[8.25,6.25,10.625,7.0]},"down":{"texture":"#0","tintindex":0,"uv":[8.375,2.375,6.0,4.75]},"north":{"texture":"#0","tintindex":0,"uv":[8.25,4.75,10.625,5.5]}},"rotation":{"axis":"y","angle":0.0,"origin":[8.5,-2.25,8.0]}},{"from":[0.0,15.0,-0.5],"to":[17.0,21.25,16.5],"faces":{"up":{"texture":"#0","tintindex":0,"uv":[8.375,2.375,6.0,0.0]},"west":{"texture":"#0","tintindex":0,"uv":[8.25,7.0,10.625,7.75]},"east":{"texture":"#0","tintindex":0,"uv":[8.25,5.5,10.625,6.25]},"south":{"texture":"#0","tintindex":0,"uv":[8.25,6.25,10.625,7.0]},"down":{"texture":"#0","tintindex":0,"uv":[8.375,2.375,6.0,4.75]},"north":{"texture":"#0","tintindex":0,"uv":[8.25,4.75,10.625,5.5]}},"rotation":{"axis":"y","angle":0.0,"origin":[8.5,-2.25,8.0]}}],"display":{"head":{"rotation":[0.0,180.0,0.0]}}}