{"textures":{"0":"bil:item/iceologer/illusioner","particle":"bil:item/iceologer/illusioner"},"elements":[{"from":[6.0,-4.0,6.0],"to":[10.0,8.0,10.0],"faces":{"up":{"texture":"#0","tintindex":0,"uv":[1.0,6.5,2.0,5.5]},"west":{"texture":"#0","tintindex":0,"uv":[1.0,6.5,0.0,9.5]},"east":{"texture":"#0","tintindex":0,"uv":[3.0,6.5,2.0,9.5]},"south":{"texture":"#0","tintindex":0,"uv":[4.0,6.5,3.0,9.5]},"down":{"texture":"#0","tintindex":0,"uv":[2.0,5.5,3.0,6.5]},"north":{"texture":"#0","tintindex":0,"uv":[2.0,6.5,1.0,9.5]}},"rotation":{"axis":"y","angle":0.0,"origin":[10.0,-4.0,8.0]}}],"display":{"head":{"rotation":[0.0,180.0,0.0]}}}