{"textures":{"0":"bil:item/iceologer/illusioner","particle":"bil:item/iceologer/illusioner"},"elements":[{"from":[4.0,8.0,4.0],"to":[12.0,18.0,12.0],"faces":{"up":{"texture":"#0","tintindex":0,"uv":[4.0,2.0,2.0,0.0]},"west":{"texture":"#0","tintindex":0,"uv":[4.0,2.0,6.0,4.5]},"east":{"texture":"#0","tintindex":0,"uv":[0.0,2.0,2.0,4.5]},"south":{"texture":"#0","tintindex":0,"uv":[6.0,2.0,8.0,4.5]},"down":{"texture":"#0","tintindex":0,"uv":[6.0,0.0,4.0,2.0]},"north":{"texture":"#0","tintindex":0,"uv":[2.0,2.0,4.0,4.5]}},"rotation":{"axis":"y","angle":0.0,"origin":[8.0,-16.0,8.0]}},{"from":[7.0,7.0,2.0],"to":[9.0,11.0,4.0],"faces":{"up":{"texture":"#0","tintindex":0,"uv":[7.0,0.5,6.5,0.0]},"west":{"texture":"#0","tintindex":0,"uv":[7.0,0.5,7.5,1.5]},"east":{"texture":"#0","tintindex":0,"uv":[6.0,0.5,6.5,1.5]},"south":{"texture":"#0","tintindex":0,"uv":[7.5,0.5,8.0,1.5]},"down":{"texture":"#0","tintindex":0,"uv":[7.5,0.0,7.0,0.5]},"north":{"texture":"#0","tintindex":0,"uv":[6.5,0.5,7.0,1.5]}},"rotation":{"axis":"y","angle":0.0,"origin":[8.0,-16.0,8.0]}},{"from":[3.5500002,7.549999,3.5500002],"to":[12.45,18.45,12.45],"faces":{"up":{"texture":"#0","tintindex":0,"uv":[12.0,2.0,10.0,0.0]},"west":{"texture":"#0","tintindex":0,"uv":[12.0,2.0,14.0,4.5]},"east":{"texture":"#0","tintindex":0,"uv":[8.0,2.0,10.0,4.5]},"south":{"texture":"#0","tintindex":0,"uv":[14.0,2.0,16.0,4.5]},"down":{"texture":"#0","tintindex":0,"uv":[14.0,0.0,12.0,2.0]},"north":{"texture":"#0","tintindex":0,"uv":[10.0,2.0,12.0,4.5]}},"rotation":{"axis":"y","angle":0.0,"origin":[8.0,-16.0,8.0]}}],"display":{"head":{"rotation":[0.0,180.0,0.0]}}}