{"textures":{"0":"bil:item/capybara/texture","2":"bil:item/capybara/apple","particle":"bil:item/capybara/texture"},"elements":[{"from":[4.0,6.000001,-2.0],"to":[12.0,13.0,9.0],"faces":{"up":{"texture":"#0","tintindex":0,"uv":[2.0,9.5,0.0,6.75]},"west":{"texture":"#0","tintindex":0,"uv":[6.75,6.75,4.0,8.5]},"east":{"texture":"#0","tintindex":0,"uv":[4.0,6.75,6.75,8.5]},"south":{"texture":"#0","tintindex":0,"uv":[7.5,1.75,9.5,3.5]},"down":{"texture":"#0","tintindex":0,"uv":[4.0,6.75,2.0,9.5]},"north":{"texture":"#0","tintindex":0,"uv":[7.5,0.0,9.5,1.75]}},"rotation":{"axis":"y","angle":0.0,"origin":[8.0,6.000001,4.0000005]}},{"from":[11.5,12.0,8.0],"to":[12.5,14.0,10.0],"faces":{"up":{"texture":"#0","tintindex":0,"uv":[2.25,10.0,2.0,9.5]},"west":{"texture":"#0","tintindex":0,"uv":[8.5,3.5,9.0,4.0]},"east":{"texture":"#0","tintindex":0,"uv":[9.0,4.0,8.5,4.5]},"south":{"texture":"#0","tintindex":0,"uv":[9.5,1.5,9.75,2.0]},"down":{"texture":"#0","tintindex":0,"uv":[9.75,2.0,9.5,2.5]},"north":{"texture":"#0","tintindex":0,"uv":[9.5,1.0,9.75,1.5]}},"rotation":{"axis":"y","angle":0.0,"origin":[12.5,12.0,9.0]}},{"from":[3.5,12.0,8.0],"to":[4.5,14.0,10.0],"faces":{"up":{"texture":"#0","tintindex":0,"uv":[2.25,10.0,2.0,9.5]},"west":{"texture":"#0","tintindex":0,"uv":[8.5,4.0,9.0,4.5]},"east":{"texture":"#0","tintindex":0,"uv":[8.5,3.5,9.0,4.0]},"south":{"texture":"#0","tintindex":0,"uv":[9.5,1.5,9.75,2.0]},"down":{"texture":"#0","tintindex":0,"uv":[9.75,2.0,9.5,2.5]},"north":{"texture":"#0","tintindex":0,"uv":[9.5,1.0,9.75,1.5]}},"rotation":{"axis":"y","angle":0.0,"origin":[4.5,12.0,9.0]}},{"from":[6.0,13.0,3.0000005],"to":[10.0,16.0,7.0000005],"faces":{"up":{"texture":"#2","tintindex":0,"uv":[4.0,4.0,0.0,0.0]},"west":{"texture":"#2","tintindex":0,"uv":[0.0,8.0,4.0,11.0]},"east":{"texture":"#2","tintindex":0,"uv":[4.0,3.0,8.0,6.0]},"south":{"texture":"#2","tintindex":0,"uv":[4.0,6.0,8.0,9.0]},"down":{"texture":"#0","tintindex":0,"uv":[0.0,0.0,0.0,0.0]},"north":{"texture":"#2","tintindex":0,"uv":[4.0,0.0,8.0,3.0]}},"rotation":{"axis":"y","angle":0.0,"origin":[8.0,13.0,5.0000005]}},{"from":[8.0,16.0,4.5000005],"to":[8.0,17.0,5.5000005],"faces":{"up":{"texture":"#2","tintindex":0,"uv":[0.0,0.0,0.0,0.0]},"west":{"texture":"#2","tintindex":0,"uv":[8.0,1.0,9.0,2.0]},"east":{"texture":"#2","tintindex":0,"uv":[8.0,0.0,9.0,1.0]},"south":{"texture":"#2","tintindex":0,"uv":[0.0,0.0,0.0,0.0]},"down":{"texture":"#0","tintindex":0,"uv":[0.0,0.0,0.0,0.0]},"north":{"texture":"#2","tintindex":0,"uv":[0.0,0.0,0.0,0.0]}},"rotation":{"axis":"y","angle":-45.0,"origin":[8.0,16.0,5.0000005]}},{"from":[8.0,16.0,4.5000005],"to":[8.0,17.0,5.5000005],"faces":{"up":{"texture":"#2","tintindex":0,"uv":[0.0,0.0,0.0,0.0]},"west":{"texture":"#2","tintindex":0,"uv":[8.0,3.0,9.0,4.0]},"east":{"texture":"#2","tintindex":0,"uv":[8.0,2.0,9.0,3.0]},"south":{"texture":"#2","tintindex":0,"uv":[0.0,0.0,0.0,0.0]},"down":{"texture":"#0","tintindex":0,"uv":[0.0,0.0,0.0,0.0]},"north":{"texture":"#2","tintindex":0,"uv":[0.0,0.0,0.0,0.0]}},"rotation":{"axis":"y","angle":45.0,"origin":[8.0,16.0,5.0000005]}}],"display":{"head":{"rotation":[0.0,180.0,0.0]}}}