{
  "model": {
    "type": "minecraft:select",
    "property": "minecraft:display_context",
    "cases": [
      {
        "when": [
          "thirdperson_lefthand",
          "firstperson_lefthand",
          "head"
        ],
        "model": {
          "type": "minecraft:select",
          "property": "minecraft:custom_model_data",
          "cases": [
            {
              "when": "opened",
              "model": {
                "type": "minecraft:model",
                "model": "ulg:bp/mouldy/opened",
                "tints": []
              }
            }
          ],
          "fallback": {
            "type": "minecraft:model",
            "model": "ulg:bp/mouldy/closed",
            "tints": []
          }
        }
      }
    ],
    "fallback": {
      "type": "minecraft:model",
      "model": "ulg:bp/mouldy/item",
      "tints": []
    }
  }
}
