{"textures":{"0":"bil:item/ice_cluster/texture","particle":"bil:item/ice_cluster/texture"},"elements":[{"from":[-3.3999996,-2.2000008,9.2],"to":[8.6,9.799999,21.2],"faces":{"up":{"texture":"#0","tintindex":0,"uv":[4.0,12.0,0.0,8.0]},"west":{"texture":"#0","tintindex":0,"uv":[4.0,4.0,8.0,8.0]},"east":{"texture":"#0","tintindex":0,"uv":[0.0,4.0,4.0,8.0]},"south":{"texture":"#0","tintindex":0,"uv":[4.0,0.0,8.0,4.0]},"down":{"texture":"#0","tintindex":0,"uv":[12.0,0.0,8.0,4.0]},"north":{"texture":"#0","tintindex":0,"uv":[0.0,0.0,0.0,0.0]}},"rotation":{"axis":"y","angle":0.0,"origin":[-2.6499996,-2.2000008,9.95]}},{"from":[-3.3999996,-2.2000008,-2.7999992],"to":[8.6,9.799999,9.2],"faces":{"up":{"texture":"#0","tintindex":0,"uv":[4.0,12.0,0.0,8.0]},"west":{"texture":"#0","tintindex":0,"uv":[4.0,4.0,8.0,8.0]},"east":{"texture":"#0","tintindex":0,"uv":[0.0,4.0,4.0,8.0]},"south":{"texture":"#0","tintindex":0,"uv":[0.0,0.0,0.0,0.0]},"down":{"texture":"#0","tintindex":0,"uv":[12.0,0.0,8.0,4.0]},"north":{"texture":"#0","tintindex":0,"uv":[0.0,0.0,4.0,4.0]}},"rotation":{"axis":"y","angle":0.0,"origin":[-2.6499996,-4.450001,-2.0499992]}},{"from":[8.6,3.7999997,9.2],"to":[20.599998,15.799999,21.2],"faces":{"up":{"texture":"#0","tintindex":0,"uv":[4.0,12.0,0.0,8.0]},"west":{"texture":"#0","tintindex":0,"uv":[4.0,8.0,8.0,12.0]},"east":{"texture":"#0","tintindex":0,"uv":[0.0,4.0,4.0,8.0]},"south":{"texture":"#0","tintindex":0,"uv":[4.0,0.0,8.0,4.0]},"down":{"texture":"#0","tintindex":0,"uv":[12.0,0.0,8.0,4.0]},"north":{"texture":"#0","tintindex":0,"uv":[0.0,0.0,0.0,0.0]}},"rotation":{"axis":"y","angle":0.0,"origin":[9.35,3.7999997,9.95]}},{"from":[8.6,3.7999997,-2.7999992],"to":[20.599998,15.799999,9.2],"faces":{"up":{"texture":"#0","tintindex":0,"uv":[4.0,12.0,0.0,8.0]},"west":{"texture":"#0","tintindex":0,"uv":[0.0,0.0,0.0,0.0]},"east":{"texture":"#0","tintindex":0,"uv":[0.0,4.0,4.0,8.0]},"south":{"texture":"#0","tintindex":0,"uv":[0.0,0.0,0.0,0.0]},"down":{"texture":"#0","tintindex":0,"uv":[12.0,0.0,8.0,4.0]},"north":{"texture":"#0","tintindex":0,"uv":[0.0,0.0,4.0,4.0]}},"rotation":{"axis":"y","angle":0.0,"origin":[9.35,3.7999997,-2.0499992]}},{"from":[2.6000004,9.799999,-2.7999992],"to":[8.6,15.799999,9.2],"faces":{"up":{"texture":"#0","tintindex":0,"uv":[2.0,12.0,0.0,8.0]},"west":{"texture":"#0","tintindex":0,"uv":[4.0,4.0,8.0,6.0]},"east":{"texture":"#0","tintindex":0,"uv":[0.0,0.0,0.0,0.0]},"south":{"texture":"#0","tintindex":0,"uv":[4.0,0.0,6.0,2.0]},"down":{"texture":"#0","tintindex":0,"uv":[0.0,0.0,0.0,0.0]},"north":{"texture":"#0","tintindex":0,"uv":[0.0,0.0,2.0,2.0]}},"rotation":{"axis":"y","angle":0.0,"origin":[-2.6499996,5.2999997,-2.0499992]}}],"display":{"head":{"rotation":[0.0,180.0,0.0]}}}