{"textures":{"0":"bil:item/ice_spike/ice_spike","particle":"bil:item/ice_spike/ice_spike"},"elements":[{"from":[6.3589745,-3.6923075,6.3589745],"to":[9.641026,2.8717947,9.641026],"faces":{"up":{"texture":"#0","tintindex":0,"uv":[9.625,4.5,9.125,4.0]},"west":{"texture":"#0","tintindex":0,"uv":[9.125,3.0,9.625,4.0]},"east":{"texture":"#0","tintindex":0,"uv":[9.125,1.0,9.625,2.0]},"south":{"texture":"#0","tintindex":0,"uv":[9.125,2.0,9.625,3.0]},"down":{"texture":"#0","tintindex":0,"uv":[10.125,0.0,9.625,0.5]},"north":{"texture":"#0","tintindex":0,"uv":[9.125,0.0,9.625,1.0]}},"rotation":{"axis":"y","angle":0.0,"origin":[8.0,-31.589745,8.0]}},{"from":[5.5384617,-16.0,5.5384617],"to":[10.461538,-3.6923075,10.461538],"faces":{"up":{"texture":"#0","tintindex":0,"uv":[9.125,4.5,8.375,3.75]},"west":{"texture":"#0","tintindex":0,"uv":[6.0,8.5,6.75,10.375]},"east":{"texture":"#0","tintindex":0,"uv":[8.375,0.0,9.125,1.875]},"south":{"texture":"#0","tintindex":0,"uv":[8.375,1.875,9.125,3.75]},"down":{"texture":"#0","tintindex":0,"uv":[9.75,8.875,9.0,9.625]},"north":{"texture":"#0","tintindex":0,"uv":[8.25,7.75,9.0,9.625]}},"rotation":{"axis":"y","angle":-45.0,"origin":[8.0,-31.589745,8.0]}}],"display":{"head":{"rotation":[0.0,180.0,0.0]}}}