{"textures":{"0":"bil:item/elephant/elephant","particle":"bil:item/elephant/elephant"},"elements":[{"from":[0.6153846,17.846153,-3.0769234],"to":[15.384615,32.0,19.076923],"faces":{"up":{"texture":"#0","tintindex":0,"uv":[2.248,0.002,0.002,3.373]},"west":{"texture":"#0","tintindex":0,"uv":[3.377,3.377,6.748,5.5605]},"east":{"texture":"#0","tintindex":0,"uv":[6.748,3.377,3.377,5.5605]},"south":{"texture":"#0","tintindex":0,"uv":[0.002,5.5645,2.248,7.748]},"down":{"texture":"#0","tintindex":0,"uv":[2.248,0.002,0.002,3.373]},"north":{"texture":"#0","tintindex":0,"uv":[0.002,7.748,2.248,5.5645]}},"rotation":{"axis":"y","angle":0.0,"origin":[8.0,8.0,8.0]}},{"from":[7.5897436,22.051281,20.0],"to":[8.410256,25.435898,20.0],"faces":{"up":{"texture":"#0","tintindex":0,"uv":[0.002,0.002,0.002,0.002]},"west":{"texture":"#0","tintindex":0,"uv":[0.002,0.002,0.002,0.002]},"east":{"texture":"#0","tintindex":0,"uv":[0.002,0.002,0.002,0.002]},"south":{"texture":"#0","tintindex":0,"uv":[1.3145,8.627,1.4355,9.39063]},"down":{"texture":"#0","tintindex":0,"uv":[0.002,0.002,0.002,0.002]},"north":{"texture":"#0","tintindex":0,"uv":[1.3145,8.627,1.4355,9.39063]}},"rotation":{"axis":"x","angle":-22.5,"origin":[8.0,22.871796,20.0]}}],"display":{"head":{"rotation":[0.0,180.0,0.0]}}}