{"textures":{"0":"bil:item/elephant/elephant","particle":"bil:item/elephant/elephant"},"elements":[{"from":[5.0,-6.3808603,6.9971504],"to":[11.0,10.119139,12.99715],"faces":{"up":{"texture":"#0","tintindex":0,"uv":[8.1855,5.9355,7.8145,5.5645]},"west":{"texture":"#0","tintindex":0,"uv":[4.752,8.502,5.123,9.5605]},"east":{"texture":"#0","tintindex":0,"uv":[5.123,8.502,4.752,9.5605]},"south":{"texture":"#0","tintindex":0,"uv":[8.377,5.5645,8.748,6.623]},"down":{"texture":"#0","tintindex":0,"uv":[8.748,6.627,8.377,6.998]},"north":{"texture":"#0","tintindex":0,"uv":[4.752,8.502,5.123,9.5605]}},"rotation":{"axis":"x","angle":-22.5,"origin":[8.0,1.8691387,10.99715]}}],"display":{"head":{"rotation":[0.0,180.0,0.0]}}}