{"textures":{"0":"bil:item/elephant/elephant","particle":"bil:item/elephant/elephant"},"elements":[{"from":[3.9999995,-15.818428,-0.24343967],"to":[12.0,8.181573,7.7565613],"faces":{"up":{"texture":"#0","tintindex":0,"uv":[7.3105,1.998,6.752,1.4395]},"west":{"texture":"#0","tintindex":0,"uv":[0.5645,7.752,1.123,9.4355]},"east":{"texture":"#0","tintindex":0,"uv":[1.123,7.752,0.5645,9.4355]},"south":{"texture":"#0","tintindex":0,"uv":[0.002,7.752,0.5605,9.4355]},"down":{"texture":"#0","tintindex":0,"uv":[6.6855,7.002,6.127,7.5605]},"north":{"texture":"#0","tintindex":0,"uv":[6.877,7.627,7.4355,9.3105]}},"rotation":{"axis":"y","angle":0.0,"origin":[8.0,-30.485096,46.42323]}}],"display":{"head":{"rotation":[0.0,180.0,0.0]}}}