{"textures":{"0":"bil:item/elephant/elephant","particle":"bil:item/elephant/elephant"},"elements":[{"from":[6.8305597,-7.8808594,5.8966103],"to":[30.830559,16.11914,7.3966103],"faces":{"up":{"texture":"#0","tintindex":0,"uv":[5.998,3.373,4.502,3.252]},"west":{"texture":"#0","tintindex":0,"uv":[5.127,7.0645,5.248,8.5605]},"east":{"texture":"#0","tintindex":0,"uv":[5.127,7.0645,5.248,8.5605]},"south":{"texture":"#0","tintindex":0,"uv":[2.252,5.5645,3.748,7.0605]},"down":{"texture":"#0","tintindex":0,"uv":[9.748,2.502,8.252,2.623]},"north":{"texture":"#0","tintindex":0,"uv":[3.748,5.5645,2.252,7.0605]}},"rotation":{"axis":"y","angle":0.0,"origin":[-4.4194403,-34.88086,37.39661]}}],"display":{"head":{"rotation":[0.0,180.0,0.0]}}}