{"textures":{"0":"bil:item/firemoth/firemoth","particle":"bil:item/firemoth/firemoth"},"elements":[{"from":[6.0,6.3372,4.99577],"to":[10.0,10.3372,11.9957695],"faces":{"up":{"texture":"#0","tintindex":0,"uv":[9.0,10.5,7.0,7.0]},"west":{"texture":"#0","tintindex":0,"uv":[3.5,7.0,7.0,9.0]},"east":{"texture":"#0","tintindex":0,"uv":[0.0,7.0,3.5,9.0]},"south":{"texture":"#0","tintindex":0,"uv":[9.0,9.0,11.0,11.0]},"down":{"texture":"#0","tintindex":0,"uv":[2.0,9.0,0.0,12.5]},"north":{"texture":"#0","tintindex":0,"uv":[9.0,7.0,11.0,9.0]}},"rotation":{"axis":"y","angle":0.0,"origin":[8.0,6.3372,7.99577]}},{"from":[9.75,9.3372,1.24577],"to":[9.75,15.3372,5.24577],"faces":{"up":{"texture":"#0","tintindex":0,"uv":[0.0,0.0,0.0,0.0]},"west":{"texture":"#0","tintindex":0,"uv":[10.0,4.0,12.0,7.0]},"east":{"texture":"#0","tintindex":0,"uv":[12.0,4.0,10.0,7.0]},"south":{"texture":"#0","tintindex":0,"uv":[0.0,0.0,0.0,0.0]},"down":{"texture":"#0","tintindex":0,"uv":[0.0,0.0,0.0,0.0]},"north":{"texture":"#0","tintindex":0,"uv":[0.0,0.0,0.0,0.0]}},"rotation":{"axis":"x","angle":-22.5,"origin":[8.0,12.3372,3.24577]}},{"from":[9.5,10.0872,5.99577],"to":[9.5,12.0872,11.9957695],"faces":{"up":{"texture":"#0","tintindex":0,"uv":[0.0,0.0,0.0,0.0]},"west":{"texture":"#0","tintindex":0,"uv":[11.0,8.5,14.0,9.5]},"east":{"texture":"#0","tintindex":0,"uv":[14.0,8.5,11.0,9.5]},"south":{"texture":"#0","tintindex":0,"uv":[0.0,0.0,0.0,0.0]},"down":{"texture":"#0","tintindex":0,"uv":[0.0,0.0,0.0,0.0]},"north":{"texture":"#0","tintindex":0,"uv":[0.0,0.0,0.0,0.0]}},"rotation":{"axis":"y","angle":0.0,"origin":[8.0,6.3372,7.99577]}},{"from":[6.25,4.3372,8.49577],"to":[9.75,6.3372,8.49577],"faces":{"up":{"texture":"#0","tintindex":0,"uv":[2.0,0.0,0.0,0.0]},"west":{"texture":"#0","tintindex":0,"uv":[0.0,0.0,0.0,1.0]},"east":{"texture":"#0","tintindex":0,"uv":[0.0,0.0,0.0,1.0]},"south":{"texture":"#0","tintindex":0,"uv":[13.0,9.5,11.0,10.5]},"down":{"texture":"#0","tintindex":0,"uv":[2.0,0.0,0.0,0.0]},"north":{"texture":"#0","tintindex":0,"uv":[11.0,9.5,13.0,10.5]}},"rotation":{"axis":"x","angle":-22.5,"origin":[8.0,6.3372,7.99577]}},{"from":[6.25,9.3372,1.24577],"to":[6.25,15.3372,5.24577],"faces":{"up":{"texture":"#0","tintindex":0,"uv":[0.0,0.0,0.0,0.0]},"west":{"texture":"#0","tintindex":0,"uv":[10.0,4.0,12.0,7.0]},"east":{"texture":"#0","tintindex":0,"uv":[12.0,4.0,10.0,7.0]},"south":{"texture":"#0","tintindex":0,"uv":[0.0,0.0,0.0,0.0]},"down":{"texture":"#0","tintindex":0,"uv":[0.0,0.0,0.0,0.0]},"north":{"texture":"#0","tintindex":0,"uv":[0.0,0.0,0.0,0.0]}},"rotation":{"axis":"x","angle":-22.5,"origin":[8.0,12.3372,3.24577]}},{"from":[6.5,10.0872,5.99577],"to":[6.5,12.0872,11.9957695],"faces":{"up":{"texture":"#0","tintindex":0,"uv":[0.0,0.0,0.0,0.0]},"west":{"texture":"#0","tintindex":0,"uv":[11.0,8.5,14.0,9.5]},"east":{"texture":"#0","tintindex":0,"uv":[14.0,8.5,11.0,9.5]},"south":{"texture":"#0","tintindex":0,"uv":[0.0,0.0,0.0,0.0]},"down":{"texture":"#0","tintindex":0,"uv":[0.0,0.0,0.0,0.0]},"north":{"texture":"#0","tintindex":0,"uv":[0.0,0.0,0.0,0.0]}},"rotation":{"axis":"y","angle":0.0,"origin":[8.0,6.3372,7.99577]}},{"from":[6.25,4.3372,9.9957695],"to":[9.75,6.3372,9.9957695],"faces":{"up":{"texture":"#0","tintindex":0,"uv":[2.0,0.0,0.0,0.0]},"west":{"texture":"#0","tintindex":0,"uv":[0.0,0.0,0.0,1.0]},"east":{"texture":"#0","tintindex":0,"uv":[0.0,0.0,0.0,1.0]},"south":{"texture":"#0","tintindex":0,"uv":[13.0,9.5,11.0,10.5]},"down":{"texture":"#0","tintindex":0,"uv":[2.0,0.0,0.0,0.0]},"north":{"texture":"#0","tintindex":0,"uv":[11.0,9.5,13.0,10.5]}},"rotation":{"axis":"x","angle":-22.5,"origin":[8.0,6.3372,9.4957695]}},{"from":[6.25,4.3372,11.4957695],"to":[9.75,6.3372,11.4957695],"faces":{"up":{"texture":"#0","tintindex":0,"uv":[2.0,0.0,0.0,0.0]},"west":{"texture":"#0","tintindex":0,"uv":[0.0,0.0,0.0,1.0]},"east":{"texture":"#0","tintindex":0,"uv":[0.0,0.0,0.0,1.0]},"south":{"texture":"#0","tintindex":0,"uv":[13.0,9.5,11.0,10.5]},"down":{"texture":"#0","tintindex":0,"uv":[2.0,0.0,0.0,0.0]},"north":{"texture":"#0","tintindex":0,"uv":[11.0,9.5,13.0,10.5]}},"rotation":{"axis":"x","angle":-22.5,"origin":[8.0,6.3372,10.9957695]}}],"display":{"head":{"rotation":[0.0,180.0,0.0]}}}