{"textures":{"0":"bil:item/firemoth/firemoth_hurt","particle":"bil:item/firemoth/firemoth_hurt"},"elements":[{"from":[-2.0,8.0,1.0],"to":[8.0,8.0,15.0],"faces":{"up":{"texture":"#0","tintindex":0,"uv":[5.0,7.0,0.0,0.0]},"west":{"texture":"#0","tintindex":0,"uv":[0.0,0.0,0.0,0.0]},"east":{"texture":"#0","tintindex":0,"uv":[0.0,0.0,0.0,0.0]},"south":{"texture":"#0","tintindex":0,"uv":[0.0,0.0,0.0,0.0]},"down":{"texture":"#0","tintindex":0,"uv":[5.0,0.0,0.0,7.0]},"north":{"texture":"#0","tintindex":0,"uv":[0.0,0.0,0.0,0.0]}},"rotation":{"axis":"y","angle":0.0,"origin":[8.0,8.0,8.0]}}],"display":{"head":{"rotation":[0.0,180.0,0.0]}}}