{
    "providers": [
        {
            "type": "bitmap",
            "file": "minecraft:ranks/owner.png",
            "ascent": 8,
            "height": 8,
            "chars": ["\uE800"]
        },
        {
            "type": "bitmap",
            "file": "minecraft:ranks/player.png",
            "ascent": 8,
            "height": 8,
            "chars": ["\uE801"]
        },
        {
            "type": "bitmap",
            "file": "minecraft:ranks/vip.png",
            "ascent": 8,
            "height": 8,
            "chars": ["\uE802"]
       }
  ]
}