{"textures":{"0":"bil:item/penguin/penguin","particle":"bil:item/penguin/penguin"},"elements":[{"from":[4.0,8.0,5.5],"to":[7.0,8.25,9.5],"faces":{"up":{"texture":"#0","tintindex":0,"uv":[7.5,8.0,6.75,7.0]},"west":{"texture":"#0","tintindex":0,"uv":[4.5,2.25,5.5,2.5]},"east":{"texture":"#0","tintindex":0,"uv":[4.5,2.0,5.5,2.25]},"south":{"texture":"#0","tintindex":0,"uv":[5.25,2.5,6.0,2.75]},"down":{"texture":"#0","tintindex":0,"uv":[8.0,2.0,7.25,3.0]},"north":{"texture":"#0","tintindex":0,"uv":[5.25,2.5,4.5,2.75]}},"rotation":{"axis":"y","angle":0.0,"origin":[8.0,8.0,11.5]}}],"display":{"head":{"rotation":[0.0,180.0,0.0]}}}