{"textures":{"0":"bil:item/seagull/texture","particle":"bil:item/seagull/texture"},"elements":[{"from":[7.0,5.0,6.5],"to":[10.0,14.0,9.5],"faces":{"up":{"texture":"#0","tintindex":0,"uv":[6.5,11.5,5.0,10.0]},"west":{"texture":"#0","tintindex":0,"uv":[8.0,8.5,9.5,13.0]},"east":{"texture":"#0","tintindex":0,"uv":[1.5,8.5,3.0,13.0]},"south":{"texture":"#0","tintindex":0,"uv":[3.0,8.5,4.5,13.0]},"down":{"texture":"#0","tintindex":0,"uv":[8.0,10.0,6.5,11.5]},"north":{"texture":"#0","tintindex":0,"uv":[0.0,8.5,1.5,13.0]}},"rotation":{"axis":"y","angle":0.0,"origin":[8.5,4.0,6.5]}},{"from":[7.5,10.5,3.5],"to":[9.5,12.5,6.5],"faces":{"up":{"texture":"#0","tintindex":0,"uv":[11.0,12.0,10.0,10.5]},"west":{"texture":"#0","tintindex":0,"uv":[10.0,9.5,11.5,10.5]},"east":{"texture":"#0","tintindex":0,"uv":[10.0,8.5,11.5,9.5]},"south":{"texture":"#0","tintindex":0,"uv":[11.0,7.5,12.0,8.5]},"down":{"texture":"#0","tintindex":0,"uv":[12.0,2.5,11.0,4.0]},"north":{"texture":"#0","tintindex":0,"uv":[11.0,6.5,12.0,7.5]}},"rotation":{"axis":"y","angle":0.0,"origin":[8.0,3.5,3.5]}}],"display":{"head":{"rotation":[0.0,180.0,0.0]}}}