{"textures":{"0":"bil:item/seagull/texture","particle":"bil:item/seagull/texture"},"elements":[{"from":[7.15341,6.0,8.0],"to":[8.15341,11.0,18.0],"faces":{"up":{"texture":"#0","tintindex":0,"uv":[5.0,13.5,4.5,8.5]},"west":{"texture":"#0","tintindex":0,"uv":[8.0,0.0,13.0,2.5]},"east":{"texture":"#0","tintindex":0,"uv":[13.0,0.0,8.0,2.5]},"south":{"texture":"#0","tintindex":0,"uv":[5.0,11.5,5.5,14.0]},"down":{"texture":"#0","tintindex":0,"uv":[10.0,8.5,9.5,13.5]},"north":{"texture":"#0","tintindex":0,"uv":[11.5,4.0,12.0,6.5]}},"rotation":{"axis":"y","angle":0.0,"origin":[3.15341,6.0,14.0]}},{"from":[7.5,6.85,17.25],"to":[7.5,10.85,22.25],"faces":{"up":{"texture":"#0","tintindex":0,"uv":[0.0,0.0,0.0,0.0]},"west":{"texture":"#0","tintindex":0,"uv":[11.5,8.5,14.0,10.5]},"east":{"texture":"#0","tintindex":0,"uv":[14.0,8.5,11.5,10.5]},"south":{"texture":"#0","tintindex":0,"uv":[0.0,0.0,0.0,0.0]},"down":{"texture":"#0","tintindex":0,"uv":[0.0,0.0,0.0,0.0]},"north":{"texture":"#0","tintindex":0,"uv":[0.0,0.0,0.0,0.0]}},"rotation":{"axis":"x","angle":-22.5,"origin":[1.0,8.5,18.0]}}],"display":{"head":{"rotation":[0.0,180.0,0.0]}}}