{"textures":{"0":"bil:item/seagull/texture","particle":"bil:item/seagull/texture"},"elements":[{"from":[6.5,3.0,6.0],"to":[8.5,3.0,8.0],"faces":{"up":{"texture":"#0","tintindex":0,"uv":[5.5,11.5,6.5,12.5]},"west":{"texture":"#0","tintindex":0,"uv":[0.0,0.0,1.0,0.0]},"east":{"texture":"#0","tintindex":0,"uv":[0.0,0.0,1.0,0.0]},"south":{"texture":"#0","tintindex":0,"uv":[0.0,0.0,1.0,0.0]},"down":{"texture":"#0","tintindex":0,"uv":[5.5,11.5,6.5,12.5]},"north":{"texture":"#0","tintindex":0,"uv":[0.0,0.0,1.0,0.0]}},"rotation":{"axis":"y","angle":0.0,"origin":[8.5,3.0,7.0]}},{"from":[7.0,3.0,8.0],"to":[8.0,8.0,8.0],"faces":{"up":{"texture":"#0","tintindex":0,"uv":[0.0,0.0,0.5,0.0]},"west":{"texture":"#0","tintindex":0,"uv":[0.0,0.0,0.0,2.5]},"east":{"texture":"#0","tintindex":0,"uv":[0.0,0.0,0.0,2.5]},"south":{"texture":"#0","tintindex":0,"uv":[11.0,10.5,11.5,13.0]},"down":{"texture":"#0","tintindex":0,"uv":[0.0,0.0,0.5,0.0]},"north":{"texture":"#0","tintindex":0,"uv":[11.0,4.0,11.5,6.5]}},"rotation":{"axis":"y","angle":0.0,"origin":[8.0,3.0,9.0]}}],"display":{"head":{"rotation":[0.0,180.0,0.0]}}}