{"textures":{"0":"bil:item/seagull/texture","particle":"bil:item/seagull/texture"},"elements":[{"from":[5.5,7.0,3.0],"to":[10.5,12.0,13.0],"faces":{"up":{"texture":"#0","tintindex":0,"uv":[7.5,5.0,5.0,0.0]},"west":{"texture":"#0","tintindex":0,"uv":[5.0,0.0,0.0,2.5]},"east":{"texture":"#0","tintindex":0,"uv":[0.0,0.0,5.0,2.5]},"south":{"texture":"#0","tintindex":0,"uv":[8.0,5.5,10.5,8.0]},"down":{"texture":"#0","tintindex":0,"uv":[7.5,5.0,5.0,10.0]},"north":{"texture":"#0","tintindex":0,"uv":[8.0,2.5,10.5,5.0]}},"rotation":{"axis":"y","angle":0.0,"origin":[8.0,7.0,10.0]}},{"from":[5.5,9.389999,12.25],"to":[10.5,9.389999,18.25],"faces":{"up":{"texture":"#0","tintindex":0,"uv":[13.0,0.0,15.5,3.0]},"west":{"texture":"#0","tintindex":0,"uv":[0.0,0.0,0.0,0.0]},"east":{"texture":"#0","tintindex":0,"uv":[0.0,0.0,0.0,0.0]},"south":{"texture":"#0","tintindex":0,"uv":[0.0,0.0,0.0,0.0]},"down":{"texture":"#0","tintindex":0,"uv":[13.0,0.0,15.5,3.0]},"north":{"texture":"#0","tintindex":0,"uv":[0.0,0.0,0.0,0.0]}},"rotation":{"axis":"y","angle":22.5,"origin":[8.0,9.5,12.25]}},{"from":[5.5,9.5,13.0],"to":[10.5,9.5,19.0],"faces":{"up":{"texture":"#0","tintindex":0,"uv":[13.0,0.0,15.5,3.0]},"west":{"texture":"#0","tintindex":0,"uv":[0.0,0.0,0.0,0.0]},"east":{"texture":"#0","tintindex":0,"uv":[0.0,0.0,0.0,0.0]},"south":{"texture":"#0","tintindex":0,"uv":[0.0,0.0,0.0,0.0]},"down":{"texture":"#0","tintindex":0,"uv":[13.0,0.0,15.5,3.0]},"north":{"texture":"#0","tintindex":0,"uv":[0.0,0.0,0.0,0.0]}},"rotation":{"axis":"y","angle":0.0,"origin":[8.0,9.5,13.0]}},{"from":[5.5,9.4,12.25],"to":[10.5,9.4,18.25],"faces":{"up":{"texture":"#0","tintindex":0,"uv":[13.0,0.0,15.5,3.0]},"west":{"texture":"#0","tintindex":0,"uv":[0.0,0.0,0.0,0.0]},"east":{"texture":"#0","tintindex":0,"uv":[0.0,0.0,0.0,0.0]},"south":{"texture":"#0","tintindex":0,"uv":[0.0,0.0,0.0,0.0]},"down":{"texture":"#0","tintindex":0,"uv":[13.0,0.0,15.5,3.0]},"north":{"texture":"#0","tintindex":0,"uv":[0.0,0.0,0.0,0.0]}},"rotation":{"axis":"y","angle":-22.5,"origin":[8.0,9.5,12.25]}}],"display":{"head":{"rotation":[0.0,180.0,0.0]}}}