{"textures":{"0":"bil:item/nautilus/texture","particle":"bil:item/nautilus/texture"},"elements":[{"from":[5.1,6.6,0.5999999],"to":[10.9,11.4,7.4],"faces":{"up":{"texture":"#0","tintindex":0,"uv":[5.0,12.25,3.5,10.5]},"west":{"texture":"#0","tintindex":0,"uv":[5.25,8.0,7.0,9.25]},"east":{"texture":"#0","tintindex":0,"uv":[3.5,8.0,5.25,9.25]},"south":{"texture":"#0","tintindex":0,"uv":[3.5,9.25,5.0,10.5]},"down":{"texture":"#0","tintindex":0,"uv":[6.5,10.5,5.0,12.25]},"north":{"texture":"#0","tintindex":0,"uv":[5.0,9.25,6.5,10.5]}},"rotation":{"axis":"x","angle":-22.5,"origin":[8.0,9.0,2.5]}},{"from":[5.15,6.65,-5.8500004],"to":[10.85,11.35,0.8499999],"faces":{"up":{"texture":"#0","tintindex":0,"uv":[10.5,11.25,8.75,9.5]},"west":{"texture":"#0","tintindex":0,"rotation":90,"uv":[10.5,9.5,11.75,11.25]},"east":{"texture":"#0","tintindex":0,"rotation":270,"uv":[7.5,9.5,8.75,11.25]},"south":{"texture":"#0","tintindex":0,"uv":[7.5,11.25,9.25,12.5]},"down":{"texture":"#0","tintindex":0,"uv":[13.5,9.5,11.75,11.25]},"north":{"texture":"#0","tintindex":0,"uv":[9.25,11.25,11.0,12.5]}},"rotation":{"axis":"x","angle":-22.5,"origin":[8.0,9.0,2.5]}},{"from":[10.85,11.35,0.8499999],"to":[5.15,6.65,-5.8500004],"faces":{"up":{"texture":"#0","tintindex":0,"uv":[11.75,9.5,13.5,11.25]},"west":{"texture":"#0","tintindex":0,"rotation":270,"uv":[8.75,9.5,7.5,11.25]},"east":{"texture":"#0","tintindex":0,"rotation":90,"uv":[11.75,9.5,10.5,11.25]},"south":{"texture":"#0","tintindex":0,"uv":[9.25,12.5,11.0,11.25]},"down":{"texture":"#0","tintindex":0,"uv":[8.75,11.25,10.5,9.5]},"north":{"texture":"#0","tintindex":0,"uv":[7.5,12.5,9.25,11.25]}},"rotation":{"axis":"x","angle":-22.5,"origin":[8.0,9.0,2.5]}},{"from":[5.0,6.5,0.5],"to":[11.0,11.5,7.5],"faces":{"up":{"texture":"#0","tintindex":0,"uv":[8.5,12.25,7.0,10.5]},"west":{"texture":"#0","tintindex":0,"uv":[8.75,8.0,10.5,9.25]},"east":{"texture":"#0","tintindex":0,"uv":[7.0,8.0,8.75,9.25]},"south":{"texture":"#0","tintindex":0,"uv":[7.0,9.25,8.5,10.5]},"down":{"texture":"#0","tintindex":0,"uv":[10.0,10.5,8.5,12.25]},"north":{"texture":"#0","tintindex":0,"uv":[8.5,9.25,10.0,10.5]}},"rotation":{"axis":"x","angle":-22.5,"origin":[8.0,9.0,2.5]}}],"display":{"head":{"rotation":[0.0,180.0,0.0]}}}