{"textures":{"0":"bil:item/lobster/texture","particle":"bil:item/lobster/texture"},"elements":[{"from":[5.5,7.0,8.0],"to":[10.5,9.0,16.0],"faces":{"up":{"texture":"#0","tintindex":0,"uv":[2.5,9.0,0.0,5.0]},"west":{"texture":"#0","tintindex":0,"uv":[9.5,7.5,13.5,8.5]},"east":{"texture":"#0","tintindex":0,"uv":[9.5,6.5,13.5,7.5]},"south":{"texture":"#0","tintindex":0,"uv":[7.0,11.0,9.5,12.0]},"down":{"texture":"#0","tintindex":0,"uv":[2.5,5.0,0.0,9.0]},"north":{"texture":"#0","tintindex":0,"uv":[0.0,11.0,2.5,12.0]}},"rotation":{"axis":"y","angle":0.0,"origin":[9.5,6.0,7.0]}},{"from":[3.5,8.0,14.0],"to":[12.5,8.0,19.0],"faces":{"up":{"texture":"#0","tintindex":0,"uv":[4.5,2.5,0.0,0.0]},"west":{"texture":"#0","tintindex":0,"uv":[0.0,0.0,2.5,0.0]},"east":{"texture":"#0","tintindex":0,"uv":[0.0,0.0,2.5,0.0]},"south":{"texture":"#0","tintindex":0,"uv":[0.0,0.0,4.5,0.0]},"down":{"texture":"#0","tintindex":0,"uv":[4.5,2.5,0.0,5.0]},"north":{"texture":"#0","tintindex":0,"uv":[0.0,0.0,4.5,0.0]}},"rotation":{"axis":"y","angle":0.0,"origin":[9.5,6.0,7.0]}}],"display":{"head":{"rotation":[0.0,180.0,0.0]}}}