{"textures":{"0":"bil:item/showmaster/showmaster_hurt","particle":"bil:item/showmaster/showmaster_hurt"},"elements":[{"from":[5.0,-2.0,6.0],"to":[9.0,10.0,10.0],"faces":{"up":{"texture":"#0","tintindex":0,"uv":[0.5,7.125,1.0,6.625]},"west":{"texture":"#0","tintindex":0,"uv":[0.5,7.125,0.0,8.625]},"east":{"texture":"#0","tintindex":0,"uv":[0.5,7.125,0.0,8.625]},"south":{"texture":"#0","tintindex":0,"uv":[2.0,7.125,1.5,8.625]},"down":{"texture":"#0","tintindex":0,"uv":[1.0,6.625,1.5,7.125]},"north":{"texture":"#0","tintindex":0,"uv":[1.0,7.125,0.5,8.625]}},"rotation":{"axis":"y","angle":0.0,"origin":[13.0,-14.0,8.0]}}],"display":{"head":{"rotation":[0.0,180.0,0.0]}}}