{
  "variants": {
    "age=0": {
      "model": "borukva-food:block/ender_infected_onion_stage0"
    },
    "age=1": {
      "model": "borukva-food:block/ender_infected_onion_stage1"
    },
    "age=2": {
      "model": "borukva-food:block/ender_infected_onion_stage2"
    },
    "age=3": {
      "model": "borukva-food:block/ender_infected_onion_stage3"
    },
    "age=4": {
      "model": "borukva-food:block/ender_infected_onion_stage4"
    },
    "age=5": {
      "model": "borukva-food:block/ender_infected_onion_stage5"
    },
    "age=6": {
      "model": "borukva-food:block/ender_infected_onion_stage6"
    },
    "age=7": {
      "model": "borukva-food:block/ender_infected_onion_stage7"
    }
  }
}