{"textures":{"0":"bil:item/tuna/texture","particle":"bil:item/tuna/texture"},"elements":[{"from":[6.0,4.0,8.0],"to":[10.0,12.0,16.0],"faces":{"up":{"texture":"#0","tintindex":0,"uv":[2.0,9.5,1.0,7.5]},"west":{"texture":"#0","tintindex":0,"uv":[2.0,4.5,0.0,6.5]},"east":{"texture":"#0","tintindex":0,"uv":[0.0,4.5,2.0,6.5]},"south":{"texture":"#0","tintindex":0,"uv":[0.0,7.5,1.0,9.5]},"down":{"texture":"#0","tintindex":0,"uv":[3.0,7.5,2.0,9.5]},"north":{"texture":"#0","tintindex":0,"uv":[6.75,7.0,7.75,9.0]}},"rotation":{"axis":"y","angle":0.0,"origin":[8.0,4.0,13.0]}},{"from":[8.0,7.5,10.5],"to":[8.0,18.5,14.5],"faces":{"up":{"texture":"#0","tintindex":0,"uv":[0.0,0.0,0.0,1.25]},"west":{"texture":"#0","tintindex":0,"uv":[3.75,0.0,2.5,3.25]},"east":{"texture":"#0","tintindex":0,"uv":[2.5,0.0,3.75,3.25]},"south":{"texture":"#0","tintindex":0,"uv":[0.0,0.0,0.0,3.75]},"down":{"texture":"#0","tintindex":0,"uv":[0.0,0.0,0.0,1.25]},"north":{"texture":"#0","tintindex":0,"uv":[0.0,0.0,0.0,3.75]}},"rotation":{"axis":"x","angle":22.5,"origin":[8.0,8.0,17.5]}},{"from":[8.0,-2.5,10.5],"to":[8.0,8.5,14.5],"faces":{"up":{"texture":"#0","tintindex":0,"uv":[0.0,0.0,0.0,1.25]},"west":{"texture":"#0","tintindex":0,"uv":[3.75,3.25,2.5,0.0]},"east":{"texture":"#0","tintindex":0,"uv":[2.5,3.25,3.75,0.0]},"south":{"texture":"#0","tintindex":0,"uv":[0.0,0.0,0.0,3.75]},"down":{"texture":"#0","tintindex":0,"uv":[0.0,0.0,0.0,1.25]},"north":{"texture":"#0","tintindex":0,"uv":[0.0,0.0,0.0,3.75]}},"rotation":{"axis":"x","angle":-22.5,"origin":[8.0,8.0,17.5]}}],"display":{"head":{"rotation":[0.0,180.0,0.0]}}}