{
	"credit": "Created by Mickey Joe Alpha - http://YouTube.com/@MushirMickeyJoe",
	"texture_size": [32, 32],
	"textures": {
		"particle": "item/bow/arm_cannon"
	},
	"elements": [
		{
			"from": [5.5, 0, 1],
			"to": [10.5, 5, 9],
			"faces": {
				"north": {"uv": [0, 4, 2.5, 6.5], "texture": "#particle"},
				"east": {"uv": [6.5, 4, 2.5, 6.5], "texture": "#particle"},
				"west": {"uv": [2.5, 4, 6.5, 6.5], "texture": "#particle"},
				"up": {"uv": [2.5, 4, 0, 0], "texture": "#particle"},
				"down": {"uv": [5, 0, 2.5, 4], "texture": "#particle"}
			}
		},
		{
			"from": [6.5, 5, 7],
			"to": [9.5, 6, 9],
			"faces": {
				"north": {"uv": [9.5, 6, 11, 6.5], "texture": "#particle"},
				"east": {"uv": [8.5, 6, 9.5, 6.5], "texture": "#particle"},
				"south": {"uv": [12, 6, 13.5, 6.5], "texture": "#particle"},
				"west": {"uv": [11, 6, 12, 6.5], "texture": "#particle"},
				"up": {"uv": [11, 6, 9.5, 5], "texture": "#particle"}
			}
		},
		{
			"from": [4.5, 0.3, 4.7],
			"to": [6.5, 4.3, 8.7],
			"rotation": {"angle": -45, "axis": "x", "origin": [8, 2.5, 7]},
			"faces": {
				"north": {"uv": [12, 10, 13, 12], "texture": "#particle"},
				"east": {"uv": [10, 14, 12, 16], "texture": "#particle"},
				"south": {"uv": [15, 10, 16, 12], "texture": "#particle"},
				"west": {"uv": [13, 10, 15, 12], "texture": "#particle"},
				"up": {"uv": [13, 10, 12, 8], "texture": "#particle"},
				"down": {"uv": [14, 8, 13, 10], "texture": "#particle"}
			}
		},
		{
			"from": [9.5, 0.3, 4.7],
			"to": [11.5, 4.3, 8.7],
			"rotation": {"angle": -45, "axis": "x", "origin": [8, 2.5, 7]},
			"faces": {
				"north": {"uv": [13, 10, 12, 12], "texture": "#particle"},
				"east": {"uv": [15, 10, 13, 12], "texture": "#particle"},
				"south": {"uv": [16, 10, 15, 12], "texture": "#particle"},
				"west": {"uv": [12, 14, 10, 16], "texture": "#particle"},
				"up": {"uv": [12, 10, 13, 8], "texture": "#particle"},
				"down": {"uv": [13, 8, 14, 10], "texture": "#particle"}
			}
		},
		{
			"from": [10.5, 5, 9],
			"to": [5.5, 0, 1],
			"faces": {
				"east": {"uv": [2.5, 6.5, 6.5, 4], "texture": "#particle"},
				"south": {"uv": [0, 6.5, 2.5, 4], "texture": "#particle"},
				"west": {"uv": [6.5, 6.5, 2.5, 4], "texture": "#particle"},
				"up": {"uv": [5, 0, 2.5, 4], "texture": "#particle"},
				"down": {"uv": [2.5, 4, 0, 0], "texture": "#particle"}
			}
		},
		{
			"from": [6.5, -1, 6],
			"to": [9.5, 0, 11],
			"faces": {
				"north": {"uv": [2.5, 9, 4, 9.5], "texture": "#particle"},
				"east": {"uv": [0, 9, 2.5, 9.5], "texture": "#particle"},
				"south": {"uv": [6.5, 9, 8, 9.5], "texture": "#particle"},
				"west": {"uv": [4, 9, 6.5, 9.5], "texture": "#particle"},
				"up": {"uv": [4, 9, 2.5, 6.5], "texture": "#particle"},
				"down": {"uv": [5.5, 6.5, 4, 9], "texture": "#particle"}
			}
		},
		{
			"from": [6.5, 1, -2],
			"to": [9.5, 4, 1],
			"faces": {
				"north": {"uv": [6.5, 1.5, 8, 3], "texture": "#particle"},
				"east": {"uv": [5, 1.5, 6.5, 3], "texture": "#particle"},
				"west": {"uv": [8, 1.5, 9.5, 3], "texture": "#particle"},
				"up": {"uv": [8, 1.5, 6.5, 0], "texture": "#particle"},
				"down": {"uv": [9.5, 0, 8, 1.5], "texture": "#particle"}
			}
		}
	],
	"gui_light": "front",
	"display": {
		"thirdperson_righthand": {
			"translation": [0, 3.5, 5.25]
		},
		"thirdperson_lefthand": {
			"translation": [0, 3.5, 6.25]
		},
		"firstperson_righthand": {
			"rotation": [69, 1, 14],
			"translation": [2.25, 5.75, 6.38],
			"scale": [0.68, 0.68, 0.68]
		},
		"firstperson_lefthand": {
			"rotation": [69, 1, 14],
			"translation": [2.25, 5.75, 6.38],
			"scale": [0.68, 0.68, 0.68]
		},
		"ground": {
			"translation": [0, 5.75, 0],
			"scale": [0.75, 0.75, 0.75]
		},
		"gui": {
			"rotation": [108, 47, -135],
			"translation": [5.75, 1.75, 0]
		},
		"head": {
			"translation": [0, 1.5, -6.5]
		},
		"fixed": {
			"rotation": [90, -45, 90],
			"translation": [-6, 2.75, -1.75]
		}
	}
}