{
	"credit": "Created by Mickey Joe Alpha - http://YouTube.com/@MushirMickeyJoe",
	"texture_size": [32, 32],
	"textures": {
		"1": "item/bow/arm_cannon_ring",
		"2": "item/bow/arm_cannon_siphon",
		"3": "item/bow/arm_cannon_arrow",
		"4": "./arm_cannon_pulse",
		"particle": "item/bow/arm_cannon"
	},
	"elements": [
		{
			"from": [5.5, 0, 1],
			"to": [10.5, 5, 9],
			"faces": {
				"north": {"uv": [0, 4, 2.5, 6.5], "texture": "#particle"},
				"east": {"uv": [6.5, 12, 2.5, 14.5], "texture": "#particle"},
				"west": {"uv": [2.5, 12, 6.5, 14.5], "texture": "#particle"},
				"up": {"uv": [9, 16, 6.5, 12], "texture": "#particle"},
				"down": {"uv": [5, 0, 2.5, 4], "texture": "#particle"}
			}
		},
		{
			"from": [4.75, 3.5, 2.5],
			"to": [7.75, 5.5, 9.5],
			"faces": {
				"west": {"uv": [1.5, 15, 5, 16], "texture": "#particle"},
				"up": {"uv": [1.5, 15, 0, 11.5], "texture": "#particle"}
			}
		},
		{
			"from": [11.25, 5.5, 9.5],
			"to": [8.25, 3.5, 2.5],
			"rotation": {"angle": 0, "axis": "y", "origin": [16, 0, 0]},
			"faces": {
				"west": {"uv": [5, 16, 1.5, 15], "texture": "#particle"},
				"down": {"uv": [1.5, 15, 0, 11.5], "texture": "#particle"}
			}
		},
		{
			"from": [7.75, 5.5, 9.5],
			"to": [4.75, 3.5, 2.5],
			"faces": {
				"east": {"uv": [1.5, 16, 5, 15], "texture": "#particle"},
				"down": {"uv": [1.5, 15, 0, 11.5], "texture": "#particle"}
			}
		},
		{
			"from": [8.25, 3.5, 2.5],
			"to": [11.25, 5.5, 9.5],
			"rotation": {"angle": 0, "axis": "y", "origin": [16, 0, 0]},
			"faces": {
				"east": {"uv": [5, 15, 1.5, 16], "texture": "#particle"},
				"up": {"uv": [0, 15, 1.5, 11.5], "texture": "#particle"}
			}
		},
		{
			"from": [6.5, 1, 0],
			"to": [9.5, 4, 1],
			"faces": {
				"north": {"uv": [12.5, 3.5, 14, 5], "texture": "#particle"},
				"east": {"uv": [12, 3.5, 12.5, 5], "texture": "#particle"},
				"west": {"uv": [14, 3.5, 14.5, 5], "texture": "#particle"},
				"up": {"uv": [14, 3.5, 12.5, 3], "texture": "#particle"},
				"down": {"uv": [15.5, 3, 14, 3.5], "texture": "#particle"}
			}
		},
		{
			"from": [4.5, -1, 1],
			"to": [11.5, 6, 1],
			"faces": {
				"north": {"uv": [8.5, 6.5, 12, 10], "texture": "#particle"},
				"south": {"uv": [8.5, 6.5, 12, 10], "texture": "#particle"}
			}
		},
		{
			"from": [5, -0.5, 0],
			"to": [11, 5.5, 1],
			"faces": {
				"east": {"uv": [6.5, 5, 7, 8], "texture": "#particle"},
				"west": {"uv": [7, 5, 7.5, 8], "texture": "#particle"},
				"up": {"uv": [9.5, 3.5, 6.5, 3], "texture": "#particle"},
				"down": {"uv": [9.5, 3.5, 6.5, 4], "texture": "#particle"}
			}
		},
		{
			"from": [11, 5.5, 1],
			"to": [5, -0.5, 0],
			"faces": {
				"east": {"uv": [7.5, 5, 8, 8], "texture": "#particle"},
				"west": {"uv": [8, 5, 8.5, 8], "texture": "#particle"},
				"up": {"uv": [9.5, 4.5, 6.5, 4], "texture": "#particle"},
				"down": {"uv": [9.5, 4.5, 6.5, 5], "texture": "#particle"}
			}
		},
		{
			"from": [10.5, 5, 9],
			"to": [5.5, 0, 1],
			"faces": {
				"east": {"uv": [2.5, 6.5, 6.5, 4], "texture": "#particle"},
				"south": {"uv": [2.25, 6.25, 0, 4], "texture": "#particle"},
				"west": {"uv": [6.5, 6.5, 2.5, 4], "texture": "#particle"},
				"up": {"uv": [5, 0, 2.5, 4], "texture": "#particle"},
				"down": {"uv": [2.5, 4, 0, 0], "texture": "#particle"}
			}
		},
		{
			"from": [6.5, -1, 6],
			"to": [9.5, 0, 11],
			"faces": {
				"north": {"uv": [2.5, 9, 3.75, 9.25], "texture": "#particle"},
				"east": {"uv": [0, 9, 2.5, 9.5], "texture": "#particle"},
				"south": {"uv": [6.5, 9, 7.75, 9.25], "texture": "#particle"},
				"west": {"uv": [4, 9, 6.5, 9.5], "texture": "#particle"},
				"up": {"uv": [4, 9, 2.5, 6.5], "texture": "#particle"},
				"down": {"uv": [5.5, 6.5, 4, 9], "texture": "#particle"}
			}
		},
		{
			"from": [9.5, 4, -2],
			"to": [11.5, 6, 1],
			"faces": {
				"east": {"uv": [9.5, 1.5, 11, 2.5], "texture": "#particle"},
				"up": {"uv": [12, 1.5, 11, 0], "texture": "#particle"}
			}
		},
		{
			"from": [4.5, 4, -2],
			"to": [6.5, 6, 1],
			"rotation": {"angle": 0, "axis": "y", "origin": [16, 0, 0]},
			"faces": {
				"west": {"uv": [11, 1.5, 9.5, 2.5], "texture": "#particle"},
				"up": {"uv": [11, 1.5, 12, 0], "texture": "#particle"}
			}
		},
		{
			"from": [9.5, -1, -2],
			"to": [11.5, 1, 1],
			"rotation": {"angle": 0, "axis": "y", "origin": [0, 16, 0]},
			"faces": {
				"east": {"uv": [12, 2.5, 13.5, 1.5], "texture": "#particle"},
				"down": {"uv": [14.5, 0, 13.5, 1.5], "texture": "#particle"}
			}
		},
		{
			"from": [4.5, -1, -2],
			"to": [6.5, 1, 1],
			"rotation": {"angle": 0, "axis": "y", "origin": [16, 16, 0]},
			"faces": {
				"west": {"uv": [13.5, 2.5, 12, 1.5], "texture": "#particle"},
				"down": {"uv": [13.5, 0, 14.5, 1.5], "texture": "#particle"}
			}
		},
		{
			"from": [6.5, 6, 1],
			"to": [4.5, 4, -2],
			"rotation": {"angle": 0, "axis": "y", "origin": [16, 0, 0]},
			"faces": {
				"east": {"uv": [11, 2.5, 9.5, 1.5], "texture": "#particle"},
				"down": {"uv": [11, 1.5, 12, 0], "texture": "#particle"}
			}
		},
		{
			"from": [6.5, 1, 1],
			"to": [4.5, -1, -2],
			"rotation": {"angle": 0, "axis": "y", "origin": [16, 16, 0]},
			"faces": {
				"east": {"uv": [13.5, 1.5, 12, 2.5], "texture": "#particle"},
				"up": {"uv": [14.5, 0, 13.5, 1.5], "texture": "#particle"}
			}
		},
		{
			"from": [11.5, 1, 1],
			"to": [9.5, -1, -2],
			"rotation": {"angle": 0, "axis": "y", "origin": [0, 16, 0]},
			"faces": {
				"west": {"uv": [12, 1.5, 13.5, 2.5], "texture": "#particle"},
				"up": {"uv": [13.5, 0, 14.5, 1.5], "texture": "#particle"}
			}
		},
		{
			"from": [11.5, 6, 1],
			"to": [9.5, 4, -2],
			"faces": {
				"west": {"uv": [9.5, 2.5, 11, 1.5], "texture": "#particle"},
				"down": {"uv": [12, 1.5, 11, 0], "texture": "#particle"}
			}
		},
		{
			"from": [0.5, -5.25, 0],
			"to": [15.5, 9.75, 0],
			"rotation": {"angle": 0, "axis": "y", "origin": [7.5, 2.75, 0]},
			"faces": {
				"north": {"uv": [0, 0, 3.75, 3.75], "texture": "#1"},
				"south": {"uv": [3.75, 0, 0, 3.75], "texture": "#1"}
			}
		},
		{
			"from": [0.5, -5.25, 0],
			"to": [15.5, 9.75, 0],
			"rotation": {"angle": 22.5, "axis": "z", "origin": [7.5, 2.75, 0]},
			"faces": {
				"north": {"uv": [4, 0, 7.75, 3.75], "texture": "#1"},
				"south": {"uv": [7.75, 0, 4, 3.75], "texture": "#1"}
			}
		},
		{
			"from": [0.5, -5.25, 0],
			"to": [15.5, 9.75, 0],
			"rotation": {"angle": 45, "axis": "z", "origin": [7.5, 2.75, 0]},
			"faces": {
				"north": {"uv": [8, 0, 11.75, 3.75], "texture": "#1"},
				"south": {"uv": [11.75, 0, 8, 3.75], "texture": "#1"}
			}
		},
		{
			"from": [0.5, -5.25, 0],
			"to": [15.5, 9.75, 0],
			"rotation": {"angle": -22.5, "axis": "z", "origin": [7.5, 2.75, 0]},
			"faces": {
				"north": {"uv": [12, 0, 15.75, 3.75], "rotation": 90, "texture": "#1"},
				"south": {"uv": [15.75, 0, 12, 3.75], "rotation": 270, "texture": "#1"}
			}
		},
		{
			"from": [0.5, -5.25, 0],
			"to": [15.5, 9.75, 0],
			"rotation": {"angle": 0, "axis": "z", "origin": [7.5, 2.75, 0]},
			"faces": {
				"north": {"uv": [0, 4, 3.75, 7.75], "rotation": 90, "texture": "#1"},
				"south": {"uv": [3.75, 4, 0, 7.75], "rotation": 270, "texture": "#1"}
			}
		},
		{
			"from": [0.5, -5.25, 0],
			"to": [15.5, 9.75, 0],
			"rotation": {"angle": 22.5, "axis": "z", "origin": [7.5, 2.75, 0]},
			"faces": {
				"north": {"uv": [4, 4, 7.75, 7.75], "rotation": 90, "texture": "#1"},
				"south": {"uv": [7.75, 4, 4, 7.75], "rotation": 270, "texture": "#1"}
			}
		},
		{
			"from": [0.5, -5.25, 0],
			"to": [15.5, 9.75, 0],
			"rotation": {"angle": 45, "axis": "z", "origin": [7.5, 2.75, 0]},
			"faces": {
				"north": {"uv": [8, 4, 11.75, 7.75], "rotation": 90, "texture": "#1"},
				"south": {"uv": [11.75, 4, 8, 7.75], "rotation": 270, "texture": "#1"}
			}
		},
		{
			"from": [0.5, -5.25, 0],
			"to": [15.5, 9.75, 0],
			"rotation": {"angle": -22.5, "axis": "z", "origin": [7.5, 2.75, 0]},
			"faces": {
				"north": {"uv": [12, 4, 15.75, 7.75], "rotation": 180, "texture": "#1"},
				"south": {"uv": [15.75, 4, 12, 7.75], "rotation": 180, "texture": "#1"}
			}
		},
		{
			"from": [0.5, -5.25, 0],
			"to": [15.5, 9.75, 0],
			"rotation": {"angle": 0, "axis": "z", "origin": [7.5, 2.75, 0]},
			"faces": {
				"north": {"uv": [0, 8, 3.75, 11.75], "rotation": 180, "texture": "#1"},
				"south": {"uv": [3.75, 8, 0, 11.75], "rotation": 180, "texture": "#1"}
			}
		},
		{
			"from": [0.5, -5.25, 0],
			"to": [15.5, 9.75, 0],
			"rotation": {"angle": 22.5, "axis": "z", "origin": [7.5, 2.75, 0]},
			"faces": {
				"north": {"uv": [4, 8, 7.75, 11.75], "rotation": 180, "texture": "#1"},
				"south": {"uv": [7.75, 8, 4, 11.75], "rotation": 180, "texture": "#1"}
			}
		},
		{
			"from": [0.5, -5.25, 0],
			"to": [15.5, 9.75, 0],
			"rotation": {"angle": 45, "axis": "z", "origin": [7.5, 2.75, 0]},
			"faces": {
				"north": {"uv": [8, 8, 11.75, 11.75], "rotation": 180, "texture": "#1"},
				"south": {"uv": [11.75, 8, 8, 11.75], "rotation": 180, "texture": "#1"}
			}
		},
		{
			"from": [0.5, -5.25, 0],
			"to": [15.5, 9.75, 0],
			"rotation": {"angle": -22.5, "axis": "z", "origin": [7.5, 2.75, 0]},
			"faces": {
				"north": {"uv": [12, 8, 15.75, 11.75], "rotation": 270, "texture": "#1"},
				"south": {"uv": [15.75, 8, 12, 11.75], "rotation": 90, "texture": "#1"}
			}
		},
		{
			"from": [0.5, -5.25, 0],
			"to": [15.5, 9.75, 0],
			"rotation": {"angle": 0, "axis": "z", "origin": [7.5, 2.75, 0]},
			"faces": {
				"north": {"uv": [0, 12, 3.75, 15.75], "rotation": 270, "texture": "#1"},
				"south": {"uv": [3.75, 12, 0, 15.75], "rotation": 90, "texture": "#1"}
			}
		},
		{
			"from": [0.5, -5.25, 0],
			"to": [15.5, 9.75, 0],
			"rotation": {"angle": 22.5, "axis": "z", "origin": [7.5, 2.75, 0]},
			"faces": {
				"north": {"uv": [4, 12, 7.75, 15.75], "rotation": 270, "texture": "#1"},
				"south": {"uv": [7.75, 12, 4, 15.75], "rotation": 90, "texture": "#1"}
			}
		},
		{
			"from": [0.5, -5.25, 0],
			"to": [15.5, 9.75, 0],
			"rotation": {"angle": 45, "axis": "z", "origin": [7.5, 2.75, 0]},
			"faces": {
				"north": {"uv": [8, 12, 11.75, 15.75], "rotation": 270, "texture": "#1"},
				"south": {"uv": [11.75, 12, 8, 15.75], "rotation": 90, "texture": "#1"}
			}
		},
		{
			"from": [0.5, -5.25, 0],
			"to": [15.5, 9.75, 0],
			"rotation": {"angle": -22.5, "axis": "z", "origin": [7.5, 2.75, 0]},
			"faces": {
				"north": {"uv": [12, 12, 15.75, 15.75], "texture": "#1"},
				"south": {"uv": [15.75, 12, 12, 15.75], "texture": "#1"}
			}
		},
		{
			"from": [0.5, 2, -14],
			"to": [15.5, 2, 1],
			"rotation": {"angle": -22.5, "axis": "x", "origin": [8, 2, 1]},
			"faces": {
				"up": {"uv": [15, 0, 0, 15], "texture": "#2"},
				"down": {"uv": [15, 15, 0, 0], "texture": "#2"}
			}
		},
		{
			"from": [0.5, 3, -14],
			"to": [15.5, 3, 1],
			"rotation": {"angle": 22.5, "axis": "x", "origin": [8, 3, 1]},
			"faces": {
				"up": {"uv": [0, 0, 15, 15], "texture": "#2"},
				"down": {"uv": [0, 15, 15, 0], "texture": "#2"}
			}
		},
		{
			"from": [7.5, -5, -14],
			"to": [7.5, 10, 1],
			"rotation": {"angle": 22.5, "axis": "y", "origin": [7.5, 2.5, 1]},
			"faces": {
				"east": {"uv": [15, 0, 0, 15], "rotation": 90, "texture": "#2"},
				"west": {"uv": [15, 15, 0, 0], "rotation": 90, "texture": "#2"}
			}
		},
		{
			"from": [8.5, -5, -14],
			"to": [8.5, 10, 1],
			"rotation": {"angle": -22.5, "axis": "y", "origin": [7.5, 2.5, 1]},
			"faces": {
				"east": {"uv": [0, 0, 15, 15], "rotation": 90, "texture": "#2"},
				"west": {"uv": [0, 15, 15, 0], "rotation": 90, "texture": "#2"}
			}
		},
		{
			"from": [4.5, 0.3, 4.7],
			"to": [6.5, 4.3, 8.7],
			"rotation": {"angle": -45, "axis": "x", "origin": [8, 2.5, 7]},
			"faces": {
				"north": {"uv": [12, 14, 13, 16], "texture": "#particle"},
				"east": {"uv": [10, 14, 12, 16], "texture": "#particle"},
				"south": {"uv": [15, 14, 16, 16], "texture": "#particle"},
				"west": {"uv": [13, 14, 15, 16], "texture": "#particle"},
				"up": {"uv": [13, 14, 12, 12], "texture": "#particle"},
				"down": {"uv": [14, 12, 13, 14], "texture": "#particle"}
			}
		},
		{
			"from": [6.5, 5, 7],
			"to": [9.5, 6, 9],
			"faces": {
				"north": {"uv": [9.5, 6, 11, 6.5], "texture": "#particle"},
				"east": {"uv": [8.5, 6, 9.5, 6.5], "texture": "#particle"},
				"south": {"uv": [12, 6, 13.5, 6.5], "texture": "#particle"},
				"west": {"uv": [11, 6, 12, 6.5], "texture": "#particle"},
				"up": {"uv": [11, 6, 9.5, 5], "texture": "#particle"}
			}
		},
		{
			"from": [9.5, 0.3, 4.7],
			"to": [11.5, 4.3, 8.7],
			"rotation": {"angle": -45, "axis": "x", "origin": [8, 2.5, 7]},
			"faces": {
				"north": {"uv": [13, 14, 12, 16], "texture": "#particle"},
				"east": {"uv": [15, 14, 13, 16], "texture": "#particle"},
				"south": {"uv": [16, 14, 15, 16], "texture": "#particle"},
				"west": {"uv": [12, 14, 10, 16], "texture": "#particle"},
				"up": {"uv": [12, 14, 13, 12], "texture": "#particle"},
				"down": {"uv": [13, 12, 14, 14], "texture": "#particle"}
			}
		},
		{
			"name": "arrow_5",
			"from": [7.5, 8.4, -2.4],
			"to": [8.5, 9.4, -0.4],
			"rotation": {"angle": -45, "axis": "x", "origin": [0.5, 7.25, 7]},
			"faces": {
				"north": {"uv": [9, 7, 10, 8], "texture": "#3"},
				"east": {"uv": [8, 7, 10, 8], "texture": "#3"},
				"west": {"uv": [10, 7, 8, 8], "texture": "#3"},
				"up": {"uv": [8, 7, 10, 8], "rotation": 270, "texture": "#3"},
				"down": {"uv": [8, 7, 10, 8], "rotation": 90, "texture": "#3"}
			}
		},
		{
			"name": "arrow_4",
			"from": [7.5, 9.4, -5.4],
			"to": [8.5, 10.4, -4.4],
			"rotation": {"angle": -45, "axis": "x", "origin": [0.5, 7.25, 7]},
			"faces": {
				"north": {"uv": [12, 6, 13, 7], "texture": "#3"},
				"east": {"uv": [12, 6, 13, 7], "texture": "#3"},
				"south": {"uv": [12, 6, 13, 7], "texture": "#3"},
				"west": {"uv": [13, 6, 12, 7], "texture": "#3"},
				"down": {"uv": [12, 6, 13, 7], "rotation": 90, "texture": "#3"}
			}
		},
		{
			"name": "arrow_3",
			"from": [7.5, 9.4, -3.4],
			"to": [8.5, 10.4, -1.4],
			"rotation": {"angle": -45, "axis": "x", "origin": [0.5, 7.25, 7]},
			"faces": {
				"north": {"uv": [10, 6, 11, 7], "texture": "#3"},
				"east": {"uv": [9, 6, 11, 7], "texture": "#3"},
				"south": {"uv": [9, 6, 10, 7], "texture": "#3"},
				"west": {"uv": [11, 6, 9, 7], "texture": "#3"},
				"up": {"uv": [9, 6, 11, 7], "rotation": 270, "texture": "#3"},
				"down": {"uv": [9, 6, 11, 7], "rotation": 90, "texture": "#3"}
			}
		},
		{
			"name": "arrow_2",
			"from": [7.5, 10.4, -6.4],
			"to": [8.5, 12.4, -4.4],
			"rotation": {"angle": -45, "axis": "x", "origin": [0.5, 7.25, 7]},
			"faces": {
				"north": {"uv": [13, 4, 14, 6], "texture": "#3"},
				"east": {"uv": [12, 4, 14, 6], "texture": "#3"},
				"west": {"uv": [14, 4, 12, 6], "texture": "#3"},
				"down": {"uv": [12, 5, 14, 6], "rotation": 90, "texture": "#3"}
			}
		},
		{
			"name": "arrow_1",
			"from": [7.5, 10.4, -4.4],
			"to": [8.5, 13.4, -2.4],
			"rotation": {"angle": -45, "axis": "x", "origin": [0.5, 7.25, 7]},
			"faces": {
				"east": {"uv": [10, 3, 12, 6], "texture": "#3"},
				"south": {"uv": [10, 3, 11, 6], "texture": "#3"},
				"west": {"uv": [12, 3, 10, 6], "texture": "#3"},
				"up": {"uv": [10, 3, 12, 4], "rotation": 270, "texture": "#3"},
				"down": {"uv": [10, 5, 12, 6], "rotation": 90, "texture": "#3"}
			}
		},
		{
			"name": "arrow_0",
			"from": [7.5, 12.4, -7.4],
			"to": [8.5, 14.4, -4.4],
			"rotation": {"angle": -45, "axis": "x", "origin": [0.5, 7.25, 7]},
			"faces": {
				"north": {"uv": [14, 2, 15, 4], "texture": "#3"},
				"east": {"uv": [12, 2, 15, 4], "texture": "#3"},
				"south": {"uv": [12, 2, 13, 4], "texture": "#3"},
				"west": {"uv": [15, 2, 12, 4], "texture": "#3"},
				"up": {"uv": [12, 2, 15, 3], "rotation": 270, "texture": "#3"},
				"down": {"uv": [12, 3, 15, 4], "rotation": 90, "texture": "#3"}
			}
		},
		{
			"from": [8, -5.85, -8.25],
			"to": [8, 10.15, 6.75],
			"faces": {
				"east": {"uv": [16, 0, 0, 16], "texture": "#4"},
				"west": {"uv": [0, 0, 16, 16], "texture": "#4"}
			}
		}
	],
	"gui_light": "front",
	"display": {
		"thirdperson_righthand": {
			"translation": [0, 3.5, 6.25]
		},
		"thirdperson_lefthand": {
			"translation": [0, 3.5, 6.25]
		},
		"firstperson_righthand": {
			"rotation": [15, 0, 8],
			"translation": [3.13, 5, 2],
			"scale": [0.68, 0.68, 0.68]
		},
		"firstperson_lefthand": {
			"rotation": [15, 0, 8],
			"translation": [3.13, 5, 2],
			"scale": [0.68, 0.68, 0.68]
		},
		"ground": {
			"translation": [0, 5.75, 0],
			"scale": [0.75, 0.75, 0.75]
		},
		"gui": {
			"rotation": [108, 47, -135],
			"translation": [5.75, 1.75, 0]
		},
		"head": {
			"translation": [0, 1.5, -6.5]
		},
		"fixed": {
			"rotation": [90, -45, 90],
			"translation": [-6, 2.75, -1.75]
		}
	}
}