{
	"credit": "Created by Mickey Joe Alpha - http://YouTube.com/@MushirMickeyJoe",
	"textures": {
		"particle": "item/bow/command_block_bow_power",
		"arrow": "item/arrow"
	},
	"elements": [
		{
			"name": "command_block_bow_power_8",
			"from": [-1, -1, 6.5],
			"to": [2, 14, 7.5],
			"rotation": {"angle": 0, "axis": "y", "origin": [-8, 0, -8]},
			"faces": {
				"north": {"uv": [2.5, 2.5, 1, 10], "texture": "#particle"},
				"east": {"uv": [2, 2.5, 2.5, 10], "texture": "#particle"},
				"south": {"uv": [1, 2.5, 2.5, 10], "texture": "#particle"},
				"west": {"uv": [1, 2.5, 1.5, 10], "texture": "#particle"},
				"down": {"uv": [1, 9.5, 2.5, 10], "texture": "#particle"}
			}
		},
		{
			"name": "command_block_bow_power_1",
			"from": [16, 15, 6.5],
			"to": [18, 19, 7.5],
			"rotation": {"angle": 0, "axis": "y", "origin": [-8, 0, -8]},
			"faces": {
				"north": {"uv": [10.5, 0, 9.5, 2], "texture": "#particle"},
				"south": {"uv": [9.5, 0, 10.5, 2], "texture": "#particle"},
				"up": {"uv": [9.5, 0, 10.5, 0.5], "texture": "#particle"},
				"down": {"uv": [9.5, 1.5, 10.5, 2], "texture": "#particle"}
			}
		},
		{
			"name": "command_block_bow_power_2",
			"from": [18, 18, 6.5],
			"to": [19, 19, 7.5],
			"rotation": {"angle": 0, "axis": "y", "origin": [-8, 0, -8]},
			"faces": {
				"north": {"uv": [11, 0, 10.5, 0.5], "texture": "#particle"},
				"east": {"uv": [10.5, 0, 11, 0.5], "texture": "#particle"},
				"south": {"uv": [10.5, 0, 11, 0.5], "texture": "#particle"},
				"up": {"uv": [10.5, 0, 11, 0.5], "texture": "#particle"}
			}
		},
		{
			"name": "command_block_bow_power_6",
			"from": [-1, 14, 6.5],
			"to": [10, 17, 7.5],
			"rotation": {"angle": 0, "axis": "y", "origin": [-8, 0, -8]},
			"faces": {
				"north": {"uv": [6.5, 1, 1, 2.5], "texture": "#particle"},
				"south": {"uv": [1, 1, 6.5, 2.5], "texture": "#particle"},
				"west": {"uv": [1, 1, 1.5, 2.5], "texture": "#particle"},
				"up": {"uv": [1, 1, 6.5, 1.5], "texture": "#particle"},
				"down": {"uv": [1, 2, 6.5, 2.5], "texture": "#particle"}
			}
		},
		{
			"name": "command_block_bow_power_4",
			"from": [18, 16, 6.5],
			"to": [21, 18, 7.5],
			"rotation": {"angle": 0, "axis": "y", "origin": [-8, 0, -8]},
			"faces": {
				"north": {"uv": [14.5, 0.5, 13, 1.5], "texture": "#particle"},
				"east": {"uv": [14, 0.5, 14.5, 1.5], "texture": "#particle"},
				"south": {"uv": [13, 0.5, 14.5, 1.5], "texture": "#particle"},
				"up": {"uv": [13, 0.5, 14.5, 1], "texture": "#particle"},
				"down": {"uv": [13, 1, 14.5, 1.5], "texture": "#particle"}
			}
		},
		{
			"name": "command_block_bow_power_5",
			"from": [21, 17, 6.5],
			"to": [22, 18, 7.5],
			"rotation": {"angle": 0, "axis": "y", "origin": [-8, 0, -8]},
			"faces": {
				"north": {"uv": [15, 0.5, 14.5, 1], "texture": "#particle"},
				"east": {"uv": [14.5, 0.5, 15, 1], "texture": "#particle"},
				"south": {"uv": [14.5, 0.5, 15, 1], "texture": "#particle"},
				"up": {"uv": [14.5, 0.5, 15, 1], "texture": "#particle"},
				"down": {"uv": [14.5, 0.5, 15, 1], "texture": "#particle"}
			}
		},
		{
			"name": "command_block_bow_power_7",
			"from": [18, 15, 6.5],
			"to": [20, 16, 7.5],
			"rotation": {"angle": 0, "axis": "y", "origin": [-8, 0, -8]},
			"faces": {
				"north": {"uv": [14, 1.5, 13, 2], "texture": "#particle"},
				"east": {"uv": [13.5, 1.5, 14, 2], "texture": "#particle"},
				"south": {"uv": [13, 1.5, 14, 2], "texture": "#particle"},
				"down": {"uv": [13, 1.5, 14, 2], "texture": "#particle"}
			}
		},
		{
			"name": "command_block_bow_power_45",
			"from": [-2, -6, 6.5],
			"to": [-1, -5, 7.5],
			"rotation": {"angle": 0, "axis": "y", "origin": [-8, 0, -8]},
			"faces": {
				"north": {"uv": [1, 14.5, 0.5, 15], "texture": "#particle"},
				"east": {"uv": [0.5, 14.5, 1, 15], "texture": "#particle"},
				"south": {"uv": [0.5, 14.5, 1, 15], "texture": "#particle"},
				"west": {"uv": [0.5, 14.5, 1, 15], "texture": "#particle"},
				"down": {"uv": [0.5, 14.5, 1, 15], "texture": "#particle"}
			}
		},
		{
			"name": "command_block_bow_power_43",
			"from": [-2, -5, 6.5],
			"to": [0, -4, 7.5],
			"rotation": {"angle": 0, "axis": "y", "origin": [-8, 0, -8]},
			"faces": {
				"north": {"uv": [1.5, 14, 0.5, 14.5], "texture": "#particle"},
				"east": {"uv": [1, 14, 1.5, 14.5], "texture": "#particle"},
				"south": {"uv": [0.5, 14, 1.5, 14.5], "texture": "#particle"},
				"west": {"uv": [0.5, 14, 1, 14.5], "texture": "#particle"},
				"down": {"uv": [0.5, 14, 1.5, 14.5], "texture": "#particle"}
			}
		},
		{
			"name": "command_block_bow_power_39",
			"from": [-2, -4, 6.5],
			"to": [1, -2, 7.5],
			"rotation": {"angle": 0, "axis": "y", "origin": [-8, 0, -8]},
			"faces": {
				"north": {"uv": [2, 13, 0.5, 14], "texture": "#particle"},
				"east": {"uv": [1.5, 13, 2, 14], "texture": "#particle"},
				"south": {"uv": [0.5, 13, 2, 14], "texture": "#particle"},
				"west": {"uv": [0.5, 13, 1, 14], "texture": "#particle"},
				"down": {"uv": [0.5, 13.5, 2, 14], "texture": "#particle"}
			}
		},
		{
			"name": "command_block_bow_power_22",
			"from": [-3, -3, 6.5],
			"to": [-2, 5, 7.5],
			"rotation": {"angle": 0, "axis": "y", "origin": [-8, 0, -8]},
			"faces": {
				"north": {"uv": [0.5, 7, 0, 11], "texture": "#particle"},
				"south": {"uv": [0, 7, 0.5, 11], "texture": "#particle"},
				"west": {"uv": [0, 7, 0.5, 11], "texture": "#particle"},
				"up": {"uv": [0, 7, 0.5, 7.5], "texture": "#particle"},
				"down": {"uv": [0, 10.5, 0.5, 11], "texture": "#particle"}
			}
		},
		{
			"name": "command_block_bow_power_18",
			"from": [-2, -2, 6.5],
			"to": [-1, 6, 7.5],
			"rotation": {"angle": 0, "axis": "y", "origin": [-8, 0, -8]},
			"faces": {
				"north": {"uv": [1, 6.5, 0.5, 10.5], "texture": "#particle"},
				"south": {"uv": [0.5, 6.5, 1, 10.5], "texture": "#particle"},
				"west": {"uv": [0.5, 6.5, 1, 10.5], "texture": "#particle"},
				"up": {"uv": [0.5, 6.5, 1, 7], "texture": "#particle"}
			}
		},
		{
			"name": "command_block_bow_power_32",
			"from": [-1, -2, 6.5],
			"to": [1, -1, 7.5],
			"rotation": {"angle": 0, "axis": "y", "origin": [-8, 0, -8]},
			"faces": {
				"north": {"uv": [2, 10, 1, 10.5], "texture": "#particle"},
				"east": {"uv": [1.5, 10, 2, 10.5], "texture": "#particle"},
				"south": {"uv": [1, 10, 2, 10.5], "texture": "#particle"}
			}
		},
		{
			"name": "command_block_bow_power_0",
			"from": [11, 14, 6.5],
			"to": [16, 19, 7.5],
			"rotation": {"angle": 0, "axis": "y", "origin": [-8, 0, -8]},
			"faces": {
				"north": {"uv": [9.5, 0, 7, 2.5], "texture": "#particle"},
				"east": {"uv": [9, 0, 9.5, 2.5], "texture": "#particle"},
				"south": {"uv": [7, 0, 9.5, 2.5], "texture": "#particle"},
				"west": {"uv": [7, 0, 7.5, 2.5], "texture": "#particle"},
				"up": {"uv": [7, 0, 9.5, 0.5], "texture": "#particle"},
				"down": {"uv": [7, 2, 9.5, 2.5], "texture": "#particle"}
			}
		},
		{
			"name": "command_block_bow_power_3",
			"from": [10, 14, 6.5],
			"to": [11, 18, 7.5],
			"rotation": {"angle": 0, "axis": "y", "origin": [-8, 0, -8]},
			"faces": {
				"north": {"uv": [7, 0.5, 6.5, 2.5], "texture": "#particle"},
				"south": {"uv": [6.5, 0.5, 7, 2.5], "texture": "#particle"},
				"west": {"uv": [6.5, 0.5, 7, 2.5], "texture": "#particle"},
				"up": {"uv": [6.5, 0.5, 7, 1], "texture": "#particle"},
				"down": {"uv": [6.5, 2, 7, 2.5], "texture": "#particle"}
			}
		},
		{
			"name": "command_block_bow_power_9",
			"from": [0, 19, 7.5],
			"to": [3, 20, 8.5],
			"rotation": {"angle": 0, "axis": "y", "origin": [-8, 0, -8]},
			"faces": {
				"north": {"uv": [6.5, 3, 5, 3.5], "texture": "#particle"},
				"east": {"uv": [6, 3, 6.5, 3.5], "texture": "#particle"},
				"south": {"uv": [5, 3, 6.5, 3.5], "texture": "#particle"},
				"west": {"uv": [5, 3, 5.5, 3.5], "texture": "#particle"},
				"up": {"uv": [5, 3, 6.5, 3.5], "texture": "#particle"},
				"down": {"uv": [5, 3, 6.5, 3.5], "texture": "#particle"}
			}
		},
		{
			"name": "command_block_bow_power_10",
			"from": [1, 18, 7.5],
			"to": [4, 19, 8.5],
			"rotation": {"angle": 0, "axis": "y", "origin": [-8, 0, -8]},
			"faces": {
				"north": {"uv": [7, 3.5, 5.5, 4], "texture": "#particle"},
				"east": {"uv": [6.5, 3.5, 7, 4], "texture": "#particle"},
				"south": {"uv": [5.5, 3.5, 7, 4], "texture": "#particle"},
				"west": {"uv": [5.5, 3.5, 6, 4], "texture": "#particle"},
				"up": {"uv": [5.5, 3.5, 7, 4], "texture": "#particle"},
				"down": {"uv": [5.5, 3.5, 7, 4], "texture": "#particle"}
			}
		},
		{
			"name": "command_block_bow_power_11",
			"from": [2, 17, 7.5],
			"to": [5, 18, 8.5],
			"rotation": {"angle": 0, "axis": "y", "origin": [-8, 0, -8]},
			"faces": {
				"north": {"uv": [7.5, 4, 6, 4.5], "texture": "#particle"},
				"east": {"uv": [7, 4, 7.5, 4.5], "texture": "#particle"},
				"south": {"uv": [6, 4, 7.5, 4.5], "texture": "#particle"},
				"west": {"uv": [6, 4, 6.5, 4.5], "texture": "#particle"},
				"up": {"uv": [6, 4, 7.5, 4.5], "texture": "#particle"},
				"down": {"uv": [6, 4, 7.5, 4.5], "texture": "#particle"}
			}
		},
		{
			"name": "command_block_bow_power_12",
			"from": [3, -2, 7.5],
			"to": [5, 17, 8.5],
			"rotation": {"angle": 0, "axis": "y", "origin": [-8, 0, -8]},
			"faces": {
				"north": {"uv": [7.5, 4.5, 6.5, 14], "texture": "#particle"},
				"east": {"uv": [7, 4.5, 7.5, 14], "texture": "#particle"},
				"south": {"uv": [6.5, 4.5, 7.5, 14], "texture": "#particle"},
				"west": {"uv": [6.5, 4.5, 7, 14], "texture": "#particle"},
				"down": {"uv": [6.5, 13.5, 7.5, 14], "texture": "#particle"}
			}
		},
		{
			"name": "command_block_bow_power_13",
			"from": [-4, 13, 7.5],
			"to": [-3, 16, 8.5],
			"rotation": {"angle": 0, "axis": "y", "origin": [-8, 0, -8]},
			"faces": {
				"north": {"uv": [3.5, 5, 3, 6.5], "texture": "#particle"},
				"east": {"uv": [3, 5, 3.5, 6.5], "texture": "#particle"},
				"south": {"uv": [3, 5, 3.5, 6.5], "texture": "#particle"},
				"west": {"uv": [3, 5, 3.5, 6.5], "texture": "#particle"},
				"up": {"uv": [3, 5, 3.5, 5.5], "texture": "#particle"},
				"down": {"uv": [3, 6, 3.5, 6.5], "texture": "#particle"}
			}
		},
		{
			"name": "command_block_bow_power_14",
			"from": [-3, 12, 7.5],
			"to": [-2, 15, 8.5],
			"rotation": {"angle": 0, "axis": "y", "origin": [-8, 0, -8]},
			"faces": {
				"north": {"uv": [4, 5.5, 3.5, 7], "texture": "#particle"},
				"east": {"uv": [3.5, 5.5, 4, 7], "texture": "#particle"},
				"south": {"uv": [3.5, 5.5, 4, 7], "texture": "#particle"},
				"west": {"uv": [3.5, 5.5, 4, 7], "texture": "#particle"},
				"up": {"uv": [3.5, 5.5, 4, 6], "texture": "#particle"},
				"down": {"uv": [3.5, 6.5, 4, 7], "texture": "#particle"}
			}
		},
		{
			"name": "command_block_bow_power_15",
			"from": [5, 11, 7.5],
			"to": [16, 15, 8.5],
			"rotation": {"angle": 0, "axis": "y", "origin": [-8, 0, -8]},
			"faces": {
				"north": {"uv": [13, 5.5, 7.5, 7.5], "texture": "#particle"},
				"east": {"uv": [12.5, 5.5, 13, 7.5], "texture": "#particle"},
				"south": {"uv": [7.5, 5.5, 13, 7.5], "texture": "#particle"},
				"up": {"uv": [7.5, 5.5, 13, 6], "texture": "#particle"},
				"down": {"uv": [7.5, 7, 13, 7.5], "texture": "#particle"}
			}
		},
		{
			"name": "command_block_bow_power_16",
			"from": [-2, 11, 7.5],
			"to": [-1, 14, 8.5],
			"rotation": {"angle": 0, "axis": "y", "origin": [-8, 0, -8]},
			"faces": {
				"north": {"uv": [4.5, 6, 4, 7.5], "texture": "#particle"},
				"east": {"uv": [4, 6, 4.5, 7.5], "texture": "#particle"},
				"south": {"uv": [4, 6, 4.5, 7.5], "texture": "#particle"},
				"west": {"uv": [4, 6, 4.5, 7.5], "texture": "#particle"},
				"up": {"uv": [4, 6, 4.5, 6.5], "texture": "#particle"},
				"down": {"uv": [4, 7, 4.5, 7.5], "texture": "#particle"}
			}
		},
		{
			"name": "command_block_bow_power_17",
			"from": [2, 0, 7.5],
			"to": [3, 14, 8.5],
			"rotation": {"angle": 0, "axis": "y", "origin": [-8, 0, -8]},
			"faces": {
				"north": {"uv": [6.5, 6, 6, 13], "texture": "#particle"},
				"south": {"uv": [6, 6, 6.5, 13], "texture": "#particle"},
				"west": {"uv": [6, 6, 6.5, 13], "texture": "#particle"},
				"up": {"uv": [6, 6, 6.5, 6.5], "texture": "#particle"},
				"down": {"uv": [6, 12.5, 6.5, 13], "texture": "#particle"}
			}
		},
		{
			"name": "command_block_bow_power_19",
			"from": [-1, 11, 7.5],
			"to": [2, 13, 8.5],
			"rotation": {"angle": 0, "axis": "y", "origin": [-8, 0, -8]},
			"faces": {
				"south": {"uv": [4.5, 6.5, 6, 7.5], "texture": "#particle"},
				"up": {"uv": [4.5, 6.5, 6, 7], "texture": "#particle"},
				"down": {"uv": [4.5, 7, 6, 7.5], "texture": "#particle"}
			}
		},
		{
			"name": "command_block_bow_power_20",
			"from": [16, 10, 7.5],
			"to": [18, 13, 8.5],
			"rotation": {"angle": 0, "axis": "y", "origin": [-8, 0, -8]},
			"faces": {
				"north": {"uv": [14, 6.5, 13, 8], "texture": "#particle"},
				"east": {"uv": [13.5, 6.5, 14, 8], "texture": "#particle"},
				"south": {"uv": [13, 6.5, 14, 8], "texture": "#particle"},
				"up": {"uv": [13, 6.5, 14, 7], "texture": "#particle"},
				"down": {"uv": [13, 7.5, 14, 8], "texture": "#particle"}
			}
		},
		{
			"name": "command_block_bow_power_21",
			"from": [18, 12, 7.5],
			"to": [19, 13, 8.5],
			"rotation": {"angle": 0, "axis": "y", "origin": [-8, 0, -8]},
			"faces": {
				"north": {"uv": [14.5, 6.5, 14, 7], "texture": "#particle"},
				"east": {"uv": [14, 6.5, 14.5, 7], "texture": "#particle"},
				"south": {"uv": [14, 6.5, 14.5, 7], "texture": "#particle"},
				"up": {"uv": [14, 6.5, 14.5, 7], "texture": "#particle"},
				"down": {"uv": [14, 6.5, 14.5, 7], "texture": "#particle"}
			}
		},
		{
			"name": "command_block_bow_power_23",
			"from": [1, -1, 7.5],
			"to": [2, 11, 8.5],
			"rotation": {"angle": 0, "axis": "y", "origin": [-8, 0, -8]},
			"faces": {
				"east": {"uv": [5.5, 7.5, 6, 13.5], "texture": "#particle"},
				"south": {"uv": [5.5, 7.5, 6, 13.5], "texture": "#particle"},
				"west": {"uv": [5.5, 7.5, 6, 13.5], "texture": "#particle"},
				"down": {"uv": [5.5, 13, 6, 13.5], "texture": "#particle"}
			}
		},
		{
			"name": "command_block_bow_power_24",
			"from": [7, 9, 7.5],
			"to": [16, 11, 8.5],
			"rotation": {"angle": 0, "axis": "y", "origin": [-8, 0, -8]},
			"faces": {
				"north": {"uv": [13, 7.5, 8.5, 8.5], "texture": "#particle"},
				"south": {"uv": [8.5, 7.5, 13, 8.5], "texture": "#particle"},
				"west": {"uv": [8.5, 7.5, 9, 8.5], "texture": "#particle"},
				"down": {"uv": [8.5, 8, 13, 8.5], "texture": "#particle"}
			}
		},
		{
			"name": "command_block_bow_power_25",
			"from": [16, 9, 7.5],
			"to": [17, 10, 8.5],
			"rotation": {"angle": 0, "axis": "y", "origin": [-8, 0, -8]},
			"faces": {
				"north": {"uv": [13.5, 8, 13, 8.5], "texture": "#particle"},
				"east": {"uv": [13, 8, 13.5, 8.5], "texture": "#particle"},
				"south": {"uv": [13, 8, 13.5, 8.5], "texture": "#particle"},
				"down": {"uv": [13, 8, 13.5, 8.5], "texture": "#particle"}
			}
		},
		{
			"name": "command_block_bow_power_26",
			"from": [5, -1, 7.5],
			"to": [7, 9, 8.5],
			"rotation": {"angle": 0, "axis": "y", "origin": [-8, 0, -8]},
			"faces": {
				"north": {"uv": [8.5, 8.5, 7.5, 13.5], "texture": "#particle"},
				"east": {"uv": [8, 8.5, 8.5, 13.5], "texture": "#particle"},
				"south": {"uv": [7.5, 8.5, 8.5, 13.5], "texture": "#particle"},
				"up": {"uv": [7.5, 8.5, 8.5, 9], "texture": "#particle"},
				"down": {"uv": [7.5, 13, 8.5, 13.5], "texture": "#particle"}
			}
		},
		{
			"name": "command_block_bow_power_40",
			"from": [7, 4, 7.5],
			"to": [9, 5, 8.5],
			"rotation": {"angle": 0, "axis": "y", "origin": [-8, 0, -8]},
			"faces": {
				"north": {"uv": [10, 11, 9, 11.5], "texture": "#particle"},
				"east": {"uv": [9.5, 11, 10, 11.5], "texture": "#particle"},
				"south": {"uv": [9, 11, 10, 11.5], "texture": "#particle"},
				"up": {"uv": [9, 11, 10, 11.5], "texture": "#particle"},
				"down": {"uv": [9, 11, 10, 11.5], "texture": "#particle"}
			}
		},
		{
			"name": "command_block_bow_power_37",
			"from": [9, 5, 7.5],
			"to": [10, 6, 8.5],
			"rotation": {"angle": 0, "axis": "y", "origin": [-8, 0, -8]},
			"faces": {
				"north": {"uv": [10.5, 10.5, 10, 11], "texture": "#particle"},
				"east": {"uv": [10, 10.5, 10.5, 11], "texture": "#particle"},
				"south": {"uv": [10, 10.5, 10.5, 11], "texture": "#particle"},
				"west": {"uv": [10, 10.5, 10.5, 11], "texture": "#particle"},
				"up": {"uv": [10, 10.5, 10.5, 11], "texture": "#particle"},
				"down": {"uv": [10, 10.5, 10.5, 11], "texture": "#particle"}
			}
		},
		{
			"name": "command_block_bow_power_34",
			"from": [10, 6, 7.5],
			"to": [11, 7, 8.5],
			"rotation": {"angle": 0, "axis": "y", "origin": [-8, 0, -8]},
			"faces": {
				"north": {"uv": [11, 10, 10.5, 10.5], "texture": "#particle"},
				"east": {"uv": [10.5, 10, 11, 10.5], "texture": "#particle"},
				"south": {"uv": [10.5, 10, 11, 10.5], "texture": "#particle"},
				"west": {"uv": [10.5, 10, 11, 10.5], "texture": "#particle"},
				"up": {"uv": [10.5, 10, 11, 10.5], "texture": "#particle"},
				"down": {"uv": [10.5, 10, 11, 10.5], "texture": "#particle"}
			}
		},
		{
			"name": "command_block_bow_power_29",
			"from": [11, 7, 7.5],
			"to": [12, 9, 8.5],
			"rotation": {"angle": 0, "axis": "y", "origin": [-8, 0, -8]},
			"faces": {
				"north": {"uv": [11.5, 9, 11, 10], "texture": "#particle"},
				"east": {"uv": [11, 9, 11.5, 10], "texture": "#particle"},
				"south": {"uv": [11, 9, 11.5, 10], "texture": "#particle"},
				"west": {"uv": [11, 9, 11.5, 10], "texture": "#particle"},
				"down": {"uv": [11, 9.5, 11.5, 10], "texture": "#particle"}
			}
		},
		{
			"name": "command_block_bow_power_46",
			"from": [5, -2, 7.5],
			"to": [6, -1, 8.5],
			"rotation": {"angle": 0, "axis": "y", "origin": [-8, 0, -8]},
			"faces": {
				"north": {"uv": [8, 13.5, 7.5, 14], "texture": "#particle"},
				"east": {"uv": [7.5, 13.5, 8, 14], "texture": "#particle"},
				"south": {"uv": [7.5, 13.5, 8, 14], "texture": "#particle"},
				"down": {"uv": [7.5, 13.5, 8, 14], "texture": "#particle"}
			}
		},
		{
			"name": "command_block_bow_power_47",
			"from": [3, -3, 7.5],
			"to": [4, -2, 8.5],
			"rotation": {"angle": 0, "axis": "y", "origin": [-8, 0, -8]},
			"faces": {
				"north": {"uv": [7, 14, 6.5, 14.5], "texture": "#particle"},
				"east": {"uv": [6.5, 14, 7, 14.5], "texture": "#particle"},
				"south": {"uv": [6.5, 14, 7, 14.5], "texture": "#particle"},
				"west": {"uv": [6.5, 14, 7, 14.5], "texture": "#particle"},
				"down": {"uv": [6.5, 14, 7, 14.5], "texture": "#particle"}
			}
		},
		{
			"name": "Box12",
			"from": [-3, 18, 8.5],
			"to": [0, 19, 9.5],
			"faces": {
				"north": {"uv": [15, 3, 12, 2], "rotation": 180, "texture": "#arrow"},
				"east": {"uv": [12, 2, 13, 3], "texture": "#arrow"},
				"south": {"uv": [12, 3, 15, 2], "rotation": 180, "texture": "#arrow"},
				"west": {"uv": [15, 3, 14, 2], "rotation": 180, "texture": "#arrow"},
				"up": {"uv": [15, 2, 12, 3], "texture": "#arrow"}
			}
		},
		{
			"name": "Box13",
			"from": [-1, 14, 8.5],
			"to": [0, 15, 9.5],
			"faces": {
				"north": {"uv": [13, 7, 12, 6], "rotation": 180, "texture": "#arrow"},
				"east": {"uv": [12, 6, 13, 7], "texture": "#arrow"},
				"south": {"uv": [12, 7, 13, 6], "rotation": 180, "texture": "#arrow"},
				"west": {"uv": [13, 7, 12, 6], "rotation": 180, "texture": "#arrow"},
				"down": {"uv": [13, 7, 12, 6], "texture": "#arrow"}
			}
		},
		{
			"name": "Box1",
			"from": [6, 8, 8.5],
			"to": [10, 9, 9.5],
			"faces": {
				"north": {"uv": [6, 13, 2, 12], "rotation": 180, "texture": "#arrow"},
				"east": {"uv": [2, 12, 3, 13], "texture": "#arrow"},
				"south": {"uv": [2, 13, 6, 12], "rotation": 180, "texture": "#arrow"},
				"west": {"uv": [6, 13, 5, 12], "rotation": 180, "texture": "#arrow"},
				"up": {"uv": [6, 12, 2, 13], "texture": "#arrow"},
				"down": {"uv": [6, 13, 2, 12], "texture": "#arrow"}
			}
		},
		{
			"name": "Box2",
			"from": [7, 7, 8.5],
			"to": [10, 8, 9.5],
			"faces": {
				"north": {"uv": [5, 14, 2, 13], "rotation": 180, "texture": "#arrow"},
				"east": {"uv": [2, 13, 3, 14], "texture": "#arrow"},
				"south": {"uv": [2, 14, 5, 13], "rotation": 180, "texture": "#arrow"},
				"west": {"uv": [5, 14, 4, 13], "rotation": 180, "texture": "#arrow"},
				"down": {"uv": [5, 14, 2, 13], "texture": "#arrow"}
			}
		},
		{
			"name": "Box3",
			"from": [6, 9, 8.5],
			"to": [9, 10, 9.5],
			"faces": {
				"north": {"uv": [6, 12, 3, 11], "rotation": 180, "texture": "#arrow"},
				"east": {"uv": [3, 11, 4, 12], "texture": "#arrow"},
				"south": {"uv": [3, 12, 6, 11], "rotation": 180, "texture": "#arrow"},
				"west": {"uv": [6, 12, 5, 11], "rotation": 180, "texture": "#arrow"},
				"up": {"uv": [6, 11, 3, 12], "texture": "#arrow"}
			}
		},
		{
			"name": "Box4",
			"from": [8, 6, 8.5],
			"to": [9, 7, 9.5],
			"faces": {
				"north": {"uv": [3, 15, 4, 14], "texture": "#arrow"},
				"east": {"uv": [3, 14, 4, 15], "texture": "#arrow"},
				"south": {"uv": [3, 14, 4, 15], "texture": "#arrow"},
				"west": {"uv": [4, 15, 3, 14], "rotation": 180, "texture": "#arrow"},
				"down": {"uv": [4, 15, 3, 14], "texture": "#arrow"}
			}
		},
		{
			"name": "Box5",
			"from": [5, 10, 8.5],
			"to": [7, 11, 9.5],
			"faces": {
				"north": {"uv": [7, 11, 5, 10], "rotation": 180, "texture": "#arrow"},
				"east": {"uv": [5, 10, 6, 11], "texture": "#arrow"},
				"south": {"uv": [5, 11, 7, 10], "rotation": 180, "texture": "#arrow"},
				"west": {"uv": [7, 11, 6, 10], "rotation": 180, "texture": "#arrow"},
				"up": {"uv": [7, 10, 5, 11], "texture": "#arrow"},
				"down": {"uv": [7, 11, 5, 10], "texture": "#arrow"}
			}
		},
		{
			"name": "Box6",
			"from": [4, 11, 8.5],
			"to": [6, 12, 9.5],
			"faces": {
				"east": {"uv": [6, 9, 7, 10], "texture": "#arrow"},
				"south": {"uv": [6, 10, 8, 9], "rotation": 180, "texture": "#arrow"},
				"west": {"uv": [8, 10, 7, 9], "rotation": 180, "texture": "#arrow"},
				"up": {"uv": [8, 9, 6, 10], "texture": "#arrow"},
				"down": {"uv": [8, 10, 6, 9], "texture": "#arrow"}
			}
		},
		{
			"name": "Box7",
			"from": [3, 12, 8.5],
			"to": [5, 13, 9.5],
			"faces": {
				"east": {"uv": [7, 8, 8, 9], "texture": "#arrow"},
				"south": {"uv": [7, 9, 9, 8], "rotation": 180, "texture": "#arrow"},
				"west": {"uv": [9, 9, 8, 8], "rotation": 180, "texture": "#arrow"},
				"up": {"uv": [9, 8, 7, 9], "texture": "#arrow"},
				"down": {"uv": [9, 9, 7, 8], "texture": "#arrow"}
			}
		},
		{
			"name": "Box8",
			"from": [2, 13, 8.5],
			"to": [4, 14, 9.5],
			"faces": {
				"east": {"uv": [8, 7, 9, 8], "texture": "#arrow"},
				"south": {"uv": [8, 8, 10, 7], "rotation": 180, "texture": "#arrow"},
				"west": {"uv": [10, 8, 9, 7], "rotation": 180, "texture": "#arrow"},
				"up": {"uv": [10, 7, 8, 8], "texture": "#arrow"},
				"down": {"uv": [10, 8, 8, 7], "texture": "#arrow"}
			}
		},
		{
			"name": "Box9",
			"from": [1, 14, 8.5],
			"to": [3, 15, 9.5],
			"faces": {
				"north": {"uv": [11, 7, 9, 6], "rotation": 180, "texture": "#arrow"},
				"east": {"uv": [9, 6, 10, 7], "texture": "#arrow"},
				"south": {"uv": [9, 7, 11, 6], "rotation": 180, "texture": "#arrow"},
				"west": {"uv": [11, 7, 10, 6], "rotation": 180, "texture": "#arrow"},
				"up": {"uv": [11, 6, 9, 7], "texture": "#arrow"},
				"down": {"uv": [11, 7, 9, 6], "texture": "#arrow"}
			}
		},
		{
			"name": "Box10",
			"from": [-3, 17, 8.5],
			"to": [2, 18, 9.5],
			"faces": {
				"north": {"uv": [15, 4, 10, 3], "rotation": 180, "texture": "#arrow"},
				"east": {"uv": [10, 3, 11, 4], "texture": "#arrow"},
				"south": {"uv": [10, 4, 15, 3], "rotation": 180, "texture": "#arrow"},
				"west": {"uv": [15, 4, 14, 3], "rotation": 180, "texture": "#arrow"},
				"up": {"uv": [15, 3, 10, 4], "texture": "#arrow"},
				"down": {"uv": [15, 4, 10, 3], "texture": "#arrow"}
			}
		},
		{
			"name": "Box11",
			"from": [-2, 15, 8.5],
			"to": [2, 17, 9.5],
			"faces": {
				"north": {"uv": [14, 6, 10, 4], "rotation": 180, "texture": "#arrow"},
				"east": {"uv": [10, 4, 11, 6], "texture": "#arrow"},
				"south": {"uv": [10, 6, 14, 4], "rotation": 180, "texture": "#arrow"},
				"west": {"uv": [14, 6, 13, 4], "rotation": 180, "texture": "#arrow"},
				"down": {"uv": [14, 6, 10, 5], "texture": "#arrow"}
			}
		}
	],
	"gui_light": "front",
	"display": {
		"thirdperson_righthand": {
			"rotation": [-80, 260, -40],
			"translation": [-2, -2, 3.25],
			"scale": [0.8, 0.8, 0.8]
		},
		"thirdperson_lefthand": {
			"rotation": [-80, 90, 40],
			"translation": [-2, -2, 3.25],
			"scale": [0.8, 0.8, 0.8]
		},
		"firstperson_righthand": {
			"rotation": [0, -90, 25],
			"translation": [3.13, 3.2, 2.63],
			"scale": [0.68, 0.68, 0.68]
		},
		"firstperson_lefthand": {
			"rotation": [-67, -35, 53],
			"translation": [0, 1.25, 2.63],
			"scale": [0.68, 0.68, 0.68]
		},
		"ground": {
			"translation": [0, 6, 0],
			"scale": [0.5, 0.5, 0.5]
		},
		"gui": {
			"rotation": [10, -25, 2],
			"translation": [-0.5, 0.33, 0],
			"scale": [0.67977, 0.67977, 0.67977]
		},
		"fixed": {
			"rotation": [0, 180, 0],
			"translation": [0, 0, -1.5]
		}
	}
}