{
	"credit": "Created by Mickey Joe Alpha - http://YouTube.com/@MushirMickeyJoe",
	"texture_size": [32, 32],
	"textures": {
		"1": "item/arrow",
		"2": "item/bow/ender_dragon_bow_pulling_1",
		"particle": "item/arrow"
	},
	"elements": [
		{
			"name": "ender_dragon_bow_0",
			"from": [12, 18, 7.5],
			"to": [17, 19, 8.5],
			"rotation": {"angle": 0, "axis": "y", "origin": [-8, 0, -8]},
			"faces": {
				"north": {"uv": [12, 3, 9.5, 3.5], "texture": "#2"},
				"east": {"uv": [11.5, 3, 12, 3.5], "texture": "#2"},
				"south": {"uv": [9.5, 3, 12, 3.5], "texture": "#2"},
				"west": {"uv": [9.5, 3, 10, 3.5], "texture": "#2"},
				"up": {"uv": [9.5, 3, 12, 3.5], "texture": "#2"},
				"down": {"uv": [9.5, 3, 12, 3.5], "texture": "#2"}
			}
		},
		{
			"name": "ender_dragon_bow_1",
			"from": [9, 16, 7.5],
			"to": [11, 18, 8.5],
			"rotation": {"angle": 0, "axis": "y", "origin": [-8, 0, -8]},
			"faces": {
				"north": {"uv": [9, 3.5, 8, 4.5], "texture": "#2"},
				"east": {"uv": [8.5, 3.5, 9, 4.5], "texture": "#2"},
				"south": {"uv": [8, 3.5, 9, 4.5], "texture": "#2"},
				"west": {"uv": [8, 3.5, 8.5, 4.5], "texture": "#2"},
				"up": {"uv": [8, 3.5, 9, 4], "texture": "#2"},
				"down": {"uv": [8, 4, 9, 4.5], "texture": "#2"}
			}
		},
		{
			"name": "ender_dragon_bow_2",
			"from": [11, 17, 7.5],
			"to": [13, 18, 8.5],
			"rotation": {"angle": 0, "axis": "y", "origin": [-8, 0, -8]},
			"faces": {
				"north": {"uv": [10, 3.5, 9, 4], "texture": "#2"},
				"east": {"uv": [9.5, 3.5, 10, 4], "texture": "#2"},
				"south": {"uv": [9, 3.5, 10, 4], "texture": "#2"},
				"up": {"uv": [9, 3.5, 10, 4], "texture": "#2"},
				"down": {"uv": [9, 3.5, 10, 4], "texture": "#2"}
			}
		},
		{
			"name": "ender_dragon_bow_3",
			"from": [17, 17, 7.5],
			"to": [18, 18, 8.5],
			"rotation": {"angle": 0, "axis": "y", "origin": [-8, 0, -8]},
			"faces": {
				"north": {"uv": [12.5, 3.5, 12, 4], "texture": "#2"},
				"east": {"uv": [12, 3.5, 12.5, 4], "texture": "#2"},
				"south": {"uv": [12, 3.5, 12.5, 4], "texture": "#2"},
				"west": {"uv": [12, 3.5, 12.5, 4], "texture": "#2"},
				"up": {"uv": [12, 3.5, 12.5, 4], "texture": "#2"},
				"down": {"uv": [12, 3.5, 12.5, 4], "texture": "#2"}
			}
		},
		{
			"name": "ender_dragon_bow_4",
			"from": [8, 14, 7.5],
			"to": [9, 17, 8.5],
			"rotation": {"angle": 0, "axis": "y", "origin": [-8, 0, -8]},
			"faces": {
				"north": {"uv": [8, 4, 7.5, 5.5], "texture": "#2"},
				"east": {"uv": [7.5, 4, 8, 5.5], "texture": "#2"},
				"south": {"uv": [7.5, 4, 8, 5.5], "texture": "#2"},
				"up": {"uv": [7.5, 4, 8, 4.5], "texture": "#2"},
				"down": {"uv": [7.5, 5, 8, 5.5], "texture": "#2"}
			}
		},
		{
			"name": "ender_dragon_bow_6",
			"from": [18, 15, 7.5],
			"to": [19, 17, 8.5],
			"rotation": {"angle": 0, "axis": "y", "origin": [-8, 0, -8]},
			"faces": {
				"north": {"uv": [13, 4, 12.5, 5], "texture": "#2"},
				"east": {"uv": [12.5, 4, 13, 5], "texture": "#2"},
				"south": {"uv": [12.5, 4, 13, 5], "texture": "#2"},
				"west": {"uv": [12.5, 4, 13, 5], "texture": "#2"},
				"up": {"uv": [12.5, 4, 13, 4.5], "texture": "#2"},
				"down": {"uv": [12.5, 4.5, 13, 5], "texture": "#2"}
			}
		},
		{
			"name": "ender_dragon_bow_7",
			"from": [7, 13, 7.5],
			"to": [8, 16, 8.5],
			"rotation": {"angle": 0, "axis": "y", "origin": [-8, 0, -8]},
			"faces": {
				"north": {"uv": [7.5, 4.5, 7, 6], "texture": "#2"},
				"east": {"uv": [7, 4.5, 7.5, 6], "texture": "#2"},
				"south": {"uv": [7, 4.5, 7.5, 6], "texture": "#2"},
				"down": {"uv": [7, 5.5, 7.5, 6], "texture": "#2"}
			}
		},
		{
			"name": "ender_dragon_bow_8",
			"from": [9, 15, 7.5],
			"to": [10, 16, 8.5],
			"rotation": {"angle": 0, "axis": "y", "origin": [-8, 0, -8]},
			"faces": {
				"north": {"uv": [8.5, 4.5, 8, 5], "texture": "#2"},
				"east": {"uv": [8, 4.5, 8.5, 5], "texture": "#2"},
				"south": {"uv": [8, 4.5, 8.5, 5], "texture": "#2"},
				"down": {"uv": [8, 4.5, 8.5, 5], "texture": "#2"}
			}
		},
		{
			"name": "ender_dragon_bow_11",
			"from": [6, 12, 7.5],
			"to": [7, 14, 8.5],
			"rotation": {"angle": 0, "axis": "y", "origin": [-8, 0, -8]},
			"faces": {
				"north": {"uv": [7, 5.5, 6.5, 6.5], "texture": "#2"},
				"east": {"uv": [6.5, 5.5, 7, 6.5], "texture": "#2"},
				"west": {"uv": [6.5, 5.5, 7, 6.5], "texture": "#2"},
				"up": {"uv": [6.5, 5.5, 7, 6], "texture": "#2"},
				"down": {"uv": [6.5, 6, 7, 6.5], "texture": "#2"}
			}
		},
		{
			"name": "ender_dragon_bow_13",
			"from": [5, 11, 7.5],
			"to": [6, 13, 8.5],
			"rotation": {"angle": 0, "axis": "y", "origin": [-8, 0, -8]},
			"faces": {
				"north": {"uv": [6.5, 6, 6, 7], "texture": "#2"},
				"east": {"uv": [6, 6, 6.5, 7], "texture": "#2"},
				"west": {"uv": [6, 6, 6.5, 7], "texture": "#2"},
				"up": {"uv": [6, 6, 6.5, 6.5], "texture": "#2"},
				"down": {"uv": [6, 6.5, 6.5, 7], "texture": "#2"}
			}
		},
		{
			"name": "ender_dragon_bow_15",
			"from": [4, 10, 7.5],
			"to": [5, 12, 8.5],
			"rotation": {"angle": 0, "axis": "y", "origin": [-8, 0, -8]},
			"faces": {
				"north": {"uv": [6, 6.5, 5.5, 7.5], "texture": "#2"},
				"east": {"uv": [5.5, 6.5, 6, 7.5], "texture": "#2"},
				"south": {"uv": [5.5, 6.5, 6, 7.5], "texture": "#2"},
				"west": {"uv": [5.5, 6.5, 6, 7.5], "texture": "#2"},
				"up": {"uv": [5.5, 6.5, 6, 7], "texture": "#2"},
				"down": {"uv": [5.5, 7, 6, 7.5], "texture": "#2"}
			}
		},
		{
			"name": "ender_dragon_bow_17",
			"from": [2, 9, 7.5],
			"to": [4, 11, 8.5],
			"rotation": {"angle": 0, "axis": "y", "origin": [-8, 0, -8]},
			"faces": {
				"north": {"uv": [5.5, 7, 4.5, 8], "texture": "#2"},
				"east": {"uv": [5, 7, 5.5, 8], "texture": "#2"},
				"south": {"uv": [4.5, 7, 5.5, 8], "texture": "#2"},
				"west": {"uv": [4.5, 7, 5, 8], "texture": "#2"},
				"up": {"uv": [4.5, 7, 5.5, 7.5], "texture": "#2"},
				"down": {"uv": [4.5, 7.5, 5.5, 8], "texture": "#2"}
			}
		},
		{
			"name": "ender_dragon_bow_19",
			"from": [1, 7, 7.5],
			"to": [2, 10, 8.5],
			"rotation": {"angle": 0, "axis": "y", "origin": [-8, 0, -8]},
			"faces": {
				"north": {"uv": [4.5, 7.5, 4, 9], "texture": "#2"},
				"east": {"uv": [4, 7.5, 4.5, 9], "texture": "#2"},
				"south": {"uv": [4, 7.5, 4.5, 9], "texture": "#2"},
				"west": {"uv": [4, 7.5, 4.5, 9], "texture": "#2"},
				"up": {"uv": [4, 7.5, 4.5, 8], "texture": "#2"},
				"down": {"uv": [4, 8.5, 4.5, 9], "texture": "#2"}
			}
		},
		{
			"name": "ender_dragon_bow_21",
			"from": [0, 5, 7.5],
			"to": [1, 9, 8.5],
			"rotation": {"angle": 0, "axis": "y", "origin": [-8, 0, -8]},
			"faces": {
				"north": {"uv": [4, 8, 3.5, 10], "texture": "#2"},
				"east": {"uv": [3.5, 8, 4, 10], "texture": "#2"},
				"south": {"uv": [3.5, 8, 4, 10], "texture": "#2"},
				"west": {"uv": [3.5, 8, 4, 10], "texture": "#2"},
				"up": {"uv": [3.5, 8, 4, 8.5], "texture": "#2"},
				"down": {"uv": [3.5, 9.5, 4, 10], "texture": "#2"}
			}
		},
		{
			"name": "ender_dragon_bow_22",
			"from": [2, 8, 7.5],
			"to": [3, 9, 8.5],
			"rotation": {"angle": 0, "axis": "y", "origin": [-8, 0, -8]},
			"faces": {
				"north": {"uv": [5, 8, 4.5, 8.5], "texture": "#2"},
				"east": {"uv": [4.5, 8, 5, 8.5], "texture": "#2"},
				"south": {"uv": [4.5, 8, 5, 8.5], "texture": "#2"},
				"down": {"uv": [4.5, 8, 5, 8.5], "texture": "#2"}
			}
		},
		{
			"name": "ender_dragon_bow_26",
			"from": [-1, 1, 7.5],
			"to": [0, 6, 8.5],
			"rotation": {"angle": 0, "axis": "y", "origin": [-8, 0, -8]},
			"faces": {
				"north": {"uv": [3.5, 9.5, 3, 12], "texture": "#2"},
				"east": {"uv": [3, 9.5, 3.5, 12], "texture": "#2"},
				"south": {"uv": [3, 9.5, 3.5, 12], "texture": "#2"},
				"west": {"uv": [3, 9.5, 3.5, 12], "texture": "#2"},
				"up": {"uv": [3, 9.5, 3.5, 10], "texture": "#2"},
				"down": {"uv": [3, 11.5, 3.5, 12], "texture": "#2"}
			}
		},
		{
			"name": "ender_dragon_bow_32",
			"from": [0, 0, 7.5],
			"to": [1, 1, 8.5],
			"rotation": {"angle": 0, "axis": "y", "origin": [-8, 0, -8]},
			"faces": {
				"north": {"uv": [4, 12, 3.5, 12.5], "texture": "#2"},
				"east": {"uv": [3.5, 12, 4, 12.5], "texture": "#2"},
				"south": {"uv": [3.5, 12, 4, 12.5], "texture": "#2"},
				"west": {"uv": [3.5, 12, 4, 12.5], "texture": "#2"},
				"up": {"uv": [3.5, 12, 4, 12.5], "texture": "#2"},
				"down": {"uv": [3.5, 12, 4, 12.5], "texture": "#2"}
			}
		},
		{
			"name": "ender_dragon_bow_33",
			"from": [1, -1, 7.5],
			"to": [3, 0, 8.5],
			"rotation": {"angle": 0, "axis": "y", "origin": [-8, 0, -8]},
			"faces": {
				"north": {"uv": [5, 12.5, 4, 13], "texture": "#2"},
				"east": {"uv": [4.5, 12.5, 5, 13], "texture": "#2"},
				"south": {"uv": [4, 12.5, 5, 13], "texture": "#2"},
				"west": {"uv": [4, 12.5, 4.5, 13], "texture": "#2"},
				"up": {"uv": [4, 12.5, 5, 13], "texture": "#2"},
				"down": {"uv": [4, 12.5, 5, 13], "texture": "#2"}
			}
		},
		{
			"from": [6.01903, 13.80433, 7.4],
			"to": [9.01903, 16.80433, 9.6],
			"rotation": {"angle": -45, "axis": "z", "origin": [7.75, 15.5, 10.1]},
			"faces": {
				"north": {"uv": [1, 1, 2.5, 2.5], "texture": "#2"},
				"east": {"uv": [0, 1, 1, 2.5], "texture": "#2"},
				"south": {"uv": [3.5, 1, 5, 2.5], "texture": "#2"},
				"west": {"uv": [2.5, 1, 3.5, 2.5], "texture": "#2"},
				"up": {"uv": [2.5, 1, 1, 0], "texture": "#2"},
				"down": {"uv": [4, 0, 2.5, 1], "texture": "#2"}
			}
		},
		{
			"name": "ender_dragon_bow_4",
			"from": [9.71508, 15.18925, 9.6],
			"to": [10.71508, 17.18925, 10.6],
			"rotation": {"angle": -45, "axis": "z", "origin": [7.75, 15.5, 10.1]},
			"faces": {
				"north": {"uv": [7.5, 2, 7, 3], "texture": "#2"},
				"east": {"uv": [7, 2, 7.5, 3], "texture": "#2"},
				"south": {"uv": [7, 2, 7.5, 3], "texture": "#2"},
				"west": {"uv": [7, 2, 7.5, 3], "texture": "#2"},
				"down": {"uv": [7, 2.5, 7.5, 3], "texture": "#2"}
			}
		},
		{
			"name": "ender_dragon_bow_3",
			"from": [9.71508, 17.18925, 9.6],
			"to": [11.71508, 18.18925, 10.6],
			"rotation": {"angle": -45, "axis": "z", "origin": [7.75, 15.5, 10.1]},
			"faces": {
				"north": {"uv": [8, 1.5, 7, 2], "texture": "#2"},
				"east": {"uv": [7.5, 1.5, 8, 2], "texture": "#2"},
				"south": {"uv": [7, 1.5, 8, 2], "texture": "#2"},
				"west": {"uv": [7, 1.5, 7.5, 2], "texture": "#2"},
				"up": {"uv": [7, 1.5, 8, 2], "texture": "#2"},
				"down": {"uv": [7, 1.5, 8, 2], "texture": "#2"}
			}
		},
		{
			"name": "ender_dragon_bow_5",
			"from": [7.71508, 15.18925, 9.6],
			"to": [9.71508, 16.18925, 10.6],
			"rotation": {"angle": -45, "axis": "z", "origin": [7.75, 15.5, 10.1]},
			"faces": {
				"north": {"uv": [7, 2.5, 6, 3], "texture": "#2"},
				"south": {"uv": [6, 2.5, 7, 3], "texture": "#2"},
				"west": {"uv": [6, 2.5, 6.5, 3], "texture": "#2"},
				"up": {"uv": [6, 2.5, 7, 3], "texture": "#2"},
				"down": {"uv": [6, 2.5, 7, 3], "texture": "#2"}
			}
		},
		{
			"name": "ender_dragon_bow_5",
			"from": [7.71508, 15.18925, 6.35],
			"to": [9.71508, 16.18925, 7.35],
			"rotation": {"angle": -45, "axis": "z", "origin": [7.75, 15.5, 10.1]},
			"faces": {
				"north": {"uv": [7, 2.5, 6, 3], "texture": "#2"},
				"south": {"uv": [6, 2.5, 7, 3], "texture": "#2"},
				"west": {"uv": [6, 2.5, 6.5, 3], "texture": "#2"},
				"up": {"uv": [6, 2.5, 7, 3], "texture": "#2"},
				"down": {"uv": [6, 2.5, 7, 3], "texture": "#2"}
			}
		},
		{
			"name": "ender_dragon_bow_4",
			"from": [9.71508, 15.18925, 6.35],
			"to": [10.71508, 17.18925, 7.35],
			"rotation": {"angle": -45, "axis": "z", "origin": [7.75, 15.5, 10.1]},
			"faces": {
				"north": {"uv": [7.5, 2, 7, 3], "texture": "#2"},
				"east": {"uv": [7, 2, 7.5, 3], "texture": "#2"},
				"south": {"uv": [7, 2, 7.5, 3], "texture": "#2"},
				"west": {"uv": [7, 2, 7.5, 3], "texture": "#2"},
				"down": {"uv": [7, 2.5, 7.5, 3], "texture": "#2"}
			}
		},
		{
			"name": "ender_dragon_bow_3",
			"from": [9.71508, 17.18925, 6.35],
			"to": [11.71508, 18.18925, 7.35],
			"rotation": {"angle": -45, "axis": "z", "origin": [7.75, 15.5, 10.1]},
			"faces": {
				"north": {"uv": [8, 1.5, 7, 2], "texture": "#2"},
				"east": {"uv": [7.5, 1.5, 8, 2], "texture": "#2"},
				"south": {"uv": [7, 1.5, 8, 2], "texture": "#2"},
				"west": {"uv": [7, 1.5, 7.5, 2], "texture": "#2"},
				"up": {"uv": [7, 1.5, 8, 2], "texture": "#2"},
				"down": {"uv": [7, 1.5, 8, 2], "texture": "#2"}
			}
		},
		{
			"from": [2.01903, 14.80433, 7.4],
			"to": [6.01903, 16.80433, 9.6],
			"rotation": {"angle": -45, "axis": "z", "origin": [7.75, 15.5, 10.1]},
			"faces": {
				"north": {"uv": [1, 3.5, 3, 4.5], "texture": "#2"},
				"south": {"uv": [4, 3.5, 6, 4.5], "texture": "#2"},
				"west": {"uv": [3, 3.5, 4, 4.5], "texture": "#2"},
				"up": {"uv": [3, 3.5, 1, 2.5], "texture": "#2"},
				"down": {"uv": [5, 2.5, 3, 3.5], "texture": "#2"}
			}
		},
		{
			"from": [2.01903, 13.80433, 7.4],
			"to": [6.01903, 14.80433, 7.4],
			"rotation": {"angle": -45, "axis": "z", "origin": [7.75, 15.5, 10.1]},
			"faces": {
				"north": {"uv": [11, 1, 13, 1.5], "texture": "#2"},
				"south": {"uv": [14, 1, 16, 1.5], "texture": "#2"}
			}
		},
		{
			"from": [4.27348, 10.66637, 7.4],
			"to": [8.27348, 11.66637, 7.4],
			"rotation": {"angle": -45, "axis": "z", "origin": [7.75, 15.5, 10.1]},
			"faces": {
				"north": {"uv": [8.5, 1, 10.5, 1.5], "texture": "#2"},
				"south": {"uv": [9, 1, 11, 1.5], "texture": "#2"}
			}
		},
		{
			"from": [4.27348, 9.66637, 7.4],
			"to": [8.27348, 10.66637, 9.5],
			"rotation": {"angle": -45, "axis": "z", "origin": [7.75, 15.5, 10.1]},
			"faces": {
				"north": {"uv": [1, 5.5, 3, 6], "texture": "#2"},
				"east": {"uv": [0, 5.5, 1, 6], "texture": "#2"},
				"south": {"uv": [4, 5.5, 6, 6], "texture": "#2"},
				"west": {"uv": [3, 5.5, 4, 6], "texture": "#2"},
				"up": {"uv": [3, 5.5, 1, 4.5], "texture": "#2"},
				"down": {"uv": [5, 4.5, 3, 5.5], "texture": "#2"}
			}
		},
		{
			"from": [4.27348, 10.66637, 9.5],
			"to": [8.27348, 11.66637, 9.5],
			"rotation": {"angle": -45, "axis": "z", "origin": [7.75, 15.5, 10.1]},
			"faces": {
				"north": {"uv": [8.5, 1, 10.5, 1.5], "texture": "#2"},
				"south": {"uv": [9, 1, 11, 1.5], "texture": "#2"}
			}
		},
		{
			"from": [2.01903, 13.80433, 9.6],
			"to": [6.01903, 14.80433, 9.6],
			"rotation": {"angle": -45, "axis": "z", "origin": [7.75, 15.5, 10.1]},
			"faces": {
				"north": {"uv": [11, 1, 13, 1.5], "texture": "#2"},
				"south": {"uv": [14, 1, 16, 1.5], "texture": "#2"}
			}
		},
		{
			"name": "Box4",
			"from": [14.1, 2, 8.5],
			"to": [15.1, 3, 9.4],
			"faces": {
				"east": {"uv": [3, 14, 4, 15], "texture": "#1"},
				"south": {"uv": [3, 14, 4, 15], "texture": "#1"},
				"west": {"uv": [4, 15, 3, 14], "rotation": 180, "texture": "#1"},
				"down": {"uv": [4, 15, 3, 14], "texture": "#1"}
			}
		},
		{
			"name": "Box2",
			"from": [13.1, 3, 8.5],
			"to": [16.1, 4, 9.4],
			"faces": {
				"north": {"uv": [5, 14, 2, 13], "rotation": 180, "texture": "#1"},
				"east": {"uv": [2, 13, 3, 14], "texture": "#1"},
				"south": {"uv": [2, 14, 5, 13], "rotation": 180, "texture": "#1"},
				"west": {"uv": [5, 14, 4, 13], "rotation": 180, "texture": "#1"},
				"down": {"uv": [5, 14, 2, 13], "texture": "#1"}
			}
		},
		{
			"name": "Box1",
			"from": [12.1, 4, 8.5],
			"to": [16.1, 5, 9.4],
			"faces": {
				"north": {"uv": [6, 13, 2, 12], "rotation": 180, "texture": "#1"},
				"east": {"uv": [2, 12, 3, 13], "texture": "#1"},
				"south": {"uv": [2, 13, 6, 12], "rotation": 180, "texture": "#1"},
				"west": {"uv": [6, 13, 5, 12], "rotation": 180, "texture": "#1"},
				"up": {"uv": [6, 12, 2, 13], "texture": "#1"},
				"down": {"uv": [6, 13, 2, 12], "texture": "#1"}
			}
		},
		{
			"name": "Box3",
			"from": [12.1, 5, 8.5],
			"to": [15.1, 6, 9.4],
			"faces": {
				"north": {"uv": [6, 12, 3, 11], "rotation": 180, "texture": "#1"},
				"east": {"uv": [3, 11, 4, 12], "texture": "#1"},
				"south": {"uv": [3, 12, 6, 11], "rotation": 180, "texture": "#1"},
				"west": {"uv": [6, 12, 5, 11], "rotation": 180, "texture": "#1"},
				"up": {"uv": [6, 11, 3, 12], "texture": "#1"}
			}
		},
		{
			"name": "Box5",
			"from": [11.1, 6, 8.5],
			"to": [13.1, 7, 9.4],
			"faces": {
				"north": {"uv": [7, 11, 5, 10], "rotation": 180, "texture": "#1"},
				"east": {"uv": [5, 10, 6, 11], "texture": "#1"},
				"south": {"uv": [5, 11, 7, 10], "rotation": 180, "texture": "#1"},
				"west": {"uv": [7, 11, 6, 10], "rotation": 180, "texture": "#1"},
				"up": {"uv": [7, 10, 5, 11], "texture": "#1"},
				"down": {"uv": [7, 11, 5, 10], "texture": "#1"}
			}
		},
		{
			"name": "Box6",
			"from": [10.1, 7, 8.5],
			"to": [12.1, 8, 9.4],
			"faces": {
				"north": {"uv": [8, 10, 6, 9], "rotation": 180, "texture": "#1"},
				"east": {"uv": [6, 9, 7, 10], "texture": "#1"},
				"south": {"uv": [6, 10, 8, 9], "rotation": 180, "texture": "#1"},
				"west": {"uv": [8, 10, 7, 9], "rotation": 180, "texture": "#1"},
				"up": {"uv": [8, 9, 6, 10], "texture": "#1"},
				"down": {"uv": [8, 10, 6, 9], "texture": "#1"}
			}
		},
		{
			"name": "Box7",
			"from": [9.1, 8, 8.5],
			"to": [11.1, 9, 9.4],
			"faces": {
				"north": {"uv": [9, 9, 7, 8], "rotation": 180, "texture": "#1"},
				"east": {"uv": [7, 8, 8, 9], "texture": "#1"},
				"south": {"uv": [7, 9, 9, 8], "rotation": 180, "texture": "#1"},
				"west": {"uv": [9, 9, 8, 8], "rotation": 180, "texture": "#1"},
				"up": {"uv": [9, 8, 7, 9], "texture": "#1"},
				"down": {"uv": [9, 9, 7, 8], "texture": "#1"}
			}
		},
		{
			"name": "Box8",
			"from": [8.1, 9, 8.5],
			"to": [10.1, 10, 9.4],
			"faces": {
				"north": {"uv": [8, 7, 9, 8], "texture": "#1"},
				"east": {"uv": [8, 7, 9, 8], "texture": "#1"},
				"south": {"uv": [8, 8, 10, 7], "rotation": 180, "texture": "#1"},
				"west": {"uv": [10, 8, 9, 7], "rotation": 180, "texture": "#1"},
				"up": {"uv": [10, 7, 8, 8], "texture": "#1"},
				"down": {"uv": [10, 8, 8, 7], "texture": "#1"}
			}
		},
		{
			"name": "Box9",
			"from": [7.1, 10, 8.5],
			"to": [9.1, 11, 9.4],
			"faces": {
				"north": {"uv": [11, 7, 9, 6], "rotation": 180, "texture": "#1"},
				"east": {"uv": [9, 6, 10, 7], "texture": "#1"},
				"south": {"uv": [9, 7, 11, 6], "rotation": 180, "texture": "#1"},
				"west": {"uv": [11, 7, 10, 6], "rotation": 180, "texture": "#1"},
				"up": {"uv": [11, 6, 9, 7], "texture": "#1"},
				"down": {"uv": [11, 7, 9, 6], "texture": "#1"}
			}
		},
		{
			"name": "Box13",
			"from": [5.1, 10, 8.5],
			"to": [6.1, 11, 9.4],
			"faces": {
				"north": {"uv": [13, 7, 12, 6], "rotation": 180, "texture": "#1"},
				"east": {"uv": [12, 6, 13, 7], "texture": "#1"},
				"south": {"uv": [12, 7, 13, 6], "rotation": 180, "texture": "#1"},
				"west": {"uv": [13, 7, 12, 6], "rotation": 180, "texture": "#1"},
				"down": {"uv": [13, 7, 12, 6], "texture": "#1"}
			}
		},
		{
			"name": "Box11",
			"from": [4.1, 11, 8.5],
			"to": [8.1, 13, 9.4],
			"faces": {
				"north": {"uv": [14, 6, 10, 4], "rotation": 180, "texture": "#1"},
				"east": {"uv": [10, 4, 11, 6], "texture": "#1"},
				"south": {"uv": [10, 6, 14, 4], "rotation": 180, "texture": "#1"},
				"west": {"uv": [14, 6, 13, 4], "rotation": 180, "texture": "#1"},
				"down": {"uv": [14, 6, 10, 5], "texture": "#1"}
			}
		},
		{
			"name": "Box10",
			"from": [3.1, 13, 8.5],
			"to": [8.1, 14, 9.4],
			"faces": {
				"north": {"uv": [15, 4, 10, 3], "rotation": 180, "texture": "#1"},
				"east": {"uv": [10, 3, 11, 4], "texture": "#1"},
				"south": {"uv": [10, 4, 15, 3], "rotation": 180, "texture": "#1"},
				"west": {"uv": [15, 4, 14, 3], "rotation": 180, "texture": "#1"},
				"up": {"uv": [15, 3, 10, 4], "texture": "#1"},
				"down": {"uv": [15, 4, 10, 3], "texture": "#1"}
			}
		},
		{
			"name": "Box12",
			"from": [3.1, 14, 8.5],
			"to": [6.1, 15, 9.4],
			"faces": {
				"north": {"uv": [15, 3, 12, 2], "rotation": 180, "texture": "#1"},
				"east": {"uv": [12, 2, 13, 3], "texture": "#1"},
				"south": {"uv": [12, 3, 15, 2], "rotation": 180, "texture": "#1"},
				"west": {"uv": [15, 3, 14, 2], "rotation": 180, "texture": "#1"},
				"up": {"uv": [15, 2, 12, 3], "texture": "#1"}
			}
		},
		{
			"name": "ender_dragon_bow_pulling_1_19",
			"from": [16, 8, 7.5],
			"to": [17, 17, 8.5],
			"rotation": {"angle": 0, "axis": "y", "origin": [-8, 0, -8]},
			"faces": {
				"north": {"uv": [12, 4, 11.5, 8.5], "texture": "#2"},
				"east": {"uv": [11.5, 4, 12, 8.5], "texture": "#2"},
				"south": {"uv": [11.5, 4, 12, 8.5], "texture": "#2"},
				"west": {"uv": [11.5, 4, 12, 8.5], "texture": "#2"},
				"up": {"uv": [11.5, 4, 12, 4.5], "texture": "#2"},
				"down": {"uv": [11.5, 8, 12, 8.5], "texture": "#2"}
			}
		},
		{
			"name": "ender_dragon_bow_pulling_1_32",
			"from": [15, 2, 7.5],
			"to": [16, 8, 8.5],
			"rotation": {"angle": 0, "axis": "y", "origin": [-8, 0, -8]},
			"faces": {
				"north": {"uv": [11.5, 8.5, 11, 11.5], "texture": "#2"},
				"east": {"uv": [11, 8.5, 11.5, 11.5], "texture": "#2"},
				"south": {"uv": [11, 8.5, 11.5, 11.5], "texture": "#2"},
				"west": {"uv": [11, 8.5, 11.5, 11.5], "texture": "#2"},
				"up": {"uv": [11, 8.5, 11.5, 9], "texture": "#2"},
				"down": {"uv": [11, 11, 11.5, 11.5], "texture": "#2"}
			}
		},
		{
			"name": "ender_dragon_bow_pulling_1_34",
			"from": [10, 2, 7.5],
			"to": [15, 3, 8.5],
			"rotation": {"angle": 0, "axis": "y", "origin": [-8, 0, -8]},
			"faces": {
				"north": {"uv": [11, 11, 8.5, 11.5], "texture": "#2"},
				"south": {"uv": [8.5, 11, 11, 11.5], "texture": "#2"},
				"west": {"uv": [8.5, 11, 9, 11.5], "texture": "#2"},
				"up": {"uv": [8.5, 11, 11, 11.5], "texture": "#2"},
				"down": {"uv": [8.5, 11, 11, 11.5], "texture": "#2"}
			}
		},
		{
			"name": "ender_dragon_bow_pulling_1_35",
			"from": [1, 1, 7.5],
			"to": [10, 2, 8.5],
			"rotation": {"angle": 0, "axis": "y", "origin": [-8, 0, -8]},
			"faces": {
				"north": {"uv": [8.5, 11.5, 4, 12], "texture": "#2"},
				"east": {"uv": [8, 11.5, 8.5, 12], "texture": "#2"},
				"south": {"uv": [4, 11.5, 8.5, 12], "texture": "#2"},
				"west": {"uv": [4, 11.5, 4.5, 12], "texture": "#2"},
				"up": {"uv": [4, 11.5, 8.5, 12], "texture": "#2"},
				"down": {"uv": [4, 11.5, 8.5, 12], "texture": "#2"}
			}
		}
	],
	"gui_light": "front",
	"display": {
		"thirdperson_righthand": {
			"rotation": [-80, 260, -40],
			"translation": [-2, -4.25, 4.5],
			"scale": [0.9, 0.9, 0.9]
		},
		"thirdperson_lefthand": {
			"rotation": [-80, -280, 40],
			"translation": [-2, -2, 4.5],
			"scale": [0.9, 0.9, 0.9]
		},
		"firstperson_righthand": {
			"rotation": [0, -90, 25],
			"translation": [4.25, 3.5, 2.25],
			"scale": [0.68, 0.68, 0.68]
		},
		"firstperson_lefthand": {
			"rotation": [-90, 154, 53],
			"translation": [0, 0, 1.25],
			"scale": [0.68, 0.68, 0.68]
		},
		"gui": {
			"rotation": [10, -25, 2],
			"translation": [0.25, -0.17, 0]
		}
	}
}