{
	"credit": "Created by Mickey Joe Alpha - http://YouTube.com/@MushirMickeyJoe",
	"texture_size": [32, 32],
	"textures": {
		"2": "item/bow/ender_dragon_bow"
	},
	"elements": [
		{
			"name": "ender_dragon_bow_0",
			"from": [12, 18, 7.5],
			"to": [17, 19, 8.5],
			"rotation": {"angle": 0, "axis": "y", "origin": [-8, 0, -8]},
			"faces": {
				"north": {"uv": [12, 3, 9.5, 3.5], "texture": "#2"},
				"east": {"uv": [11.5, 3, 12, 3.5], "texture": "#2"},
				"south": {"uv": [9.5, 3, 12, 3.5], "texture": "#2"},
				"west": {"uv": [9.5, 3, 10, 3.5], "texture": "#2"},
				"up": {"uv": [9.5, 3, 12, 3.5], "texture": "#2"},
				"down": {"uv": [9.5, 3, 12, 3.5], "texture": "#2"}
			}
		},
		{
			"name": "ender_dragon_bow_1",
			"from": [9, 16, 7.5],
			"to": [11, 18, 8.5],
			"rotation": {"angle": 0, "axis": "y", "origin": [-8, 0, -8]},
			"faces": {
				"north": {"uv": [9, 3.5, 8, 4.5], "texture": "#2"},
				"east": {"uv": [8.5, 3.5, 9, 4.5], "texture": "#2"},
				"south": {"uv": [8, 3.5, 9, 4.5], "texture": "#2"},
				"west": {"uv": [8, 3.5, 8.5, 4.5], "texture": "#2"},
				"up": {"uv": [8, 3.5, 9, 4], "texture": "#2"},
				"down": {"uv": [8, 4, 9, 4.5], "texture": "#2"}
			}
		},
		{
			"name": "ender_dragon_bow_2",
			"from": [11, 17, 7.5],
			"to": [13, 18, 8.5],
			"rotation": {"angle": 0, "axis": "y", "origin": [-8, 0, -8]},
			"faces": {
				"north": {"uv": [10, 3.5, 9, 4], "texture": "#2"},
				"east": {"uv": [9.5, 3.5, 10, 4], "texture": "#2"},
				"south": {"uv": [9, 3.5, 10, 4], "texture": "#2"},
				"up": {"uv": [9, 3.5, 10, 4], "texture": "#2"},
				"down": {"uv": [9, 3.5, 10, 4], "texture": "#2"}
			}
		},
		{
			"name": "ender_dragon_bow_3",
			"from": [17, 17, 7.5],
			"to": [18, 18, 8.5],
			"rotation": {"angle": 0, "axis": "y", "origin": [-8, 0, -8]},
			"faces": {
				"north": {"uv": [12.5, 3.5, 12, 4], "texture": "#2"},
				"east": {"uv": [12, 3.5, 12.5, 4], "texture": "#2"},
				"south": {"uv": [12, 3.5, 12.5, 4], "texture": "#2"},
				"west": {"uv": [12, 3.5, 12.5, 4], "texture": "#2"},
				"up": {"uv": [12, 3.5, 12.5, 4], "texture": "#2"},
				"down": {"uv": [12, 3.5, 12.5, 4], "texture": "#2"}
			}
		},
		{
			"name": "ender_dragon_bow_4",
			"from": [8, 14, 7.5],
			"to": [9, 17, 8.5],
			"rotation": {"angle": 0, "axis": "y", "origin": [-8, 0, -8]},
			"faces": {
				"north": {"uv": [8, 4, 7.5, 5.5], "texture": "#2"},
				"east": {"uv": [7.5, 4, 8, 5.5], "texture": "#2"},
				"south": {"uv": [7.5, 4, 8, 5.5], "texture": "#2"},
				"west": {"uv": [7.5, 4, 8, 5.5], "texture": "#2"},
				"up": {"uv": [7.5, 4, 8, 4.5], "texture": "#2"},
				"down": {"uv": [7.5, 5, 8, 5.5], "texture": "#2"}
			}
		},
		{
			"name": "ender_dragon_bow_5",
			"from": [16, 16, 7.5],
			"to": [17, 17, 8.5],
			"rotation": {"angle": 0, "axis": "y", "origin": [-8, 0, -8]},
			"faces": {
				"north": {"uv": [12, 4, 11.5, 4.5], "texture": "#2"},
				"east": {"uv": [11.5, 4, 12, 4.5], "texture": "#2"},
				"south": {"uv": [11.5, 4, 12, 4.5], "texture": "#2"},
				"west": {"uv": [11.5, 4, 12, 4.5], "texture": "#2"},
				"up": {"uv": [11.5, 4, 12, 4.5], "texture": "#2"},
				"down": {"uv": [11.5, 4, 12, 4.5], "texture": "#2"}
			}
		},
		{
			"name": "ender_dragon_bow_6",
			"from": [18, 15, 7.5],
			"to": [19, 17, 8.5],
			"rotation": {"angle": 0, "axis": "y", "origin": [-8, 0, -8]},
			"faces": {
				"north": {"uv": [13, 4, 12.5, 5], "texture": "#2"},
				"east": {"uv": [12.5, 4, 13, 5], "texture": "#2"},
				"south": {"uv": [12.5, 4, 13, 5], "texture": "#2"},
				"west": {"uv": [12.5, 4, 13, 5], "texture": "#2"},
				"up": {"uv": [12.5, 4, 13, 4.5], "texture": "#2"},
				"down": {"uv": [12.5, 4.5, 13, 5], "texture": "#2"}
			}
		},
		{
			"name": "ender_dragon_bow_7",
			"from": [7, 13, 7.5],
			"to": [8, 16, 8.5],
			"rotation": {"angle": 0, "axis": "y", "origin": [-8, 0, -8]},
			"faces": {
				"north": {"uv": [7.5, 4.5, 7, 6], "texture": "#2"},
				"east": {"uv": [7, 4.5, 7.5, 6], "texture": "#2"},
				"south": {"uv": [7, 4.5, 7.5, 6], "texture": "#2"},
				"down": {"uv": [7, 5.5, 7.5, 6], "texture": "#2"}
			}
		},
		{
			"name": "ender_dragon_bow_8",
			"from": [9, 15, 7.5],
			"to": [10, 16, 8.5],
			"rotation": {"angle": 0, "axis": "y", "origin": [-8, 0, -8]},
			"faces": {
				"north": {"uv": [8.5, 4.5, 8, 5], "texture": "#2"},
				"east": {"uv": [8, 4.5, 8.5, 5], "texture": "#2"},
				"south": {"uv": [8, 4.5, 8.5, 5], "texture": "#2"},
				"down": {"uv": [8, 4.5, 8.5, 5], "texture": "#2"}
			}
		},
		{
			"name": "ender_dragon_bow_9",
			"from": [15, 15, 7.5],
			"to": [16, 16, 8.5],
			"rotation": {"angle": 0, "axis": "y", "origin": [-8, 0, -8]},
			"faces": {
				"north": {"uv": [11.5, 4.5, 11, 5], "texture": "#2"},
				"east": {"uv": [11, 4.5, 11.5, 5], "texture": "#2"},
				"south": {"uv": [11, 4.5, 11.5, 5], "texture": "#2"},
				"west": {"uv": [11, 4.5, 11.5, 5], "texture": "#2"},
				"up": {"uv": [11, 4.5, 11.5, 5], "texture": "#2"},
				"down": {"uv": [11, 4.5, 11.5, 5], "texture": "#2"}
			}
		},
		{
			"name": "ender_dragon_bow_10",
			"from": [14, 14, 7.5],
			"to": [15, 15, 8.5],
			"rotation": {"angle": 0, "axis": "y", "origin": [-8, 0, -8]},
			"faces": {
				"north": {"uv": [11, 5, 10.5, 5.5], "texture": "#2"},
				"east": {"uv": [10.5, 5, 11, 5.5], "texture": "#2"},
				"south": {"uv": [10.5, 5, 11, 5.5], "texture": "#2"},
				"west": {"uv": [10.5, 5, 11, 5.5], "texture": "#2"},
				"up": {"uv": [10.5, 5, 11, 5.5], "texture": "#2"},
				"down": {"uv": [10.5, 5, 11, 5.5], "texture": "#2"}
			}
		},
		{
			"name": "ender_dragon_bow_11",
			"from": [6, 12, 7.5],
			"to": [7, 14, 8.5],
			"rotation": {"angle": 0, "axis": "y", "origin": [-8, 0, -8]},
			"faces": {
				"north": {"uv": [7, 5.5, 6.5, 6.5], "texture": "#2"},
				"east": {"uv": [6.5, 5.5, 7, 6.5], "texture": "#2"},
				"south": {"uv": [6.5, 5.5, 7, 6.5], "texture": "#2"},
				"west": {"uv": [6.5, 5.5, 7, 6.5], "texture": "#2"},
				"up": {"uv": [6.5, 5.5, 7, 6], "texture": "#2"},
				"down": {"uv": [6.5, 6, 7, 6.5], "texture": "#2"}
			}
		},
		{
			"name": "ender_dragon_bow_12",
			"from": [13, 13, 7.5],
			"to": [14, 14, 8.5],
			"rotation": {"angle": 0, "axis": "y", "origin": [-8, 0, -8]},
			"faces": {
				"north": {"uv": [10.5, 5.5, 10, 6], "texture": "#2"},
				"east": {"uv": [10, 5.5, 10.5, 6], "texture": "#2"},
				"south": {"uv": [10, 5.5, 10.5, 6], "texture": "#2"},
				"west": {"uv": [10, 5.5, 10.5, 6], "texture": "#2"},
				"up": {"uv": [10, 5.5, 10.5, 6], "texture": "#2"},
				"down": {"uv": [10, 5.5, 10.5, 6], "texture": "#2"}
			}
		},
		{
			"name": "ender_dragon_bow_13",
			"from": [5, 11, 7.5],
			"to": [6, 13, 8.5],
			"rotation": {"angle": 0, "axis": "y", "origin": [-8, 0, -8]},
			"faces": {
				"north": {"uv": [6.5, 6, 6, 7], "texture": "#2"},
				"east": {"uv": [6, 6, 6.5, 7], "texture": "#2"},
				"south": {"uv": [6, 6, 6.5, 7], "texture": "#2"},
				"west": {"uv": [6, 6, 6.5, 7], "texture": "#2"},
				"up": {"uv": [6, 6, 6.5, 6.5], "texture": "#2"},
				"down": {"uv": [6, 6.5, 6.5, 7], "texture": "#2"}
			}
		},
		{
			"name": "ender_dragon_bow_14",
			"from": [12, 12, 7.5],
			"to": [13, 13, 8.5],
			"rotation": {"angle": 0, "axis": "y", "origin": [-8, 0, -8]},
			"faces": {
				"north": {"uv": [10, 6, 9.5, 6.5], "texture": "#2"},
				"east": {"uv": [9.5, 6, 10, 6.5], "texture": "#2"},
				"south": {"uv": [9.5, 6, 10, 6.5], "texture": "#2"},
				"west": {"uv": [9.5, 6, 10, 6.5], "texture": "#2"},
				"up": {"uv": [9.5, 6, 10, 6.5], "texture": "#2"},
				"down": {"uv": [9.5, 6, 10, 6.5], "texture": "#2"}
			}
		},
		{
			"name": "ender_dragon_bow_15",
			"from": [4, 10, 7.5],
			"to": [5, 12, 8.5],
			"rotation": {"angle": 0, "axis": "y", "origin": [-8, 0, -8]},
			"faces": {
				"north": {"uv": [6, 6.5, 5.5, 7.5], "texture": "#2"},
				"east": {"uv": [5.5, 6.5, 6, 7.5], "texture": "#2"},
				"south": {"uv": [5.5, 6.5, 6, 7.5], "texture": "#2"},
				"west": {"uv": [5.5, 6.5, 6, 7.5], "texture": "#2"},
				"up": {"uv": [5.5, 6.5, 6, 7], "texture": "#2"},
				"down": {"uv": [5.5, 7, 6, 7.5], "texture": "#2"}
			}
		},
		{
			"name": "ender_dragon_bow_16",
			"from": [11, 11, 7.5],
			"to": [12, 12, 8.5],
			"rotation": {"angle": 0, "axis": "y", "origin": [-8, 0, -8]},
			"faces": {
				"north": {"uv": [9.5, 6.5, 9, 7], "texture": "#2"},
				"east": {"uv": [9, 6.5, 9.5, 7], "texture": "#2"},
				"south": {"uv": [9, 6.5, 9.5, 7], "texture": "#2"},
				"west": {"uv": [9, 6.5, 9.5, 7], "texture": "#2"},
				"up": {"uv": [9, 6.5, 9.5, 7], "texture": "#2"},
				"down": {"uv": [9, 6.5, 9.5, 7], "texture": "#2"}
			}
		},
		{
			"name": "ender_dragon_bow_17",
			"from": [2, 9, 7.5],
			"to": [4, 11, 8.5],
			"rotation": {"angle": 0, "axis": "y", "origin": [-8, 0, -8]},
			"faces": {
				"north": {"uv": [5.5, 7, 4.5, 8], "texture": "#2"},
				"east": {"uv": [5, 7, 5.5, 8], "texture": "#2"},
				"south": {"uv": [4.5, 7, 5.5, 8], "texture": "#2"},
				"west": {"uv": [4.5, 7, 5, 8], "texture": "#2"},
				"up": {"uv": [4.5, 7, 5.5, 7.5], "texture": "#2"},
				"down": {"uv": [4.5, 7.5, 5.5, 8], "texture": "#2"}
			}
		},
		{
			"name": "ender_dragon_bow_18",
			"from": [10, 10, 7.5],
			"to": [11, 11, 8.5],
			"rotation": {"angle": 0, "axis": "y", "origin": [-8, 0, -8]},
			"faces": {
				"north": {"uv": [9, 7, 8.5, 7.5], "texture": "#2"},
				"east": {"uv": [8.5, 7, 9, 7.5], "texture": "#2"},
				"south": {"uv": [8.5, 7, 9, 7.5], "texture": "#2"},
				"west": {"uv": [8.5, 7, 9, 7.5], "texture": "#2"},
				"up": {"uv": [8.5, 7, 9, 7.5], "texture": "#2"},
				"down": {"uv": [8.5, 7, 9, 7.5], "texture": "#2"}
			}
		},
		{
			"name": "ender_dragon_bow_19",
			"from": [1, 7, 7.5],
			"to": [2, 10, 8.5],
			"rotation": {"angle": 0, "axis": "y", "origin": [-8, 0, -8]},
			"faces": {
				"north": {"uv": [4.5, 7.5, 4, 9], "texture": "#2"},
				"east": {"uv": [4, 7.5, 4.5, 9], "texture": "#2"},
				"south": {"uv": [4, 7.5, 4.5, 9], "texture": "#2"},
				"west": {"uv": [4, 7.5, 4.5, 9], "texture": "#2"},
				"up": {"uv": [4, 7.5, 4.5, 8], "texture": "#2"},
				"down": {"uv": [4, 8.5, 4.5, 9], "texture": "#2"}
			}
		},
		{
			"name": "ender_dragon_bow_20",
			"from": [9, 9, 7.5],
			"to": [10, 10, 8.5],
			"rotation": {"angle": 0, "axis": "y", "origin": [-8, 0, -8]},
			"faces": {
				"north": {"uv": [8.5, 7.5, 8, 8], "texture": "#2"},
				"east": {"uv": [8, 7.5, 8.5, 8], "texture": "#2"},
				"south": {"uv": [8, 7.5, 8.5, 8], "texture": "#2"},
				"west": {"uv": [8, 7.5, 8.5, 8], "texture": "#2"},
				"up": {"uv": [8, 7.5, 8.5, 8], "texture": "#2"},
				"down": {"uv": [8, 7.5, 8.5, 8], "texture": "#2"}
			}
		},
		{
			"name": "ender_dragon_bow_21",
			"from": [0, 5, 7.5],
			"to": [1, 9, 8.5],
			"rotation": {"angle": 0, "axis": "y", "origin": [-8, 0, -8]},
			"faces": {
				"north": {"uv": [4, 8, 3.5, 10], "texture": "#2"},
				"east": {"uv": [3.5, 8, 4, 10], "texture": "#2"},
				"south": {"uv": [3.5, 8, 4, 10], "texture": "#2"},
				"west": {"uv": [3.5, 8, 4, 10], "texture": "#2"},
				"up": {"uv": [3.5, 8, 4, 8.5], "texture": "#2"},
				"down": {"uv": [3.5, 9.5, 4, 10], "texture": "#2"}
			}
		},
		{
			"name": "ender_dragon_bow_22",
			"from": [2, 8, 7.5],
			"to": [3, 9, 8.5],
			"rotation": {"angle": 0, "axis": "y", "origin": [-8, 0, -8]},
			"faces": {
				"north": {"uv": [5, 8, 4.5, 8.5], "texture": "#2"},
				"east": {"uv": [4.5, 8, 5, 8.5], "texture": "#2"},
				"south": {"uv": [4.5, 8, 5, 8.5], "texture": "#2"},
				"down": {"uv": [4.5, 8, 5, 8.5], "texture": "#2"}
			}
		},
		{
			"name": "ender_dragon_bow_23",
			"from": [8, 8, 7.5],
			"to": [9, 9, 8.5],
			"rotation": {"angle": 0, "axis": "y", "origin": [-8, 0, -8]},
			"faces": {
				"north": {"uv": [8, 8, 7.5, 8.5], "texture": "#2"},
				"east": {"uv": [7.5, 8, 8, 8.5], "texture": "#2"},
				"south": {"uv": [7.5, 8, 8, 8.5], "texture": "#2"},
				"west": {"uv": [7.5, 8, 8, 8.5], "texture": "#2"},
				"up": {"uv": [7.5, 8, 8, 8.5], "texture": "#2"},
				"down": {"uv": [7.5, 8, 8, 8.5], "texture": "#2"}
			}
		},
		{
			"name": "ender_dragon_bow_24",
			"from": [7, 7, 7.5],
			"to": [8, 8, 8.5],
			"rotation": {"angle": 0, "axis": "y", "origin": [-8, 0, -8]},
			"faces": {
				"north": {"uv": [7.5, 8.5, 7, 9], "texture": "#2"},
				"east": {"uv": [7, 8.5, 7.5, 9], "texture": "#2"},
				"south": {"uv": [7, 8.5, 7.5, 9], "texture": "#2"},
				"west": {"uv": [7, 8.5, 7.5, 9], "texture": "#2"},
				"up": {"uv": [7, 8.5, 7.5, 9], "texture": "#2"},
				"down": {"uv": [7, 8.5, 7.5, 9], "texture": "#2"}
			}
		},
		{
			"name": "ender_dragon_bow_25",
			"from": [6, 6, 7.5],
			"to": [7, 7, 8.5],
			"rotation": {"angle": 0, "axis": "y", "origin": [-8, 0, -8]},
			"faces": {
				"north": {"uv": [7, 9, 6.5, 9.5], "texture": "#2"},
				"east": {"uv": [6.5, 9, 7, 9.5], "texture": "#2"},
				"south": {"uv": [6.5, 9, 7, 9.5], "texture": "#2"},
				"west": {"uv": [6.5, 9, 7, 9.5], "texture": "#2"},
				"up": {"uv": [6.5, 9, 7, 9.5], "texture": "#2"},
				"down": {"uv": [6.5, 9, 7, 9.5], "texture": "#2"}
			}
		},
		{
			"name": "ender_dragon_bow_26",
			"from": [-1, 1, 7.5],
			"to": [0, 6, 8.5],
			"rotation": {"angle": 0, "axis": "y", "origin": [-8, 0, -8]},
			"faces": {
				"north": {"uv": [3.5, 9.5, 3, 12], "texture": "#2"},
				"east": {"uv": [3, 9.5, 3.5, 12], "texture": "#2"},
				"south": {"uv": [3, 9.5, 3.5, 12], "texture": "#2"},
				"west": {"uv": [3, 9.5, 3.5, 12], "texture": "#2"},
				"up": {"uv": [3, 9.5, 3.5, 10], "texture": "#2"},
				"down": {"uv": [3, 11.5, 3.5, 12], "texture": "#2"}
			}
		},
		{
			"name": "ender_dragon_bow_27",
			"from": [5, 5, 7.5],
			"to": [6, 6, 8.5],
			"rotation": {"angle": 0, "axis": "y", "origin": [-8, 0, -8]},
			"faces": {
				"north": {"uv": [6.5, 9.5, 6, 10], "texture": "#2"},
				"east": {"uv": [6, 9.5, 6.5, 10], "texture": "#2"},
				"south": {"uv": [6, 9.5, 6.5, 10], "texture": "#2"},
				"west": {"uv": [6, 9.5, 6.5, 10], "texture": "#2"},
				"up": {"uv": [6, 9.5, 6.5, 10], "texture": "#2"},
				"down": {"uv": [6, 9.5, 6.5, 10], "texture": "#2"}
			}
		},
		{
			"name": "ender_dragon_bow_28",
			"from": [4, 4, 7.5],
			"to": [5, 5, 8.5],
			"rotation": {"angle": 0, "axis": "y", "origin": [-8, 0, -8]},
			"faces": {
				"north": {"uv": [6, 10, 5.5, 10.5], "texture": "#2"},
				"east": {"uv": [5.5, 10, 6, 10.5], "texture": "#2"},
				"south": {"uv": [5.5, 10, 6, 10.5], "texture": "#2"},
				"west": {"uv": [5.5, 10, 6, 10.5], "texture": "#2"},
				"up": {"uv": [5.5, 10, 6, 10.5], "texture": "#2"},
				"down": {"uv": [5.5, 10, 6, 10.5], "texture": "#2"}
			}
		},
		{
			"name": "ender_dragon_bow_29",
			"from": [3, 3, 7.5],
			"to": [4, 4, 8.5],
			"rotation": {"angle": 0, "axis": "y", "origin": [-8, 0, -8]},
			"faces": {
				"north": {"uv": [5.5, 10.5, 5, 11], "texture": "#2"},
				"east": {"uv": [5, 10.5, 5.5, 11], "texture": "#2"},
				"south": {"uv": [5, 10.5, 5.5, 11], "texture": "#2"},
				"west": {"uv": [5, 10.5, 5.5, 11], "texture": "#2"},
				"up": {"uv": [5, 10.5, 5.5, 11], "texture": "#2"},
				"down": {"uv": [5, 10.5, 5.5, 11], "texture": "#2"}
			}
		},
		{
			"name": "ender_dragon_bow_30",
			"from": [2, 2, 7.5],
			"to": [3, 3, 8.5],
			"rotation": {"angle": 0, "axis": "y", "origin": [-8, 0, -8]},
			"faces": {
				"north": {"uv": [5, 11, 4.5, 11.5], "texture": "#2"},
				"east": {"uv": [4.5, 11, 5, 11.5], "texture": "#2"},
				"south": {"uv": [4.5, 11, 5, 11.5], "texture": "#2"},
				"west": {"uv": [4.5, 11, 5, 11.5], "texture": "#2"},
				"up": {"uv": [4.5, 11, 5, 11.5], "texture": "#2"},
				"down": {"uv": [4.5, 11, 5, 11.5], "texture": "#2"}
			}
		},
		{
			"name": "ender_dragon_bow_31",
			"from": [1, 1, 7.5],
			"to": [2, 2, 8.5],
			"rotation": {"angle": 0, "axis": "y", "origin": [-8, 0, -8]},
			"faces": {
				"north": {"uv": [4.5, 11.5, 4, 12], "texture": "#2"},
				"east": {"uv": [4, 11.5, 4.5, 12], "texture": "#2"},
				"south": {"uv": [4, 11.5, 4.5, 12], "texture": "#2"},
				"west": {"uv": [4, 11.5, 4.5, 12], "texture": "#2"},
				"up": {"uv": [4, 11.5, 4.5, 12], "texture": "#2"},
				"down": {"uv": [4, 11.5, 4.5, 12], "texture": "#2"}
			}
		},
		{
			"name": "ender_dragon_bow_32",
			"from": [0, 0, 7.5],
			"to": [1, 1, 8.5],
			"rotation": {"angle": 0, "axis": "y", "origin": [-8, 0, -8]},
			"faces": {
				"north": {"uv": [4, 12, 3.5, 12.5], "texture": "#2"},
				"east": {"uv": [3.5, 12, 4, 12.5], "texture": "#2"},
				"south": {"uv": [3.5, 12, 4, 12.5], "texture": "#2"},
				"west": {"uv": [3.5, 12, 4, 12.5], "texture": "#2"},
				"up": {"uv": [3.5, 12, 4, 12.5], "texture": "#2"},
				"down": {"uv": [3.5, 12, 4, 12.5], "texture": "#2"}
			}
		},
		{
			"name": "ender_dragon_bow_33",
			"from": [1, -1, 7.5],
			"to": [3, 0, 8.5],
			"rotation": {"angle": 0, "axis": "y", "origin": [-8, 0, -8]},
			"faces": {
				"north": {"uv": [5, 12.5, 4, 13], "texture": "#2"},
				"east": {"uv": [4.5, 12.5, 5, 13], "texture": "#2"},
				"south": {"uv": [4, 12.5, 5, 13], "texture": "#2"},
				"west": {"uv": [4, 12.5, 4.5, 13], "texture": "#2"},
				"up": {"uv": [4, 12.5, 5, 13], "texture": "#2"},
				"down": {"uv": [4, 12.5, 5, 13], "texture": "#2"}
			}
		},
		{
			"from": [6, 13.9, 7.4],
			"to": [9, 16.9, 9.6],
			"rotation": {"angle": -22.5, "axis": "z", "origin": [7.5, 15.5, 8.5]},
			"faces": {
				"north": {"uv": [1, 1, 2.5, 2.5], "texture": "#2"},
				"east": {"uv": [0, 1, 1, 2.5], "texture": "#2"},
				"south": {"uv": [3.5, 1, 5, 2.5], "texture": "#2"},
				"west": {"uv": [2.5, 1, 3.5, 2.5], "texture": "#2"},
				"up": {"uv": [2.5, 1, 1, 0], "texture": "#2"},
				"down": {"uv": [4, 0, 2.5, 1], "texture": "#2"}
			}
		},
		{
			"name": "ender_dragon_bow_4",
			"from": [10.25, 14.5, 9.6],
			"to": [11.25, 16.5, 10.6],
			"rotation": {"angle": -22.5, "axis": "z", "origin": [9.75, 16.5, 10.1]},
			"faces": {
				"north": {"uv": [7.5, 2, 7, 3], "texture": "#2"},
				"east": {"uv": [7, 2, 7.5, 3], "texture": "#2"},
				"south": {"uv": [7, 2, 7.5, 3], "texture": "#2"},
				"west": {"uv": [7, 2, 7.5, 3], "texture": "#2"},
				"down": {"uv": [7, 2.5, 7.5, 3], "texture": "#2"}
			}
		},
		{
			"name": "ender_dragon_bow_3",
			"from": [10.25, 16.5, 9.6],
			"to": [12.25, 17.5, 10.6],
			"rotation": {"angle": -22.5, "axis": "z", "origin": [9.75, 16.5, 10.1]},
			"faces": {
				"north": {"uv": [8, 1.5, 7, 2], "texture": "#2"},
				"east": {"uv": [7.5, 1.5, 8, 2], "texture": "#2"},
				"south": {"uv": [7, 1.5, 8, 2], "texture": "#2"},
				"west": {"uv": [7, 1.5, 7.5, 2], "texture": "#2"},
				"up": {"uv": [7, 1.5, 8, 2], "texture": "#2"},
				"down": {"uv": [7, 1.5, 8, 2], "texture": "#2"}
			}
		},
		{
			"name": "ender_dragon_bow_5",
			"from": [8.25, 14.5, 9.6],
			"to": [10.25, 15.5, 10.6],
			"rotation": {"angle": -22.5, "axis": "z", "origin": [9.75, 16.5, 10.1]},
			"faces": {
				"north": {"uv": [7, 2.5, 6, 3], "texture": "#2"},
				"south": {"uv": [6, 2.5, 7, 3], "texture": "#2"},
				"west": {"uv": [6, 2.5, 6.5, 3], "texture": "#2"},
				"up": {"uv": [6, 2.5, 7, 3], "texture": "#2"},
				"down": {"uv": [6, 2.5, 7, 3], "texture": "#2"}
			}
		},
		{
			"name": "ender_dragon_bow_5",
			"from": [8.25, 14.5, 6.35],
			"to": [10.25, 15.5, 7.35],
			"rotation": {"angle": -22.5, "axis": "z", "origin": [9.75, 16.5, 10.1]},
			"faces": {
				"north": {"uv": [7, 2.5, 6, 3], "texture": "#2"},
				"south": {"uv": [6, 2.5, 7, 3], "texture": "#2"},
				"west": {"uv": [6, 2.5, 6.5, 3], "texture": "#2"},
				"up": {"uv": [6, 2.5, 7, 3], "texture": "#2"},
				"down": {"uv": [6, 2.5, 7, 3], "texture": "#2"}
			}
		},
		{
			"name": "ender_dragon_bow_4",
			"from": [10.25, 14.5, 6.35],
			"to": [11.25, 16.5, 7.35],
			"rotation": {"angle": -22.5, "axis": "z", "origin": [9.75, 16.5, 10.1]},
			"faces": {
				"north": {"uv": [7.5, 2, 7, 3], "texture": "#2"},
				"east": {"uv": [7, 2, 7.5, 3], "texture": "#2"},
				"south": {"uv": [7, 2, 7.5, 3], "texture": "#2"},
				"west": {"uv": [7, 2, 7.5, 3], "texture": "#2"},
				"down": {"uv": [7, 2.5, 7.5, 3], "texture": "#2"}
			}
		},
		{
			"name": "ender_dragon_bow_3",
			"from": [10.25, 16.5, 6.35],
			"to": [12.25, 17.5, 7.35],
			"rotation": {"angle": -22.5, "axis": "z", "origin": [9.75, 16.5, 10.1]},
			"faces": {
				"north": {"uv": [8, 1.5, 7, 2], "texture": "#2"},
				"east": {"uv": [7.5, 1.5, 8, 2], "texture": "#2"},
				"south": {"uv": [7, 1.5, 8, 2], "texture": "#2"},
				"west": {"uv": [7, 1.5, 7.5, 2], "texture": "#2"},
				"up": {"uv": [7, 1.5, 8, 2], "texture": "#2"},
				"down": {"uv": [7, 1.5, 8, 2], "texture": "#2"}
			}
		},
		{
			"from": [2, 14.9, 7.4],
			"to": [6, 16.9, 9.6],
			"rotation": {"angle": -22.5, "axis": "z", "origin": [7.5, 15.5, 8.5]},
			"faces": {
				"north": {"uv": [1, 3.5, 3, 4.5], "texture": "#2"},
				"south": {"uv": [4, 3.5, 6, 4.5], "texture": "#2"},
				"west": {"uv": [3, 3.5, 4, 4.5], "texture": "#2"},
				"up": {"uv": [3, 3.5, 1, 2.5], "texture": "#2"},
				"down": {"uv": [5, 2.5, 3, 3.5], "texture": "#2"}
			}
		},
		{
			"from": [2, 13.9, 7.6],
			"to": [6, 14.9, 7.6],
			"rotation": {"angle": -22.5, "axis": "z", "origin": [7.5, 15.5, 8.5]},
			"faces": {
				"north": {"uv": [11, 1, 13, 1.5], "texture": "#2"},
				"south": {"uv": [14, 1, 16, 1.5], "texture": "#2"}
			}
		},
		{
			"from": [1.65, 16, 7.4],
			"to": [5.65, 17, 7.4],
			"rotation": {"angle": -45, "axis": "z", "origin": [0, 15, 8.5]},
			"faces": {
				"north": {"uv": [8.5, 1, 10.5, 1.5], "texture": "#2"},
				"south": {"uv": [9, 1, 11, 1.5], "texture": "#2"}
			}
		},
		{
			"from": [1.65, 15, 7.4],
			"to": [5.65, 16, 9.5],
			"rotation": {"angle": -45, "axis": "z", "origin": [0, 15, 8.5]},
			"faces": {
				"north": {"uv": [1, 5.5, 3, 6], "texture": "#2"},
				"east": {"uv": [0, 5.5, 1, 6], "texture": "#2"},
				"south": {"uv": [4, 5.5, 6, 6], "texture": "#2"},
				"west": {"uv": [3, 5.5, 4, 6], "texture": "#2"},
				"up": {"uv": [3, 5.5, 1, 4.5], "texture": "#2"},
				"down": {"uv": [5, 4.5, 3, 5.5], "texture": "#2"}
			}
		},
		{
			"from": [1.65, 16, 9.5],
			"to": [5.65, 17, 9.5],
			"rotation": {"angle": -45, "axis": "z", "origin": [0, 15, 8.5]},
			"faces": {
				"north": {"uv": [8.5, 1, 10.5, 1.5], "texture": "#2"},
				"south": {"uv": [9, 1, 11, 1.5], "texture": "#2"}
			}
		},
		{
			"from": [2, 13.9, 9.6],
			"to": [6, 14.9, 9.6],
			"rotation": {"angle": -22.5, "axis": "z", "origin": [7.5, 15.5, 8]},
			"faces": {
				"north": {"uv": [11, 1, 13, 1.5], "texture": "#2"},
				"south": {"uv": [14, 1, 16, 1.5], "texture": "#2"}
			}
		}
	],
	"gui_light": "front",
	"display": {
		"thirdperson_righthand": {
			"rotation": [-80, 260, -40],
			"translation": [-2, -4.25, 4.5],
			"scale": [0.9, 0.9, 0.9]
		},
		"thirdperson_lefthand": {
			"rotation": [-80, -280, 40],
			"translation": [-2, -2, 4.5],
			"scale": [0.9, 0.9, 0.9]
		},
		"firstperson_righthand": {
			"rotation": [0, -90, 25],
			"translation": [4.25, 3.5, 2.25],
			"scale": [0.68, 0.68, 0.68]
		},
		"firstperson_lefthand": {
			"rotation": [-90, 154, 53],
			"translation": [0, 0, 1.25],
			"scale": [0.68, 0.68, 0.68]
		},
		"ground": {
			"translation": [0, 5.75, 0]
		},
		"gui": {
			"rotation": [10, -25, 2],
			"translation": [-0.5, -1.17, 0],
			"scale": [0.87, 0.87, 0.87]
		},
		"fixed": {
			"rotation": [0, 180, 0],
			"translation": [1, -1, 0]
		}
	}
}