{
	"credit": "Created by Mickey Joe Alpha - http://YouTube.com/@MushirMickeyJoe",
	"textures": {
		"1": "item/bow/light_bow_pulling",
		"arrow": "item/arrow",
		"particle": "item/bow/light_bow_pulling"
	},
	"elements": [
		{
			"name": "Box1",
			"from": [10, 4, 8.5],
			"to": [14, 5, 9.5],
			"faces": {
				"north": {"uv": [6, 13, 2, 12], "rotation": 180, "texture": "#arrow"},
				"east": {"uv": [2, 12, 3, 13], "texture": "#arrow"},
				"south": {"uv": [2, 13, 6, 12], "rotation": 180, "texture": "#arrow"},
				"west": {"uv": [6, 13, 5, 12], "rotation": 180, "texture": "#arrow"},
				"up": {"uv": [6, 12, 2, 13], "texture": "#arrow"},
				"down": {"uv": [6, 13, 2, 12], "texture": "#arrow"}
			}
		},
		{
			"name": "Box2",
			"from": [11, 3, 8.5],
			"to": [14, 4, 9.5],
			"faces": {
				"north": {"uv": [5, 14, 2, 13], "rotation": 180, "texture": "#arrow"},
				"east": {"uv": [2, 13, 3, 14], "texture": "#arrow"},
				"south": {"uv": [2, 14, 5, 13], "rotation": 180, "texture": "#arrow"},
				"west": {"uv": [5, 14, 4, 13], "rotation": 180, "texture": "#arrow"},
				"down": {"uv": [5, 14, 2, 13], "texture": "#arrow"}
			}
		},
		{
			"name": "Box3",
			"from": [10, 5, 8.5],
			"to": [13, 6, 9.5],
			"faces": {
				"north": {"uv": [6, 12, 3, 11], "rotation": 180, "texture": "#arrow"},
				"east": {"uv": [3, 11, 4, 12], "texture": "#arrow"},
				"south": {"uv": [3, 12, 6, 11], "rotation": 180, "texture": "#arrow"},
				"west": {"uv": [6, 12, 5, 11], "rotation": 180, "texture": "#arrow"},
				"up": {"uv": [6, 11, 3, 12], "texture": "#arrow"}
			}
		},
		{
			"name": "Box4",
			"from": [12, 2, 8.5],
			"to": [13, 3, 9.5],
			"faces": {
				"east": {"uv": [3, 14, 4, 15], "texture": "#arrow"},
				"south": {"uv": [3, 14, 4, 15], "texture": "#arrow"},
				"west": {"uv": [4, 15, 3, 14], "rotation": 180, "texture": "#arrow"},
				"down": {"uv": [4, 15, 3, 14], "texture": "#arrow"}
			}
		},
		{
			"name": "Box5",
			"from": [9, 6, 8.5],
			"to": [11, 7, 9.5],
			"faces": {
				"north": {"uv": [7, 11, 5, 10], "rotation": 180, "texture": "#arrow"},
				"east": {"uv": [5, 10, 6, 11], "texture": "#arrow"},
				"south": {"uv": [5, 11, 7, 10], "rotation": 180, "texture": "#arrow"},
				"west": {"uv": [7, 11, 6, 10], "rotation": 180, "texture": "#arrow"},
				"up": {"uv": [7, 10, 5, 11], "texture": "#arrow"},
				"down": {"uv": [7, 11, 5, 10], "texture": "#arrow"}
			}
		},
		{
			"name": "Box6",
			"from": [8, 7, 8.5],
			"to": [10, 8, 9.5],
			"faces": {
				"north": {"uv": [8, 10, 6, 9], "rotation": 180, "texture": "#arrow"},
				"east": {"uv": [6, 9, 7, 10], "texture": "#arrow"},
				"south": {"uv": [6, 10, 8, 9], "rotation": 180, "texture": "#arrow"},
				"west": {"uv": [8, 10, 7, 9], "rotation": 180, "texture": "#arrow"},
				"up": {"uv": [8, 9, 6, 10], "texture": "#arrow"},
				"down": {"uv": [8, 10, 6, 9], "texture": "#arrow"}
			}
		},
		{
			"name": "Box7",
			"from": [7, 8, 8.5],
			"to": [9, 9, 9.5],
			"faces": {
				"north": {"uv": [9, 9, 7, 8], "rotation": 180, "texture": "#arrow"},
				"east": {"uv": [7, 8, 8, 9], "texture": "#arrow"},
				"south": {"uv": [7, 9, 9, 8], "rotation": 180, "texture": "#arrow"},
				"west": {"uv": [9, 9, 8, 8], "rotation": 180, "texture": "#arrow"},
				"up": {"uv": [9, 8, 7, 9], "texture": "#arrow"},
				"down": {"uv": [9, 9, 7, 8], "texture": "#arrow"}
			}
		},
		{
			"name": "Box8",
			"from": [6, 9, 8.5],
			"to": [8, 10, 9.5],
			"faces": {
				"north": {"uv": [10, 8, 8, 7], "rotation": 180, "texture": "#arrow"},
				"east": {"uv": [8, 7, 9, 8], "texture": "#arrow"},
				"south": {"uv": [8, 8, 10, 7], "rotation": 180, "texture": "#arrow"},
				"west": {"uv": [10, 8, 9, 7], "rotation": 180, "texture": "#arrow"},
				"up": {"uv": [10, 7, 8, 8], "texture": "#arrow"},
				"down": {"uv": [10, 8, 8, 7], "texture": "#arrow"}
			}
		},
		{
			"name": "Box9",
			"from": [5, 10, 8.5],
			"to": [7, 11, 9.5],
			"faces": {
				"north": {"uv": [11, 7, 9, 6], "rotation": 180, "texture": "#arrow"},
				"east": {"uv": [9, 6, 10, 7], "texture": "#arrow"},
				"south": {"uv": [9, 7, 11, 6], "rotation": 180, "texture": "#arrow"},
				"west": {"uv": [11, 7, 10, 6], "rotation": 180, "texture": "#arrow"},
				"up": {"uv": [11, 6, 9, 7], "texture": "#arrow"},
				"down": {"uv": [11, 7, 9, 6], "texture": "#arrow"}
			}
		},
		{
			"name": "Box10",
			"from": [1, 13, 8.5],
			"to": [6, 14, 9.5],
			"faces": {
				"north": {"uv": [15, 4, 10, 3], "rotation": 180, "texture": "#arrow"},
				"east": {"uv": [10, 3, 11, 4], "texture": "#arrow"},
				"south": {"uv": [10, 4, 15, 3], "rotation": 180, "texture": "#arrow"},
				"west": {"uv": [15, 4, 14, 3], "rotation": 180, "texture": "#arrow"},
				"up": {"uv": [15, 3, 10, 4], "texture": "#arrow"},
				"down": {"uv": [15, 4, 10, 3], "texture": "#arrow"}
			}
		},
		{
			"name": "Box11",
			"from": [2, 11, 8.5],
			"to": [6, 13, 9.5],
			"faces": {
				"north": {"uv": [14, 6, 10, 4], "rotation": 180, "texture": "#arrow"},
				"east": {"uv": [10, 4, 11, 6], "texture": "#arrow"},
				"south": {"uv": [10, 6, 14, 4], "rotation": 180, "texture": "#arrow"},
				"west": {"uv": [14, 6, 13, 4], "rotation": 180, "texture": "#arrow"},
				"down": {"uv": [14, 6, 10, 5], "texture": "#arrow"}
			}
		},
		{
			"name": "Box12",
			"from": [1, 14, 8.5],
			"to": [4, 15, 9.5],
			"faces": {
				"north": {"uv": [15, 3, 12, 2], "rotation": 180, "texture": "#arrow"},
				"east": {"uv": [12, 2, 13, 3], "texture": "#arrow"},
				"south": {"uv": [12, 3, 15, 2], "rotation": 180, "texture": "#arrow"},
				"west": {"uv": [15, 3, 14, 2], "rotation": 180, "texture": "#arrow"},
				"up": {"uv": [15, 2, 12, 3], "texture": "#arrow"}
			}
		},
		{
			"name": "Box13",
			"from": [3, 10, 8.5],
			"to": [4, 11, 9.5],
			"faces": {
				"east": {"uv": [12, 6, 13, 7], "texture": "#arrow"},
				"south": {"uv": [12, 6, 13, 7], "texture": "#arrow"},
				"west": {"uv": [13, 7, 12, 6], "rotation": 180, "texture": "#arrow"},
				"down": {"uv": [13, 7, 12, 6], "texture": "#arrow"}
			}
		},
		{
			"name": "light_bow_pulling_0",
			"from": [2, 16, 7.5],
			"to": [4, 17, 8.5],
			"rotation": {"angle": 0, "axis": "y", "origin": [-8, 0, -8]},
			"faces": {
				"north": {"uv": [6.5, 4, 5.5, 4.5], "texture": "#1"},
				"east": {"uv": [6, 4, 6.5, 4.5], "texture": "#1"},
				"south": {"uv": [5.5, 4, 6.5, 4.5], "texture": "#1"},
				"west": {"uv": [5.5, 4, 6, 4.5], "texture": "#1"},
				"up": {"uv": [5.5, 4, 6.5, 4.5], "texture": "#1"},
				"down": {"uv": [5.5, 4, 6.5, 4.5], "texture": "#1"}
			}
		},
		{
			"name": "light_bow_pulling_1",
			"from": [8, 15, 7.5],
			"to": [14, 17, 8.5],
			"rotation": {"angle": 0, "axis": "y", "origin": [-8, 0, -8]},
			"faces": {
				"north": {"uv": [11.5, 4, 8.5, 5], "texture": "#1"},
				"east": {"uv": [11, 4, 11.5, 5], "texture": "#1"},
				"south": {"uv": [8.5, 4, 11.5, 5], "texture": "#1"},
				"west": {"uv": [8.5, 4, 9, 5], "texture": "#1"},
				"up": {"uv": [8.5, 4, 11.5, 4.5], "texture": "#1"},
				"down": {"uv": [8.5, 4.5, 11.5, 5], "texture": "#1"}
			}
		},
		{
			"name": "light_bow_pulling_2",
			"from": [15, 13, 7.5],
			"to": [16, 17, 8.5],
			"rotation": {"angle": 0, "axis": "y", "origin": [-8, 0, -8]},
			"faces": {
				"north": {"uv": [12.5, 4, 12, 6], "texture": "#1"},
				"east": {"uv": [12, 4, 12.5, 6], "texture": "#1"},
				"south": {"uv": [12, 4, 12.5, 6], "texture": "#1"},
				"west": {"uv": [12, 4, 12.5, 6], "texture": "#1"},
				"up": {"uv": [12, 4, 12.5, 4.5], "texture": "#1"},
				"down": {"uv": [12, 5.5, 12.5, 6], "texture": "#1"}
			}
		},
		{
			"name": "light_bow_pulling_3",
			"from": [19, 15, 7.5],
			"to": [20, 17, 8.5],
			"rotation": {"angle": 0, "axis": "y", "origin": [-8, 0, -8]},
			"faces": {
				"north": {"uv": [14.5, 4, 14, 5], "texture": "#1"},
				"east": {"uv": [14, 4, 14.5, 5], "texture": "#1"},
				"south": {"uv": [14, 4, 14.5, 5], "texture": "#1"},
				"west": {"uv": [14, 4, 14.5, 5], "texture": "#1"},
				"up": {"uv": [14, 4, 14.5, 4.5], "texture": "#1"},
				"down": {"uv": [14, 4.5, 14.5, 5], "texture": "#1"}
			}
		},
		{
			"name": "light_bow_pulling_4",
			"from": [3, 15, 7.5],
			"to": [5, 16, 8.5],
			"rotation": {"angle": 0, "axis": "y", "origin": [-8, 0, -8]},
			"faces": {
				"north": {"uv": [7, 4.5, 6, 5], "texture": "#1"},
				"east": {"uv": [6.5, 4.5, 7, 5], "texture": "#1"},
				"south": {"uv": [6, 4.5, 7, 5], "texture": "#1"},
				"west": {"uv": [6, 4.5, 6.5, 5], "texture": "#1"},
				"up": {"uv": [6, 4.5, 7, 5], "texture": "#1"},
				"down": {"uv": [6, 4.5, 7, 5], "texture": "#1"}
			}
		},
		{
			"name": "light_bow_pulling_5",
			"from": [14, 15, 7.5],
			"to": [15, 16, 8.5],
			"rotation": {"angle": 0, "axis": "y", "origin": [-8, 0, -8]},
			"faces": {
				"north": {"uv": [12, 4.5, 11.5, 5], "texture": "#1"},
				"south": {"uv": [11.5, 4.5, 12, 5], "texture": "#1"},
				"up": {"uv": [11.5, 4.5, 12, 5], "texture": "#1"},
				"down": {"uv": [11.5, 4.5, 12, 5], "texture": "#1"}
			}
		},
		{
			"name": "light_bow_pulling_6",
			"from": [16, 15, 7.5],
			"to": [19, 16, 8.5],
			"rotation": {"angle": 0, "axis": "y", "origin": [-8, 0, -8]},
			"faces": {
				"north": {"uv": [14, 4.5, 12.5, 5], "texture": "#1"},
				"south": {"uv": [12.5, 4.5, 14, 5], "texture": "#1"},
				"up": {"uv": [12.5, 4.5, 14, 5], "texture": "#1"},
				"down": {"uv": [12.5, 4.5, 14, 5], "texture": "#1"}
			}
		},
		{
			"name": "light_bow_pulling_7",
			"from": [4, 14, 7.5],
			"to": [10, 15, 8.5],
			"rotation": {"angle": 0, "axis": "y", "origin": [-8, 0, -8]},
			"faces": {
				"north": {"uv": [9.5, 5, 6.5, 5.5], "texture": "#1"},
				"east": {"uv": [9, 5, 9.5, 5.5], "texture": "#1"},
				"south": {"uv": [6.5, 5, 9.5, 5.5], "texture": "#1"},
				"west": {"uv": [6.5, 5, 7, 5.5], "texture": "#1"},
				"up": {"uv": [6.5, 5, 9.5, 5.5], "texture": "#1"},
				"down": {"uv": [6.5, 5, 9.5, 5.5], "texture": "#1"}
			}
		},
		{
			"name": "light_bow_pulling_8",
			"from": [18, 14, 7.5],
			"to": [19, 15, 8.5],
			"rotation": {"angle": 0, "axis": "y", "origin": [-8, 0, -8]},
			"faces": {
				"north": {"uv": [14, 5, 13.5, 5.5], "texture": "#1"},
				"east": {"uv": [13.5, 5, 14, 5.5], "texture": "#1"},
				"south": {"uv": [13.5, 5, 14, 5.5], "texture": "#1"},
				"west": {"uv": [13.5, 5, 14, 5.5], "texture": "#1"},
				"down": {"uv": [13.5, 5, 14, 5.5], "texture": "#1"}
			}
		},
		{
			"name": "light_bow_pulling_9",
			"from": [-1, 12, 7.5],
			"to": [0, 14, 8.5],
			"rotation": {"angle": 0, "axis": "y", "origin": [-8, 0, -8]},
			"faces": {
				"north": {"uv": [4.5, 5.5, 4, 6.5], "texture": "#1"},
				"east": {"uv": [4, 5.5, 4.5, 6.5], "texture": "#1"},
				"south": {"uv": [4, 5.5, 4.5, 6.5], "texture": "#1"},
				"west": {"uv": [4, 5.5, 4.5, 6.5], "texture": "#1"},
				"up": {"uv": [4, 5.5, 4.5, 6], "texture": "#1"},
				"down": {"uv": [4, 6, 4.5, 6.5], "texture": "#1"}
			}
		},
		{
			"name": "light_bow_pulling_10",
			"from": [5, 11, 7.5],
			"to": [8, 14, 8.5],
			"rotation": {"angle": 0, "axis": "y", "origin": [-8, 0, -8]},
			"faces": {
				"north": {"uv": [8.5, 5.5, 7, 7], "texture": "#1"},
				"east": {"uv": [8, 5.5, 8.5, 7], "texture": "#1"},
				"south": {"uv": [7, 5.5, 8.5, 7], "texture": "#1"},
				"west": {"uv": [7, 5.5, 7.5, 7], "texture": "#1"},
				"down": {"uv": [7, 6.5, 8.5, 7], "texture": "#1"}
			}
		},
		{
			"name": "light_bow_pulling_11",
			"from": [8, 12, 7.5],
			"to": [9, 14, 8.5],
			"rotation": {"angle": 0, "axis": "y", "origin": [-8, 0, -8]},
			"faces": {
				"north": {"uv": [9, 5.5, 8.5, 6.5], "texture": "#1"},
				"east": {"uv": [8.5, 5.5, 9, 6.5], "texture": "#1"},
				"south": {"uv": [8.5, 5.5, 9, 6.5], "texture": "#1"},
				"down": {"uv": [8.5, 6, 9, 6.5], "texture": "#1"}
			}
		},
		{
			"name": "light_bow_pulling_12",
			"from": [14, 13, 7.5],
			"to": [15, 14, 8.5],
			"rotation": {"angle": 0, "axis": "y", "origin": [-8, 0, -8]},
			"faces": {
				"north": {"uv": [12, 5.5, 11.5, 6], "texture": "#1"},
				"south": {"uv": [11.5, 5.5, 12, 6], "texture": "#1"},
				"west": {"uv": [11.5, 5.5, 12, 6], "texture": "#1"},
				"up": {"uv": [11.5, 5.5, 12, 6], "texture": "#1"}
			}
		},
		{
			"name": "light_bow_pulling_13",
			"from": [16, 13, 7.5],
			"to": [18, 14, 8.5],
			"rotation": {"angle": 0, "axis": "y", "origin": [-8, 0, -8]},
			"faces": {
				"north": {"uv": [13.5, 5.5, 12.5, 6], "texture": "#1"},
				"east": {"uv": [13, 5.5, 13.5, 6], "texture": "#1"},
				"south": {"uv": [12.5, 5.5, 13.5, 6], "texture": "#1"},
				"up": {"uv": [12.5, 5.5, 13.5, 6], "texture": "#1"},
				"down": {"uv": [12.5, 5.5, 13.5, 6], "texture": "#1"}
			}
		},
		{
			"name": "light_bow_pulling_14",
			"from": [0, 11, 7.5],
			"to": [1, 13, 8.5],
			"rotation": {"angle": 0, "axis": "y", "origin": [-8, 0, -8]},
			"faces": {
				"north": {"uv": [5, 6, 4.5, 7], "texture": "#1"},
				"east": {"uv": [4.5, 6, 5, 7], "texture": "#1"},
				"south": {"uv": [4.5, 6, 5, 7], "texture": "#1"},
				"west": {"uv": [4.5, 6, 5, 7], "texture": "#1"},
				"up": {"uv": [4.5, 6, 5, 6.5], "texture": "#1"},
				"down": {"uv": [4.5, 6.5, 5, 7], "texture": "#1"}
			}
		},
		{
			"name": "light_bow_pulling_15",
			"from": [1, 6, 7.5],
			"to": [2, 12, 8.5],
			"rotation": {"angle": 0, "axis": "y", "origin": [-8, 0, -8]},
			"faces": {
				"north": {"uv": [5.5, 6.5, 5, 9.5], "texture": "#1"},
				"east": {"uv": [5, 6.5, 5.5, 9.5], "texture": "#1"},
				"south": {"uv": [5, 6.5, 5.5, 9.5], "texture": "#1"},
				"west": {"uv": [5, 6.5, 5.5, 9.5], "texture": "#1"},
				"up": {"uv": [5, 6.5, 5.5, 7], "texture": "#1"},
				"down": {"uv": [5, 9, 5.5, 9.5], "texture": "#1"}
			}
		},
		{
			"name": "light_bow_pulling_16",
			"from": [4, 8, 7.5],
			"to": [5, 12, 8.5],
			"rotation": {"angle": 0, "axis": "y", "origin": [-8, 0, -8]},
			"faces": {
				"north": {"uv": [7, 6.5, 6.5, 8.5], "texture": "#1"},
				"east": {"uv": [6.5, 6.5, 7, 8.5], "texture": "#1"},
				"south": {"uv": [6.5, 6.5, 7, 8.5], "texture": "#1"},
				"west": {"uv": [6.5, 6.5, 7, 8.5], "texture": "#1"},
				"up": {"uv": [6.5, 6.5, 7, 7], "texture": "#1"},
				"down": {"uv": [6.5, 8, 7, 8.5], "texture": "#1"}
			}
		},
		{
			"name": "light_bow_pulling_18",
			"from": [2, 7, 7.5],
			"to": [4, 11, 8.5],
			"rotation": {"angle": 0, "axis": "y", "origin": [-8, 0, -8]},
			"faces": {
				"north": {"uv": [6.5, 7, 5.5, 9], "texture": "#1"},
				"east": {"uv": [6, 7, 6.5, 9], "texture": "#1"},
				"south": {"uv": [5.5, 7, 6.5, 9], "texture": "#1"},
				"up": {"uv": [5.5, 7, 6.5, 7.5], "texture": "#1"},
				"down": {"uv": [5.5, 8.5, 6.5, 9], "texture": "#1"}
			}
		},
		{
			"name": "light_bow_pulling_19",
			"from": [5, 10, 7.5],
			"to": [6, 11, 8.5],
			"rotation": {"angle": 0, "axis": "y", "origin": [-8, 0, -8]},
			"faces": {
				"north": {"uv": [7.5, 7, 7, 7.5], "texture": "#1"},
				"east": {"uv": [7, 7, 7.5, 7.5], "texture": "#1"},
				"down": {"uv": [7, 7, 7.5, 7.5], "texture": "#1"}
			}
		},
		{
			"name": "light_bow_pulling_21",
			"from": [-1, 2, 7.5],
			"to": [1, 8, 8.5],
			"rotation": {"angle": 0, "axis": "y", "origin": [-8, 0, -8]},
			"faces": {
				"north": {"uv": [5, 8.5, 4, 11.5], "texture": "#1"},
				"east": {"uv": [4.5, 8.5, 5, 11.5], "texture": "#1"},
				"south": {"uv": [4, 8.5, 5, 11.5], "texture": "#1"},
				"west": {"uv": [4, 8.5, 4.5, 11.5], "texture": "#1"},
				"up": {"uv": [4, 8.5, 5, 9], "texture": "#1"},
				"down": {"uv": [4, 11, 5, 11.5], "texture": "#1"}
			}
		},
		{
			"name": "light_bow_pulling_23",
			"from": [14, 1, 7.5],
			"to": [15, 13, 8.5],
			"rotation": {"angle": 0, "axis": "y", "origin": [-8, 0, -8]},
			"faces": {
				"north": {"uv": [15, 9, 14.5, 15], "texture": "#1"},
				"east": {"uv": [14.5, 9, 15, 15], "texture": "#1"},
				"south": {"uv": [14.5, 9, 15, 15], "texture": "#1"},
				"west": {"uv": [14.5, 9, 15, 15], "texture": "#1"},
				"down": {"uv": [14.5, 14.5, 15, 15], "texture": "#1"}
			}
		},
		{
			"name": "light_bow_pulling_28",
			"from": [0, -4, 7.5],
			"to": [1, 2, 8.5],
			"rotation": {"angle": 0, "axis": "y", "origin": [-8, 0, -8]},
			"faces": {
				"north": {"uv": [5, 11.5, 4.5, 14.5], "texture": "#1"},
				"east": {"uv": [4.5, 11.5, 5, 14.5], "texture": "#1"},
				"south": {"uv": [4.5, 11.5, 5, 14.5], "texture": "#1"},
				"west": {"uv": [4.5, 11.5, 5, 14.5], "texture": "#1"},
				"down": {"uv": [4.5, 14, 5, 14.5], "texture": "#1"}
			}
		},
		{
			"name": "light_bow_pulling_29",
			"from": [2, -2, 7.5],
			"to": [3, 2, 8.5],
			"rotation": {"angle": 0, "axis": "y", "origin": [-8, 0, -8]},
			"faces": {
				"north": {"uv": [6, 11.5, 5.5, 13.5], "texture": "#1"},
				"east": {"uv": [5.5, 11.5, 6, 13.5], "texture": "#1"},
				"south": {"uv": [5.5, 11.5, 6, 13.5], "texture": "#1"},
				"west": {"uv": [5.5, 11.5, 6, 13.5], "texture": "#1"},
				"up": {"uv": [5.5, 11.5, 6, 12], "texture": "#1"},
				"down": {"uv": [5.5, 13, 6, 13.5], "texture": "#1"}
			}
		},
		{
			"name": "light_bow_pulling_31",
			"from": [-1, 0, 7.5],
			"to": [0, 1, 8.5],
			"rotation": {"angle": 0, "axis": "y", "origin": [-8, 0, -8]},
			"faces": {
				"north": {"uv": [4.5, 12, 4, 12.5], "texture": "#1"},
				"south": {"uv": [4, 12, 4.5, 12.5], "texture": "#1"},
				"west": {"uv": [4, 12, 4.5, 12.5], "texture": "#1"},
				"up": {"uv": [4, 12, 4.5, 12.5], "texture": "#1"},
				"down": {"uv": [4, 12, 4.5, 12.5], "texture": "#1"}
			}
		},
		{
			"name": "light_bow_pulling_32",
			"from": [1, 0, 7.5],
			"to": [2, 1, 8.5],
			"rotation": {"angle": 0, "axis": "y", "origin": [-8, 0, -8]},
			"faces": {
				"north": {"uv": [5.5, 12, 5, 12.5], "texture": "#1"},
				"south": {"uv": [5, 12, 5.5, 12.5], "texture": "#1"},
				"up": {"uv": [5, 12, 5.5, 12.5], "texture": "#1"},
				"down": {"uv": [5, 12, 5.5, 12.5], "texture": "#1"}
			}
		},
		{
			"name": "light_bow_pulling_36",
			"from": [1, -3, 7.5],
			"to": [2, -2, 8.5],
			"rotation": {"angle": 0, "axis": "y", "origin": [-8, 0, -8]},
			"faces": {
				"north": {"uv": [5.5, 13.5, 5, 14], "texture": "#1"},
				"east": {"uv": [5, 13.5, 5.5, 14], "texture": "#1"},
				"south": {"uv": [5, 13.5, 5.5, 14], "texture": "#1"},
				"up": {"uv": [5, 13.5, 5.5, 14], "texture": "#1"},
				"down": {"uv": [5, 13.5, 5.5, 14], "texture": "#1"}
			}
		},
		{
			"name": "light_bow_pulling_38",
			"from": [-1, -4, 7.5],
			"to": [0, -3, 8.5],
			"rotation": {"angle": 0, "axis": "y", "origin": [-8, 0, -8]},
			"faces": {
				"north": {"uv": [4.5, 14, 4, 14.5], "texture": "#1"},
				"south": {"uv": [4, 14, 4.5, 14.5], "texture": "#1"},
				"west": {"uv": [4, 14, 4.5, 14.5], "texture": "#1"},
				"up": {"uv": [4, 14, 4.5, 14.5], "texture": "#1"},
				"down": {"uv": [4, 14, 4.5, 14.5], "texture": "#1"}
			}
		},
		{
			"name": "light_bow_pulling_39",
			"from": [3, 1, 7.5],
			"to": [14, 2, 8.5],
			"rotation": {"angle": 0, "axis": "y", "origin": [-8, 0, -8]},
			"faces": {
				"north": {"uv": [14.5, 14.5, 9, 15], "texture": "#1"},
				"south": {"uv": [9, 14.5, 14.5, 15], "texture": "#1"},
				"up": {"uv": [9, 14.5, 14.5, 15], "texture": "#1"},
				"down": {"uv": [9, 14.5, 14.5, 15], "texture": "#1"}
			}
		}
	],
	"gui_light": "front",
	"display": {
		"thirdperson_righthand": {
			"rotation": [-80, 260, -40],
			"translation": [-2, -2, 2.5],
			"scale": [0.9, 0.9, 0.9]
		},
		"thirdperson_lefthand": {
			"rotation": [-80, -280, 40],
			"translation": [-2, -2, 2.5],
			"scale": [0.9, 0.9, 0.9]
		},
		"firstperson_righthand": {
			"rotation": [0, -90, 25],
			"translation": [3.13, 3.2, 1.13],
			"scale": [0.68, 0.68, 0.68]
		},
		"firstperson_lefthand": {
			"rotation": [-67, -35, 53],
			"translation": [0, 1.25, 1.13],
			"scale": [0.68, 0.68, 0.68]
		},
		"gui": {
			"rotation": [10, -25, 2],
			"translation": [0.25, -0.17, 0]
		}
	}
}