{
	"credit": "Created by Mickey Joe Alpha - http://YouTube.com/@MushirMickeyJoe",
	"texture_size": [64, 64],
	"textures": {
		"0": "item/bow/lute",
		"particle": "item/bow/lute"
	},
	"elements": [
		{
			"from": [4.5, 0, 7],
			"to": [11.5, 14, 9],
			"faces": {
				"north": {"uv": [0.5, 0.5, 2.25, 4], "texture": "#0"},
				"east": {"uv": [0, 0.5, 0.5, 4], "texture": "#0"},
				"south": {"uv": [2.75, 0.5, 4.5, 4], "texture": "#0"},
				"west": {"uv": [2.25, 0.5, 2.75, 4], "texture": "#0"},
				"up": {"uv": [2.25, 0.5, 0.5, 0], "texture": "#0"},
				"down": {"uv": [4, 0, 2.25, 0.5], "texture": "#0"}
			}
		},
		{
			"from": [6.5, 14, 7],
			"to": [9.5, 28, 9],
			"faces": {
				"north": {"uv": [1, 4.5, 1.75, 8], "texture": "#0"},
				"east": {"uv": [0.5, 4.5, 1, 8], "texture": "#0"},
				"south": {"uv": [2.25, 4.5, 3, 8], "texture": "#0"},
				"west": {"uv": [1.75, 4.5, 2.25, 8], "texture": "#0"},
				"up": {"uv": [1.75, 4.5, 1, 4], "texture": "#0"}
			}
		},
		{
			"from": [6.5, 26, 9],
			"to": [9.5, 28, 12],
			"faces": {
				"east": {"uv": [3, 6.25, 3.75, 6.75], "texture": "#0"},
				"south": {"uv": [5.25, 6.25, 6, 6.75], "texture": "#0"},
				"west": {"uv": [4.5, 6.25, 5.25, 6.75], "texture": "#0"},
				"up": {"uv": [4.5, 6.25, 3.75, 5.5], "texture": "#0"},
				"down": {"uv": [5.25, 5.5, 4.5, 6.25], "texture": "#0"}
			}
		},
		{
			"from": [2.5, 2, 7],
			"to": [4.5, 11, 9],
			"faces": {
				"north": {"uv": [5, 3.25, 5.5, 5.5], "texture": "#0"},
				"south": {"uv": [6, 3.25, 6.5, 5.5], "texture": "#0"},
				"west": {"uv": [5.5, 3.25, 6, 5.5], "texture": "#0"},
				"up": {"uv": [5.5, 3.25, 5, 2.75], "texture": "#0"},
				"down": {"uv": [6, 2.75, 5.5, 3.25], "texture": "#0"}
			}
		},
		{
			"from": [6.5, 2, 6],
			"to": [9.5, 3, 7],
			"faces": {
				"north": {"uv": [1.75, 3.5, 1, 3.25], "texture": "#0"},
				"east": {"uv": [1.25, 3.5, 1, 3.25], "texture": "#0"},
				"west": {"uv": [1.75, 3.5, 1.5, 3.25], "texture": "#0"},
				"up": {"uv": [1.75, 3.5, 1, 3.25], "texture": "#0"},
				"down": {"uv": [1.75, 3.5, 1, 3.25], "texture": "#0"}
			}
		},
		{
			"from": [6.5, 3, 6],
			"to": [7.5, 28, 7],
			"faces": {
				"north": {"uv": [0.25, 4.25, 0.5, 10.5], "texture": "#0"},
				"east": {"uv": [0.25, 4.25, 0.5, 10.5], "texture": "#0"},
				"west": {"uv": [0.25, 4.25, 0.5, 10.5], "texture": "#0"},
				"up": {"uv": [0.5, 4.25, 0.25, 4], "texture": "#0"}
			}
		},
		{
			"from": [8.5, 3, 6],
			"to": [9.5, 28, 7],
			"faces": {
				"north": {"uv": [0, 4.25, 0.25, 10.5], "texture": "#0"},
				"east": {"uv": [0, 4.25, 0.25, 10.5], "texture": "#0"},
				"west": {"uv": [0, 4.25, 0.25, 10.5], "texture": "#0"},
				"up": {"uv": [0.25, 4.25, 0, 4], "texture": "#0"}
			}
		},
		{
			"from": [11.5, 2, 7],
			"to": [13.5, 11, 9],
			"faces": {
				"north": {"uv": [5, 0.5, 5.5, 2.75], "texture": "#0"},
				"east": {"uv": [4.5, 0.5, 5, 2.75], "texture": "#0"},
				"south": {"uv": [6, 0.5, 6.5, 2.75], "texture": "#0"},
				"up": {"uv": [5.5, 0.5, 5, 0], "texture": "#0"},
				"down": {"uv": [6, 0, 5.5, 0.5], "texture": "#0"}
			}
		}
	],
	"gui_light": "front",
	"display": {
		"thirdperson_righthand": {
			"rotation": [0, 90, 0],
			"translation": [-1.25, -10, 0.5]
		},
		"thirdperson_lefthand": {
			"rotation": [0, -90, 0],
			"translation": [-2.25, -10, 0.5]
		},
		"firstperson_righthand": {
			"rotation": [13, 74, -32],
			"translation": [5.5, -0.5, -1],
			"scale": [0.8, 0.8, 0.8]
		},
		"firstperson_lefthand": {
			"rotation": [-80, -88, -62],
			"translation": [7.5, -0.5, -1],
			"scale": [0.8, 0.8, 0.8]
		},
		"ground": {
			"rotation": [36, 0, 27],
			"translation": [0.75, 2, -0.5],
			"scale": [0.5, 0.5, 0.5]
		},
		"gui": {
			"rotation": [-40, 156, 45],
			"translation": [-2.5, -3, 0],
			"scale": [0.72, 0.72, 0.72]
		},
		"head": {
			"rotation": [0, 180, 0],
			"translation": [0, 0, 7.25]
		},
		"fixed": {
			"translation": [0, -6, 0]
		}
	}
}