{
	"credit": "Created by Mickey Joe Alpha - https://www.Reddit.com/user/MushirMickeyJoe",
	"textures": {
		"2": "item/bow/pvp_shortbow_pulling_0",
		"arrow": "item/arrow"
	},
	"elements": [
		{
			"name": "Box1",
			"from": [23, -9, 8.5],
			"to": [27, -8, 9.5],
			"faces": {
				"north": {"uv": [6, 13, 2, 12], "rotation": 180, "texture": "#arrow"},
				"east": {"uv": [2, 12, 3, 13], "texture": "#arrow"},
				"south": {"uv": [2, 13, 6, 12], "rotation": 180, "texture": "#arrow"},
				"west": {"uv": [6, 13, 5, 12], "rotation": 180, "texture": "#arrow"},
				"up": {"uv": [6, 12, 2, 13], "texture": "#arrow"},
				"down": {"uv": [6, 13, 2, 12], "texture": "#arrow"}
			}
		},
		{
			"name": "Box2",
			"from": [24, -10, 8.5],
			"to": [27, -9, 9.5],
			"faces": {
				"north": {"uv": [5, 14, 2, 13], "rotation": 180, "texture": "#arrow"},
				"east": {"uv": [2, 13, 3, 14], "texture": "#arrow"},
				"south": {"uv": [2, 14, 5, 13], "rotation": 180, "texture": "#arrow"},
				"west": {"uv": [5, 14, 4, 13], "rotation": 180, "texture": "#arrow"},
				"down": {"uv": [5, 14, 2, 13], "texture": "#arrow"}
			}
		},
		{
			"name": "Box3",
			"from": [23, -8, 8.5],
			"to": [26, -7, 9.5],
			"faces": {
				"north": {"uv": [6, 12, 3, 11], "rotation": 180, "texture": "#arrow"},
				"east": {"uv": [3, 11, 4, 12], "texture": "#arrow"},
				"south": {"uv": [3, 12, 6, 11], "rotation": 180, "texture": "#arrow"},
				"west": {"uv": [6, 12, 5, 11], "rotation": 180, "texture": "#arrow"},
				"up": {"uv": [6, 11, 3, 12], "texture": "#arrow"}
			}
		},
		{
			"name": "Box4",
			"from": [25, -11, 8.5],
			"to": [26, -10, 9.5],
			"faces": {
				"east": {"uv": [3, 14, 4, 15], "texture": "#arrow"},
				"south": {"uv": [3, 14, 4, 15], "texture": "#arrow"},
				"west": {"uv": [4, 15, 3, 14], "rotation": 180, "texture": "#arrow"},
				"down": {"uv": [4, 15, 3, 14], "texture": "#arrow"}
			}
		},
		{
			"name": "Box5",
			"from": [22, -7, 8.5],
			"to": [24, -6, 9.5],
			"faces": {
				"north": {"uv": [7, 11, 5, 10], "rotation": 180, "texture": "#arrow"},
				"east": {"uv": [5, 10, 6, 11], "texture": "#arrow"},
				"south": {"uv": [5, 11, 7, 10], "rotation": 180, "texture": "#arrow"},
				"west": {"uv": [7, 11, 6, 10], "rotation": 180, "texture": "#arrow"},
				"up": {"uv": [7, 10, 5, 11], "texture": "#arrow"},
				"down": {"uv": [7, 11, 5, 10], "texture": "#arrow"}
			}
		},
		{
			"name": "Box6",
			"from": [21, -6, 8.5],
			"to": [23, -5, 9.5],
			"faces": {
				"north": {"uv": [8, 10, 6, 9], "rotation": 180, "texture": "#arrow"},
				"east": {"uv": [6, 9, 7, 10], "texture": "#arrow"},
				"south": {"uv": [6, 10, 8, 9], "rotation": 180, "texture": "#arrow"},
				"west": {"uv": [8, 10, 7, 9], "rotation": 180, "texture": "#arrow"},
				"up": {"uv": [8, 9, 6, 10], "texture": "#arrow"},
				"down": {"uv": [8, 10, 6, 9], "texture": "#arrow"}
			}
		},
		{
			"name": "Box7",
			"from": [20, -5, 8.5],
			"to": [22, -4, 9.5],
			"faces": {
				"north": {"uv": [9, 9, 7, 8], "rotation": 180, "texture": "#arrow"},
				"east": {"uv": [7, 8, 8, 9], "texture": "#arrow"},
				"south": {"uv": [7, 9, 9, 8], "rotation": 180, "texture": "#arrow"},
				"west": {"uv": [9, 9, 8, 8], "rotation": 180, "texture": "#arrow"},
				"up": {"uv": [9, 8, 7, 9], "texture": "#arrow"},
				"down": {"uv": [9, 9, 7, 8], "texture": "#arrow"}
			}
		},
		{
			"name": "Box8",
			"from": [19, -4, 8.5],
			"to": [21, -3, 9.5],
			"faces": {
				"east": {"uv": [8, 7, 9, 8], "texture": "#arrow"},
				"south": {"uv": [8, 8, 10, 7], "rotation": 180, "texture": "#arrow"},
				"west": {"uv": [10, 8, 9, 7], "rotation": 180, "texture": "#arrow"},
				"up": {"uv": [10, 7, 8, 8], "texture": "#arrow"},
				"down": {"uv": [10, 8, 8, 7], "texture": "#arrow"}
			}
		},
		{
			"name": "Box9",
			"from": [18, -3, 8.5],
			"to": [20, -2, 9.5],
			"faces": {
				"east": {"uv": [9, 6, 10, 7], "texture": "#arrow"},
				"south": {"uv": [9, 7, 11, 6], "rotation": 180, "texture": "#arrow"},
				"west": {"uv": [11, 7, 10, 6], "rotation": 180, "texture": "#arrow"},
				"up": {"uv": [11, 6, 9, 7], "texture": "#arrow"},
				"down": {"uv": [11, 7, 9, 6], "texture": "#arrow"}
			}
		},
		{
			"name": "Box10",
			"from": [14, 0, 8.5],
			"to": [19, 1, 9.5],
			"faces": {
				"north": {"uv": [15, 4, 10, 3], "rotation": 180, "texture": "#arrow"},
				"east": {"uv": [10, 3, 11, 4], "texture": "#arrow"},
				"south": {"uv": [10, 4, 15, 3], "rotation": 180, "texture": "#arrow"},
				"west": {"uv": [15, 4, 14, 3], "rotation": 180, "texture": "#arrow"},
				"up": {"uv": [15, 3, 10, 4], "texture": "#arrow"},
				"down": {"uv": [15, 4, 10, 3], "texture": "#arrow"}
			}
		},
		{
			"name": "Box11",
			"from": [15, -2, 8.5],
			"to": [19, 0, 9.5],
			"faces": {
				"north": {"uv": [14, 6, 10, 4], "rotation": 180, "texture": "#arrow"},
				"east": {"uv": [10, 4, 11, 6], "texture": "#arrow"},
				"south": {"uv": [10, 6, 14, 4], "rotation": 180, "texture": "#arrow"},
				"west": {"uv": [14, 6, 13, 4], "rotation": 180, "texture": "#arrow"},
				"down": {"uv": [14, 6, 10, 5], "texture": "#arrow"}
			}
		},
		{
			"name": "Box12",
			"from": [14, 1, 8.5],
			"to": [17, 2, 9.5],
			"faces": {
				"north": {"uv": [15, 3, 12, 2], "rotation": 180, "texture": "#arrow"},
				"east": {"uv": [12, 2, 13, 3], "texture": "#arrow"},
				"south": {"uv": [12, 3, 15, 2], "rotation": 180, "texture": "#arrow"},
				"west": {"uv": [15, 3, 14, 2], "rotation": 180, "texture": "#arrow"},
				"up": {"uv": [15, 2, 12, 3], "texture": "#arrow"}
			}
		},
		{
			"name": "Box13",
			"from": [16, -3, 8.5],
			"to": [17, -2, 9.5],
			"faces": {
				"north": {"uv": [13, 7, 12, 6], "rotation": 180, "texture": "#arrow"},
				"east": {"uv": [12, 6, 13, 7], "texture": "#arrow"},
				"south": {"uv": [12, 7, 13, 6], "rotation": 180, "texture": "#arrow"},
				"west": {"uv": [13, 7, 12, 6], "rotation": 180, "texture": "#arrow"},
				"down": {"uv": [13, 7, 12, 6], "texture": "#arrow"}
			}
		},
		{
			"name": "pvp_shortbow_pulling_0_0",
			"from": [21, -4, 7.5],
			"to": [24, 0, 8.5],
			"faces": {
				"north": {"uv": [8, 0, 5, 4], "texture": "#2"},
				"east": {"uv": [7, 0, 8, 4], "texture": "#2"},
				"south": {"uv": [5, 0, 8, 4], "texture": "#2"},
				"west": {"uv": [5, 0, 6, 4], "texture": "#2"},
				"up": {"uv": [5, 0, 8, 1], "texture": "#2"},
				"down": {"uv": [5, 3, 8, 4], "texture": "#2"}
			}
		},
		{
			"name": "pvp_shortbow_pulling_0_1",
			"from": [25, -4, 7.5],
			"to": [29, -1, 8.5],
			"faces": {
				"north": {"uv": [13, 1, 9, 4], "texture": "#2"},
				"east": {"uv": [12, 1, 13, 4], "texture": "#2"},
				"south": {"uv": [9, 1, 13, 4], "texture": "#2"},
				"west": {"uv": [9, 1, 10, 4], "texture": "#2"},
				"up": {"uv": [9, 1, 13, 2], "texture": "#2"},
				"down": {"uv": [9, 3, 13, 4], "texture": "#2"}
			}
		},
		{
			"name": "pvp_shortbow_pulling_0_2",
			"from": [20, -5, 7.5],
			"to": [21, -2, 8.5],
			"faces": {
				"north": {"uv": [5, 2, 4, 5], "texture": "#2"},
				"east": {"uv": [4, 2, 5, 5], "texture": "#2"},
				"south": {"uv": [4, 2, 5, 5], "texture": "#2"},
				"west": {"uv": [4, 2, 5, 5], "texture": "#2"},
				"up": {"uv": [4, 2, 5, 3], "texture": "#2"},
				"down": {"uv": [4, 4, 5, 5], "texture": "#2"}
			}
		},
		{
			"name": "pvp_shortbow_pulling_0_3",
			"from": [24, -5, 7.5],
			"to": [25, -2, 8.5],
			"faces": {
				"north": {"uv": [9, 2, 8, 5], "texture": "#2"},
				"south": {"uv": [8, 2, 9, 5], "texture": "#2"},
				"up": {"uv": [8, 2, 9, 3], "texture": "#2"},
				"down": {"uv": [8, 4, 9, 5], "texture": "#2"}
			}
		},
		{
			"name": "pvp_shortbow_pulling_0_4",
			"from": [29, -5, 7.5],
			"to": [32, -2, 8.5],
			"faces": {
				"north": {"uv": [16, 2, 13, 5], "texture": "#2"},
				"east": {"uv": [15, 2, 16, 5], "texture": "#2"},
				"south": {"uv": [13, 2, 16, 5], "texture": "#2"},
				"up": {"uv": [13, 2, 16, 3], "texture": "#2"},
				"down": {"uv": [13, 4, 16, 5], "texture": "#2"}
			}
		},
		{
			"name": "pvp_shortbow_pulling_0_5",
			"from": [19, -16, 7.5],
			"to": [20, -3, 8.5],
			"faces": {
				"north": {"uv": [4, 3, 3, 16], "texture": "#2"},
				"east": {"uv": [3, 3, 4, 16], "texture": "#2"},
				"south": {"uv": [3, 3, 4, 16], "texture": "#2"},
				"west": {"uv": [3, 3, 4, 16], "texture": "#2"},
				"up": {"uv": [3, 3, 4, 4], "texture": "#2"},
				"down": {"uv": [3, 15, 4, 16], "texture": "#2"}
			}
		},
		{
			"name": "pvp_shortbow_pulling_0_6",
			"from": [18, -16, 7.5],
			"to": [19, -4, 8.5],
			"faces": {
				"north": {"uv": [3, 4, 2, 16], "texture": "#2"},
				"south": {"uv": [2, 4, 3, 16], "texture": "#2"},
				"west": {"uv": [2, 4, 3, 16], "texture": "#2"},
				"up": {"uv": [2, 4, 3, 5], "texture": "#2"},
				"down": {"uv": [2, 15, 3, 16], "texture": "#2"}
			}
		},
		{
			"name": "pvp_shortbow_pulling_0_7",
			"from": [23, -5, 7.5],
			"to": [24, -4, 8.5],
			"faces": {
				"north": {"uv": [8, 4, 7, 5], "texture": "#2"},
				"south": {"uv": [7, 4, 8, 5], "texture": "#2"},
				"west": {"uv": [7, 4, 8, 5], "texture": "#2"},
				"down": {"uv": [7, 4, 8, 5], "texture": "#2"}
			}
		},
		{
			"name": "pvp_shortbow_pulling_0_8",
			"from": [25, -5, 7.5],
			"to": [26, -4, 8.5],
			"faces": {
				"north": {"uv": [10, 4, 9, 5], "texture": "#2"},
				"east": {"uv": [9, 4, 10, 5], "texture": "#2"},
				"south": {"uv": [9, 4, 10, 5], "texture": "#2"},
				"down": {"uv": [9, 4, 10, 5], "texture": "#2"}
			}
		},
		{
			"name": "pvp_shortbow_pulling_0_9",
			"from": [28, -8, 7.5],
			"to": [29, -4, 8.5],
			"faces": {
				"north": {"uv": [13, 4, 12, 8], "texture": "#2"},
				"east": {"uv": [12, 4, 13, 8], "texture": "#2"},
				"south": {"uv": [12, 4, 13, 8], "texture": "#2"},
				"west": {"uv": [12, 4, 13, 8], "texture": "#2"},
				"down": {"uv": [12, 7, 13, 8], "texture": "#2"}
			}
		},
		{
			"name": "pvp_shortbow_pulling_0_10",
			"from": [17, -7, 7.5],
			"to": [18, -5, 8.5],
			"faces": {
				"south": {"uv": [1, 5, 2, 7], "texture": "#2"},
				"west": {"uv": [1, 5, 2, 7], "texture": "#2"},
				"up": {"uv": [1, 5, 2, 6], "texture": "#2"},
				"down": {"uv": [1, 6, 2, 7], "texture": "#2"}
			}
		},
		{
			"name": "pvp_shortbow_pulling_0_11",
			"from": [20, -10, 7.5],
			"to": [21, -7, 8.5],
			"faces": {
				"north": {"uv": [5, 7, 4, 10], "texture": "#2"},
				"east": {"uv": [4, 7, 5, 10], "texture": "#2"},
				"south": {"uv": [4, 7, 5, 10], "texture": "#2"},
				"up": {"uv": [4, 7, 5, 8], "texture": "#2"},
				"down": {"uv": [4, 9, 5, 10], "texture": "#2"}
			}
		},
		{
			"name": "pvp_shortbow_pulling_0_12",
			"from": [27, -10, 7.5],
			"to": [28, -8, 8.5],
			"faces": {
				"north": {"uv": [12, 8, 11, 10], "texture": "#2"},
				"east": {"uv": [11, 8, 12, 10], "texture": "#2"},
				"south": {"uv": [11, 8, 12, 10], "texture": "#2"},
				"west": {"uv": [11, 8, 12, 10], "texture": "#2"},
				"up": {"uv": [11, 8, 12, 9], "texture": "#2"},
				"down": {"uv": [11, 9, 12, 10], "texture": "#2"}
			}
		},
		{
			"name": "pvp_shortbow_pulling_0_13",
			"from": [17, -13, 7.5],
			"to": [18, -9, 8.5],
			"faces": {
				"north": {"uv": [2, 9, 1, 13], "texture": "#2"},
				"south": {"uv": [1, 9, 2, 13], "texture": "#2"},
				"west": {"uv": [1, 9, 2, 13], "texture": "#2"},
				"up": {"uv": [1, 9, 2, 10], "texture": "#2"},
				"down": {"uv": [1, 12, 2, 13], "texture": "#2"}
			}
		},
		{
			"name": "pvp_shortbow_pulling_0_14",
			"from": [26, -11, 7.5],
			"to": [27, -10, 8.5],
			"faces": {
				"north": {"uv": [11, 10, 10, 11], "texture": "#2"},
				"east": {"uv": [10, 10, 11, 11], "texture": "#2"},
				"south": {"uv": [10, 10, 11, 11], "texture": "#2"},
				"west": {"uv": [10, 10, 11, 11], "texture": "#2"},
				"up": {"uv": [10, 10, 11, 11], "texture": "#2"},
				"down": {"uv": [10, 10, 11, 11], "texture": "#2"}
			}
		},
		{
			"name": "pvp_shortbow_pulling_0_15",
			"from": [24, -12, 7.5],
			"to": [26, -11, 8.5],
			"faces": {
				"north": {"uv": [10, 11, 8, 12], "texture": "#2"},
				"east": {"uv": [9, 11, 10, 12], "texture": "#2"},
				"south": {"uv": [8, 11, 10, 12], "texture": "#2"},
				"west": {"uv": [8, 11, 9, 12], "texture": "#2"},
				"up": {"uv": [8, 11, 10, 12], "texture": "#2"},
				"down": {"uv": [8, 11, 10, 12], "texture": "#2"}
			}
		},
		{
			"name": "pvp_shortbow_pulling_0_16",
			"from": [14, -4, 6.5],
			"to": [16, -2, 7.5],
			"faces": {
				"north": {"uv": [13, 11, 11, 13], "texture": "#2"},
				"east": {"uv": [12, 11, 13, 13], "texture": "#2"},
				"south": {"uv": [11, 11, 13, 13], "texture": "#2"},
				"west": {"uv": [11, 11, 12, 13], "texture": "#2"},
				"up": {"uv": [11, 11, 13, 12], "texture": "#2"},
				"down": {"uv": [11, 12, 13, 13], "texture": "#2"}
			}
		},
		{
			"name": "pvp_shortbow_pulling_0_17",
			"from": [20, -13, 7.5],
			"to": [24, -12, 8.5],
			"faces": {
				"north": {"uv": [8, 12, 4, 13], "texture": "#2"},
				"east": {"uv": [7, 12, 8, 13], "texture": "#2"},
				"south": {"uv": [4, 12, 8, 13], "texture": "#2"},
				"up": {"uv": [4, 12, 8, 13], "texture": "#2"},
				"down": {"uv": [4, 12, 8, 13], "texture": "#2"}
			}
		},
		{
			"name": "pvp_shortbow_pulling_0_18",
			"from": [16, -6, 6.5],
			"to": [17, -3, 7.5],
			"faces": {
				"north": {"uv": [14, 12, 13, 15], "texture": "#2"},
				"east": {"uv": [13, 12, 14, 15], "texture": "#2"},
				"south": {"uv": [13, 12, 14, 15], "texture": "#2"},
				"west": {"uv": [13, 12, 14, 15], "texture": "#2"},
				"up": {"uv": [13, 12, 14, 13], "texture": "#2"},
				"down": {"uv": [13, 14, 14, 15], "texture": "#2"}
			}
		},
		{
			"name": "pvp_shortbow_pulling_0_19",
			"from": [20, -16, 7.5],
			"to": [21, -13, 8.5],
			"faces": {
				"north": {"uv": [5, 13, 4, 16], "texture": "#2"},
				"east": {"uv": [4, 13, 5, 16], "texture": "#2"},
				"south": {"uv": [4, 13, 5, 16], "texture": "#2"},
				"down": {"uv": [4, 15, 5, 16], "texture": "#2"}
			}
		},
		{
			"name": "pvp_shortbow_pulling_0_20",
			"from": [15, -5, 6.5],
			"to": [16, -4, 7.5],
			"faces": {
				"north": {"uv": [13, 13, 12, 14], "texture": "#2"},
				"south": {"uv": [12, 13, 13, 14], "texture": "#2"},
				"west": {"uv": [12, 13, 13, 14], "texture": "#2"},
				"down": {"uv": [12, 13, 13, 14], "texture": "#2"}
			}
		},
		{
			"name": "pvp_shortbow_pulling_0_21",
			"from": [17, -7, 6.5],
			"to": [18, -4, 7.5],
			"faces": {
				"north": {"uv": [15, 13, 14, 16], "texture": "#2"},
				"east": {"uv": [14, 13, 15, 16], "texture": "#2"},
				"south": {"uv": [14, 13, 15, 16], "texture": "#2"},
				"west": {"uv": [14, 13, 15, 16], "texture": "#2"},
				"up": {"uv": [14, 13, 15, 14], "texture": "#2"},
				"down": {"uv": [14, 15, 15, 16], "texture": "#2"}
			}
		},
		{
			"name": "pvp_shortbow_pulling_0_22",
			"from": [18, -7, 6.5],
			"to": [19, -5, 7.5],
			"faces": {
				"north": {"uv": [16, 14, 15, 16], "texture": "#2"},
				"east": {"uv": [15, 14, 16, 16], "texture": "#2"},
				"up": {"uv": [15, 14, 16, 15], "texture": "#2"},
				"down": {"uv": [15, 15, 16, 16], "texture": "#2"}
			}
		}
	],
	"gui_light": "front",
	"display": {
		"thirdperson_righthand": {
			"rotation": [-80, 260, -40],
			"translation": [-1.75, -1, -14.75],
			"scale": [0.9, 0.9, 0.9]
		},
		"thirdperson_lefthand": {
			"rotation": [-80, -280, 40],
			"translation": [-2, -1, -14.75],
			"scale": [0.9, 0.9, 0.9]
		},
		"firstperson_righthand": {
			"rotation": [6, -68, 11],
			"translation": [-3.62, 7.45, -12.37],
			"scale": [0.5, 0.5, 0.5]
		},
		"firstperson_lefthand": {
			"rotation": [6, 112, -11],
			"translation": [-2.37, 8.2, -12.37],
			"scale": [0.5, 0.5, 0.5]
		},
		"gui": {
			"rotation": [32, 70, 2],
			"translation": [-0.75, 4.83, 0]
		}
	}
}