{
	"credit": "Created by Mickey Joe Alpha - https://www.Reddit.com/user/MushirMickeyJoe",
	"textures": {
		"3": "item/bow/pvp_shortbow"
	},
	"elements": [
		{
			"name": "pvp_shortbow_0",
			"from": [5, 12, 7.5],
			"to": [8, 16, 8.5],
			"faces": {
				"north": {"uv": [8, 0, 5, 4], "texture": "#3"},
				"east": {"uv": [7, 0, 8, 4], "texture": "#3"},
				"south": {"uv": [5, 0, 8, 4], "texture": "#3"},
				"west": {"uv": [5, 0, 6, 4], "texture": "#3"},
				"up": {"uv": [5, 0, 8, 1], "texture": "#3"},
				"down": {"uv": [5, 3, 8, 4], "texture": "#3"}
			}
		},
		{
			"name": "pvp_shortbow_1",
			"from": [9, 12, 7.5],
			"to": [13, 15, 8.5],
			"faces": {
				"north": {"uv": [13, 1, 9, 4], "texture": "#3"},
				"east": {"uv": [12, 1, 13, 4], "texture": "#3"},
				"south": {"uv": [9, 1, 13, 4], "texture": "#3"},
				"west": {"uv": [9, 1, 10, 4], "texture": "#3"},
				"up": {"uv": [9, 1, 13, 2], "texture": "#3"},
				"down": {"uv": [9, 3, 13, 4], "texture": "#3"}
			}
		},
		{
			"name": "pvp_shortbow_2",
			"from": [4, 11, 7.5],
			"to": [5, 14, 8.5],
			"faces": {
				"north": {"uv": [5, 2, 4, 5], "texture": "#3"},
				"east": {"uv": [4, 2, 5, 5], "texture": "#3"},
				"south": {"uv": [4, 2, 5, 5], "texture": "#3"},
				"west": {"uv": [4, 2, 5, 5], "texture": "#3"},
				"up": {"uv": [4, 2, 5, 3], "texture": "#3"},
				"down": {"uv": [4, 4, 5, 5], "texture": "#3"}
			}
		},
		{
			"name": "pvp_shortbow_3",
			"from": [8, 11, 7.5],
			"to": [9, 14, 8.5],
			"faces": {
				"north": {"uv": [9, 2, 8, 5], "texture": "#3"},
				"south": {"uv": [8, 2, 9, 5], "texture": "#3"},
				"up": {"uv": [8, 2, 9, 3], "texture": "#3"},
				"down": {"uv": [8, 4, 9, 5], "texture": "#3"}
			}
		},
		{
			"name": "pvp_shortbow_4",
			"from": [13, 11, 7.5],
			"to": [16, 14, 8.5],
			"faces": {
				"north": {"uv": [16, 2, 13, 5], "texture": "#3"},
				"east": {"uv": [15, 2, 16, 5], "texture": "#3"},
				"south": {"uv": [13, 2, 16, 5], "texture": "#3"},
				"up": {"uv": [13, 2, 16, 3], "texture": "#3"},
				"down": {"uv": [13, 4, 16, 5], "texture": "#3"}
			}
		},
		{
			"name": "pvp_shortbow_5",
			"from": [3, 0, 7.5],
			"to": [4, 13, 8.5],
			"faces": {
				"north": {"uv": [4, 3, 3, 16], "texture": "#3"},
				"east": {"uv": [3, 3, 4, 16], "texture": "#3"},
				"south": {"uv": [3, 3, 4, 16], "texture": "#3"},
				"west": {"uv": [3, 3, 4, 16], "texture": "#3"},
				"up": {"uv": [3, 3, 4, 4], "texture": "#3"},
				"down": {"uv": [3, 15, 4, 16], "texture": "#3"}
			}
		},
		{
			"name": "pvp_shortbow_6",
			"from": [2, 0, 7.5],
			"to": [3, 12, 8.5],
			"faces": {
				"north": {"uv": [3, 4, 2, 16], "texture": "#3"},
				"south": {"uv": [2, 4, 3, 16], "texture": "#3"},
				"west": {"uv": [2, 4, 3, 16], "texture": "#3"},
				"up": {"uv": [2, 4, 3, 5], "texture": "#3"},
				"down": {"uv": [2, 15, 3, 16], "texture": "#3"}
			}
		},
		{
			"name": "pvp_shortbow_7",
			"from": [7, 11, 7.5],
			"to": [8, 12, 8.5],
			"faces": {
				"north": {"uv": [8, 4, 7, 5], "texture": "#3"},
				"south": {"uv": [7, 4, 8, 5], "texture": "#3"},
				"west": {"uv": [7, 4, 8, 5], "texture": "#3"},
				"down": {"uv": [7, 4, 8, 5], "texture": "#3"}
			}
		},
		{
			"name": "pvp_shortbow_8",
			"from": [9, 11, 7.5],
			"to": [10, 12, 8.5],
			"faces": {
				"north": {"uv": [10, 4, 9, 5], "texture": "#3"},
				"east": {"uv": [9, 4, 10, 5], "texture": "#3"},
				"south": {"uv": [9, 4, 10, 5], "texture": "#3"},
				"down": {"uv": [9, 4, 10, 5], "texture": "#3"}
			}
		},
		{
			"name": "pvp_shortbow_9",
			"from": [12, 11, 7.5],
			"to": [13, 12, 8.5],
			"faces": {
				"north": {"uv": [13, 4, 12, 5], "texture": "#3"},
				"south": {"uv": [12, 4, 13, 5], "texture": "#3"},
				"west": {"uv": [12, 4, 13, 5], "texture": "#3"},
				"down": {"uv": [12, 4, 13, 5], "texture": "#3"}
			}
		},
		{
			"name": "pvp_shortbow_10",
			"from": [1, 9, 7.5],
			"to": [2, 11, 8.5],
			"faces": {
				"south": {"uv": [1, 5, 2, 7], "texture": "#3"},
				"west": {"uv": [1, 5, 2, 7], "texture": "#3"},
				"up": {"uv": [1, 5, 2, 6], "texture": "#3"},
				"down": {"uv": [1, 6, 2, 7], "texture": "#3"}
			}
		},
		{
			"name": "pvp_shortbow_11",
			"from": [11, 10, 7.5],
			"to": [12, 11, 8.5],
			"faces": {
				"north": {"uv": [12, 5, 11, 6], "texture": "#3"},
				"east": {"uv": [11, 5, 12, 6], "texture": "#3"},
				"south": {"uv": [11, 5, 12, 6], "texture": "#3"},
				"west": {"uv": [11, 5, 12, 6], "texture": "#3"},
				"up": {"uv": [11, 5, 12, 6], "texture": "#3"},
				"down": {"uv": [11, 5, 12, 6], "texture": "#3"}
			}
		},
		{
			"name": "pvp_shortbow_12",
			"from": [10, 9, 7.5],
			"to": [11, 10, 8.5],
			"faces": {
				"north": {"uv": [11, 6, 10, 7], "texture": "#3"},
				"east": {"uv": [10, 6, 11, 7], "texture": "#3"},
				"south": {"uv": [10, 6, 11, 7], "texture": "#3"},
				"west": {"uv": [10, 6, 11, 7], "texture": "#3"},
				"up": {"uv": [10, 6, 11, 7], "texture": "#3"},
				"down": {"uv": [10, 6, 11, 7], "texture": "#3"}
			}
		},
		{
			"name": "pvp_shortbow_13",
			"from": [4, 6, 7.5],
			"to": [5, 9, 8.5],
			"faces": {
				"north": {"uv": [5, 7, 4, 10], "texture": "#3"},
				"east": {"uv": [4, 7, 5, 10], "texture": "#3"},
				"south": {"uv": [4, 7, 5, 10], "texture": "#3"},
				"up": {"uv": [4, 7, 5, 8], "texture": "#3"},
				"down": {"uv": [4, 9, 5, 10], "texture": "#3"}
			}
		},
		{
			"name": "pvp_shortbow_14",
			"from": [9, 8, 7.5],
			"to": [10, 9, 8.5],
			"faces": {
				"north": {"uv": [10, 7, 9, 8], "texture": "#3"},
				"east": {"uv": [9, 7, 10, 8], "texture": "#3"},
				"south": {"uv": [9, 7, 10, 8], "texture": "#3"},
				"west": {"uv": [9, 7, 10, 8], "texture": "#3"},
				"up": {"uv": [9, 7, 10, 8], "texture": "#3"},
				"down": {"uv": [9, 7, 10, 8], "texture": "#3"}
			}
		},
		{
			"name": "pvp_shortbow_15",
			"from": [8, 7, 7.5],
			"to": [9, 8, 8.5],
			"faces": {
				"north": {"uv": [9, 8, 8, 9], "texture": "#3"},
				"east": {"uv": [8, 8, 9, 9], "texture": "#3"},
				"south": {"uv": [8, 8, 9, 9], "texture": "#3"},
				"west": {"uv": [8, 8, 9, 9], "texture": "#3"},
				"up": {"uv": [8, 8, 9, 9], "texture": "#3"},
				"down": {"uv": [8, 8, 9, 9], "texture": "#3"}
			}
		},
		{
			"name": "pvp_shortbow_16",
			"from": [1, 3, 7.5],
			"to": [2, 7, 8.5],
			"faces": {
				"north": {"uv": [2, 9, 1, 13], "texture": "#3"},
				"south": {"uv": [1, 9, 2, 13], "texture": "#3"},
				"west": {"uv": [1, 9, 2, 13], "texture": "#3"},
				"up": {"uv": [1, 9, 2, 10], "texture": "#3"},
				"down": {"uv": [1, 12, 2, 13], "texture": "#3"}
			}
		},
		{
			"name": "pvp_shortbow_17",
			"from": [7, 6, 7.5],
			"to": [8, 7, 8.5],
			"faces": {
				"north": {"uv": [8, 9, 7, 10], "texture": "#3"},
				"east": {"uv": [7, 9, 8, 10], "texture": "#3"},
				"south": {"uv": [7, 9, 8, 10], "texture": "#3"},
				"west": {"uv": [7, 9, 8, 10], "texture": "#3"},
				"up": {"uv": [7, 9, 8, 10], "texture": "#3"},
				"down": {"uv": [7, 9, 8, 10], "texture": "#3"}
			}
		},
		{
			"name": "pvp_shortbow_18",
			"from": [6, 5, 7.5],
			"to": [7, 6, 8.5],
			"faces": {
				"north": {"uv": [7, 10, 6, 11], "texture": "#3"},
				"east": {"uv": [6, 10, 7, 11], "texture": "#3"},
				"south": {"uv": [6, 10, 7, 11], "texture": "#3"},
				"west": {"uv": [6, 10, 7, 11], "texture": "#3"},
				"up": {"uv": [6, 10, 7, 11], "texture": "#3"},
				"down": {"uv": [6, 10, 7, 11], "texture": "#3"}
			}
		},
		{
			"name": "pvp_shortbow_19",
			"from": [5, 4, 7.5],
			"to": [6, 5, 8.5],
			"faces": {
				"north": {"uv": [6, 11, 5, 12], "texture": "#3"},
				"east": {"uv": [5, 11, 6, 12], "texture": "#3"},
				"south": {"uv": [5, 11, 6, 12], "texture": "#3"},
				"west": {"uv": [5, 11, 6, 12], "texture": "#3"},
				"up": {"uv": [5, 11, 6, 12], "texture": "#3"},
				"down": {"uv": [5, 11, 6, 12], "texture": "#3"}
			}
		},
		{
			"name": "pvp_shortbow_20",
			"from": [-2, 12, 6.5],
			"to": [0, 14, 7.5],
			"faces": {
				"north": {"uv": [13, 11, 11, 13], "texture": "#3"},
				"east": {"uv": [12, 11, 13, 13], "texture": "#3"},
				"south": {"uv": [11, 11, 13, 13], "texture": "#3"},
				"west": {"uv": [11, 11, 12, 13], "texture": "#3"},
				"up": {"uv": [11, 11, 13, 12], "texture": "#3"},
				"down": {"uv": [11, 12, 13, 13], "texture": "#3"}
			}
		},
		{
			"name": "pvp_shortbow_21",
			"from": [4, 0, 7.5],
			"to": [5, 4, 8.5],
			"faces": {
				"north": {"uv": [5, 12, 4, 16], "texture": "#3"},
				"east": {"uv": [4, 12, 5, 16], "texture": "#3"},
				"south": {"uv": [4, 12, 5, 16], "texture": "#3"},
				"up": {"uv": [4, 12, 5, 13], "texture": "#3"},
				"down": {"uv": [4, 15, 5, 16], "texture": "#3"}
			}
		},
		{
			"name": "pvp_shortbow_22",
			"from": [0, 10, 6.5],
			"to": [1, 13, 7.5],
			"faces": {
				"north": {"uv": [14, 12, 13, 15], "texture": "#3"},
				"east": {"uv": [13, 12, 14, 15], "texture": "#3"},
				"south": {"uv": [13, 12, 14, 15], "texture": "#3"},
				"west": {"uv": [13, 12, 14, 15], "texture": "#3"},
				"up": {"uv": [13, 12, 14, 13], "texture": "#3"},
				"down": {"uv": [13, 14, 14, 15], "texture": "#3"}
			}
		},
		{
			"name": "pvp_shortbow_23",
			"from": [-1, 11, 6.5],
			"to": [0, 12, 7.5],
			"faces": {
				"north": {"uv": [13, 13, 12, 14], "texture": "#3"},
				"south": {"uv": [12, 13, 13, 14], "texture": "#3"},
				"west": {"uv": [12, 13, 13, 14], "texture": "#3"},
				"down": {"uv": [12, 13, 13, 14], "texture": "#3"}
			}
		},
		{
			"name": "pvp_shortbow_24",
			"from": [1, 9, 6.5],
			"to": [2, 12, 7.5],
			"faces": {
				"north": {"uv": [15, 13, 14, 16], "texture": "#3"},
				"east": {"uv": [14, 13, 15, 16], "texture": "#3"},
				"south": {"uv": [14, 13, 15, 16], "texture": "#3"},
				"west": {"uv": [14, 13, 15, 16], "texture": "#3"},
				"up": {"uv": [14, 13, 15, 14], "texture": "#3"},
				"down": {"uv": [14, 15, 15, 16], "texture": "#3"}
			}
		},
		{
			"name": "pvp_shortbow_25",
			"from": [2, 9, 6.5],
			"to": [3, 11, 7.5],
			"faces": {
				"north": {"uv": [16, 14, 15, 16], "texture": "#3"},
				"east": {"uv": [15, 14, 16, 16], "texture": "#3"},
				"up": {"uv": [15, 14, 16, 15], "texture": "#3"},
				"down": {"uv": [15, 15, 16, 16], "texture": "#3"}
			}
		}
	],
	"gui_light": "front",
	"display": {
		"thirdperson_righthand": {
			"rotation": [-80, 260, -40],
			"translation": [-2, -2.75, 5.5],
			"scale": [0.9, 0.9, 0.9]
		},
		"thirdperson_lefthand": {
			"rotation": [-80, -280, 40],
			"translation": [-2, -2.75, 5.5],
			"scale": [0.9, 0.9, 0.9]
		},
		"firstperson_righthand": {
			"rotation": [0, -90, 25],
			"translation": [2.88, 3.2, 1.13],
			"scale": [0.5, 0.5, 0.5]
		},
		"firstperson_lefthand": {
			"rotation": [6, 90, -25],
			"translation": [2.88, 3.2, 1.13],
			"scale": [0.5, 0.5, 0.5]
		},
		"ground": {
			"rotation": [6, -25.5, 0],
			"translation": [0, 6, 0],
			"scale": [0.6, 0.6, 0.6]
		},
		"gui": {
			"rotation": [10, -25, 2],
			"translation": [0.25, -0.17, 0]
		},
		"fixed": {
			"rotation": [0, 180, 0],
			"translation": [-1, 0, 0]
		}
	}
}