{
	"credit": "Created by Mickey Joe Alpha - http://YouTube.com/@MushirMickeyJoe",
	"texture_size": [32, 32],
	"textures": {
		"particle": "item/bow/sacred_bow_pulling_1",
		"arrow": "item/arrow"
	},
	"elements": [
		{
			"name": "Box1",
			"from": [10, 4, 8.5],
			"to": [14, 5, 9.5],
			"rotation": {"angle": -45, "axis": "z", "origin": [8.5, 8, 8.5]},
			"faces": {
				"north": {"uv": [6, 13, 2, 12], "rotation": 180, "texture": "#arrow"},
				"east": {"uv": [2, 12, 3, 13], "texture": "#arrow"},
				"south": {"uv": [2, 13, 6, 12], "rotation": 180, "texture": "#arrow"},
				"west": {"uv": [6, 13, 5, 12], "rotation": 180, "texture": "#arrow"},
				"up": {"uv": [6, 12, 2, 13], "texture": "#arrow"},
				"down": {"uv": [6, 13, 2, 12], "texture": "#arrow"}
			}
		},
		{
			"name": "Box2",
			"from": [11, 3, 8.5],
			"to": [14, 4, 9.5],
			"rotation": {"angle": -45, "axis": "z", "origin": [8.5, 8, 8.5]},
			"faces": {
				"north": {"uv": [5, 14, 2, 13], "rotation": 180, "texture": "#arrow"},
				"east": {"uv": [2, 13, 3, 14], "texture": "#arrow"},
				"south": {"uv": [2, 14, 5, 13], "rotation": 180, "texture": "#arrow"},
				"west": {"uv": [5, 14, 4, 13], "rotation": 180, "texture": "#arrow"},
				"down": {"uv": [5, 14, 2, 13], "texture": "#arrow"}
			}
		},
		{
			"name": "Box3",
			"from": [10, 5, 8.5],
			"to": [13, 6, 9.5],
			"rotation": {"angle": -45, "axis": "z", "origin": [8.5, 8, 8.5]},
			"faces": {
				"north": {"uv": [6, 12, 3, 11], "rotation": 180, "texture": "#arrow"},
				"east": {"uv": [3, 11, 4, 12], "texture": "#arrow"},
				"south": {"uv": [3, 12, 6, 11], "rotation": 180, "texture": "#arrow"},
				"west": {"uv": [6, 12, 5, 11], "rotation": 180, "texture": "#arrow"},
				"up": {"uv": [6, 11, 3, 12], "texture": "#arrow"}
			}
		},
		{
			"name": "Box4",
			"from": [12, 2, 8.5],
			"to": [13, 3, 9.5],
			"rotation": {"angle": -45, "axis": "z", "origin": [8.5, 8, 8.5]},
			"faces": {
				"north": {"uv": [3, 14, 4, 15], "texture": "#arrow"},
				"east": {"uv": [3, 14, 4, 15], "texture": "#arrow"},
				"south": {"uv": [3, 14, 4, 15], "texture": "#arrow"},
				"west": {"uv": [4, 15, 3, 14], "rotation": 180, "texture": "#arrow"},
				"down": {"uv": [4, 15, 3, 14], "texture": "#arrow"}
			}
		},
		{
			"name": "Box5",
			"from": [9, 6, 8.5],
			"to": [11, 7, 9.5],
			"rotation": {"angle": -45, "axis": "z", "origin": [8.5, 8, 8.5]},
			"faces": {
				"north": {"uv": [7, 11, 5, 10], "rotation": 180, "texture": "#arrow"},
				"east": {"uv": [5, 10, 6, 11], "texture": "#arrow"},
				"south": {"uv": [5, 11, 7, 10], "rotation": 180, "texture": "#arrow"},
				"west": {"uv": [7, 11, 6, 10], "rotation": 180, "texture": "#arrow"},
				"up": {"uv": [7, 10, 5, 11], "texture": "#arrow"},
				"down": {"uv": [7, 11, 5, 10], "texture": "#arrow"}
			}
		},
		{
			"name": "Box6",
			"from": [8, 7, 8.5],
			"to": [10, 8, 9.5],
			"rotation": {"angle": -45, "axis": "z", "origin": [8.5, 8, 8.5]},
			"faces": {
				"north": {"uv": [8, 10, 6, 9], "rotation": 180, "texture": "#arrow"},
				"east": {"uv": [6, 9, 7, 10], "texture": "#arrow"},
				"south": {"uv": [6, 10, 8, 9], "rotation": 180, "texture": "#arrow"},
				"west": {"uv": [8, 10, 7, 9], "rotation": 180, "texture": "#arrow"},
				"up": {"uv": [8, 9, 6, 10], "texture": "#arrow"},
				"down": {"uv": [8, 10, 6, 9], "texture": "#arrow"}
			}
		},
		{
			"name": "Box7",
			"from": [7, 8, 8.5],
			"to": [9, 9, 9.5],
			"rotation": {"angle": -45, "axis": "z", "origin": [8.5, 8, 8.5]},
			"faces": {
				"north": {"uv": [9, 9, 7, 8], "rotation": 180, "texture": "#arrow"},
				"east": {"uv": [7, 8, 8, 9], "texture": "#arrow"},
				"south": {"uv": [7, 9, 9, 8], "rotation": 180, "texture": "#arrow"},
				"west": {"uv": [9, 9, 8, 8], "rotation": 180, "texture": "#arrow"},
				"up": {"uv": [9, 8, 7, 9], "texture": "#arrow"},
				"down": {"uv": [9, 9, 7, 8], "texture": "#arrow"}
			}
		},
		{
			"name": "Box8",
			"from": [6, 9, 8.5],
			"to": [8, 10, 9.5],
			"rotation": {"angle": -45, "axis": "z", "origin": [8.5, 8, 8.5]},
			"faces": {
				"north": {"uv": [10, 8, 8, 7], "rotation": 180, "texture": "#arrow"},
				"east": {"uv": [8, 7, 9, 8], "texture": "#arrow"},
				"south": {"uv": [8, 8, 10, 7], "rotation": 180, "texture": "#arrow"},
				"west": {"uv": [10, 8, 9, 7], "rotation": 180, "texture": "#arrow"},
				"up": {"uv": [10, 7, 8, 8], "texture": "#arrow"},
				"down": {"uv": [10, 8, 8, 7], "texture": "#arrow"}
			}
		},
		{
			"name": "Box9",
			"from": [5, 10, 8.5],
			"to": [7, 11, 9.5],
			"rotation": {"angle": -45, "axis": "z", "origin": [8.5, 8, 8.5]},
			"faces": {
				"east": {"uv": [9, 6, 10, 7], "texture": "#arrow"},
				"south": {"uv": [9, 7, 11, 6], "rotation": 180, "texture": "#arrow"},
				"west": {"uv": [11, 7, 10, 6], "rotation": 180, "texture": "#arrow"},
				"up": {"uv": [11, 6, 9, 7], "texture": "#arrow"},
				"down": {"uv": [11, 7, 9, 6], "texture": "#arrow"}
			}
		},
		{
			"name": "Box10",
			"from": [1, 13, 8.5],
			"to": [6, 14, 9.5],
			"rotation": {"angle": -45, "axis": "z", "origin": [8.5, 8, 8.5]},
			"faces": {
				"north": {"uv": [15, 4, 10, 3], "rotation": 180, "texture": "#arrow"},
				"east": {"uv": [10, 3, 11, 4], "texture": "#arrow"},
				"south": {"uv": [10, 4, 15, 3], "rotation": 180, "texture": "#arrow"},
				"west": {"uv": [15, 4, 14, 3], "rotation": 180, "texture": "#arrow"},
				"up": {"uv": [15, 3, 10, 4], "texture": "#arrow"},
				"down": {"uv": [15, 4, 10, 3], "texture": "#arrow"}
			}
		},
		{
			"name": "Box11",
			"from": [2, 11, 8.5],
			"to": [6, 13, 9.5],
			"rotation": {"angle": -45, "axis": "z", "origin": [8.5, 8, 8.5]},
			"faces": {
				"north": {"uv": [14, 6, 10, 4], "rotation": 180, "texture": "#arrow"},
				"east": {"uv": [10, 4, 11, 6], "texture": "#arrow"},
				"south": {"uv": [10, 6, 14, 4], "rotation": 180, "texture": "#arrow"},
				"west": {"uv": [14, 6, 13, 4], "rotation": 180, "texture": "#arrow"},
				"down": {"uv": [14, 6, 10, 5], "texture": "#arrow"}
			}
		},
		{
			"name": "Box12",
			"from": [1, 14, 8.5],
			"to": [4, 15, 9.5],
			"rotation": {"angle": -45, "axis": "z", "origin": [8.5, 8, 8.5]},
			"faces": {
				"north": {"uv": [15, 3, 12, 2], "rotation": 180, "texture": "#arrow"},
				"east": {"uv": [12, 2, 13, 3], "texture": "#arrow"},
				"south": {"uv": [12, 3, 15, 2], "rotation": 180, "texture": "#arrow"},
				"west": {"uv": [15, 3, 14, 2], "rotation": 180, "texture": "#arrow"},
				"up": {"uv": [15, 2, 12, 3], "texture": "#arrow"}
			}
		},
		{
			"name": "Box13",
			"from": [3, 10, 8.5],
			"to": [4, 11, 9.5],
			"rotation": {"angle": -45, "axis": "z", "origin": [8.5, 8, 8.5]},
			"faces": {
				"north": {"uv": [13, 7, 12, 6], "rotation": 180, "texture": "#arrow"},
				"east": {"uv": [12, 6, 13, 7], "texture": "#arrow"},
				"south": {"uv": [12, 7, 13, 6], "rotation": 180, "texture": "#arrow"},
				"west": {"uv": [13, 7, 12, 6], "rotation": 180, "texture": "#arrow"},
				"down": {"uv": [13, 7, 12, 6], "texture": "#arrow"}
			}
		},
		{
			"from": [9.06066, 6.53198, 7.25],
			"to": [13.06066, 6.53198, 11.25],
			"rotation": {"angle": 45, "axis": "y", "origin": [9.56066, 11.18198, 12]},
			"faces": {
				"up": {"uv": [6, 3.5, 3.5, 6], "rotation": 180, "texture": "#particle"},
				"down": {"uv": [3.5, 3.5, 6, 6], "texture": "#particle"}
			}
		},
		{
			"from": [9.06066, 9.68198, 7.25],
			"to": [13.06066, 9.68198, 11.25],
			"rotation": {"angle": 45, "axis": "y", "origin": [9.56066, 11.18198, 12]},
			"faces": {
				"up": {"uv": [6, 3.5, 3.5, 6], "rotation": 180, "texture": "#particle"},
				"down": {"uv": [3.5, 3.5, 6, 6], "texture": "#particle"}
			}
		},
		{
			"name": "sacred_bow_pulling_1_0",
			"from": [11, 15, 7.5],
			"to": [17, 18, 8.5],
			"rotation": {"angle": -45, "axis": "z", "origin": [8.5, 8, 8]},
			"faces": {
				"north": {"uv": [12, 2.5, 9, 4], "texture": "#particle"},
				"east": {"uv": [11.5, 2.5, 12, 4], "texture": "#particle"},
				"south": {"uv": [9, 2.5, 12, 4], "texture": "#particle"},
				"west": {"uv": [9, 2.5, 9.5, 4], "texture": "#particle"},
				"up": {"uv": [9, 2.5, 12, 3], "texture": "#particle"},
				"down": {"uv": [9, 3.5, 12, 4], "texture": "#particle"}
			}
		},
		{
			"name": "sacred_bow_pulling_1_1",
			"from": [10, 12, 7.5],
			"to": [11, 17, 8.5],
			"rotation": {"angle": -45, "axis": "z", "origin": [8.5, 8, 8]},
			"faces": {
				"north": {"uv": [9, 3, 8.5, 5.5], "texture": "#particle"},
				"east": {"uv": [8.5, 3, 9, 5.5], "texture": "#particle"},
				"south": {"uv": [8.5, 3, 9, 5.5], "texture": "#particle"},
				"west": {"uv": [8.5, 3, 9, 5.5], "texture": "#particle"},
				"up": {"uv": [8.5, 3, 9, 3.5], "texture": "#particle"},
				"down": {"uv": [8.5, 5, 9, 5.5], "texture": "#particle"}
			}
		},
		{
			"name": "sacred_bow_pulling_1_2",
			"from": [17, 15, 7.5],
			"to": [18, 17, 8.5],
			"rotation": {"angle": -45, "axis": "z", "origin": [8.5, 8, 8]},
			"faces": {
				"north": {"uv": [12.5, 3, 12, 4], "texture": "#particle"},
				"east": {"uv": [12, 3, 12.5, 4], "texture": "#particle"},
				"south": {"uv": [12, 3, 12.5, 4], "texture": "#particle"},
				"up": {"uv": [12, 3, 12.5, 3.5], "texture": "#particle"},
				"down": {"uv": [12, 3.5, 12.5, 4], "texture": "#particle"}
			}
		},
		{
			"name": "sacred_bow_pulling_1_4",
			"from": [9, 12, 7.5],
			"to": [10, 16, 8.5],
			"rotation": {"angle": -45, "axis": "z", "origin": [8.5, 8, 8]},
			"faces": {
				"north": {"uv": [8.5, 3.5, 8, 5.5], "texture": "#particle"},
				"south": {"uv": [8, 3.5, 8.5, 5.5], "texture": "#particle"},
				"west": {"uv": [8, 3.5, 8.5, 5.5], "texture": "#particle"},
				"up": {"uv": [8, 3.5, 8.5, 4], "texture": "#particle"},
				"down": {"uv": [8, 5, 8.5, 5.5], "texture": "#particle"}
			}
		},
		{
			"name": "sacred_bow_pulling_1_5",
			"from": [18, 15, 7.5],
			"to": [19, 16, 8.5],
			"rotation": {"angle": -45, "axis": "z", "origin": [8.5, 8, 8]},
			"faces": {
				"north": {"uv": [13, 3.5, 12.5, 4], "texture": "#particle"},
				"east": {"uv": [12.5, 3.5, 13, 4], "texture": "#particle"},
				"south": {"uv": [12.5, 3.5, 13, 4], "texture": "#particle"},
				"up": {"uv": [12.5, 3.5, 13, 4], "texture": "#particle"},
				"down": {"uv": [12.5, 3.5, 13, 4], "texture": "#particle"}
			}
		},
		{
			"name": "sacred_bow_pulling_1_8",
			"from": [8, 11, 7.5],
			"to": [9, 15, 8.5],
			"rotation": {"angle": -45, "axis": "z", "origin": [8.5, 8, 8]},
			"faces": {
				"north": {"uv": [8, 4, 7.5, 6], "texture": "#particle"},
				"east": {"uv": [7.5, 4, 8, 6], "texture": "#particle"},
				"south": {"uv": [7.5, 4, 8, 6], "texture": "#particle"},
				"west": {"uv": [7.5, 4, 8, 6], "texture": "#particle"},
				"up": {"uv": [7.5, 4, 8, 4.5], "texture": "#particle"},
				"down": {"uv": [7.5, 5.5, 8, 6], "texture": "#particle"}
			}
		},
		{
			"name": "sacred_bow_pulling_1_9",
			"from": [11, 14, 7.5],
			"to": [14, 15, 8.5],
			"rotation": {"angle": -45, "axis": "z", "origin": [8.5, 8, 8]},
			"faces": {
				"north": {"uv": [10.5, 4, 9, 4.5], "texture": "#particle"},
				"east": {"uv": [10, 4, 10.5, 4.5], "texture": "#particle"},
				"south": {"uv": [9, 4, 10.5, 4.5], "texture": "#particle"},
				"down": {"uv": [9, 4, 10.5, 4.5], "texture": "#particle"}
			}
		},
		{
			"name": "sacred_bow_pulling_1_10",
			"from": [16, 11, 7.5],
			"to": [17, 15, 8.5],
			"rotation": {"angle": -45, "axis": "z", "origin": [8.5, 8, 8]},
			"faces": {
				"north": {"uv": [12, 4, 11.5, 6], "texture": "#particle"},
				"east": {"uv": [11.5, 4, 12, 6], "texture": "#particle"},
				"south": {"uv": [11.5, 4, 12, 6], "texture": "#particle"},
				"west": {"uv": [11.5, 4, 12, 6], "texture": "#particle"},
				"down": {"uv": [11.5, 5.5, 12, 6], "texture": "#particle"}
			}
		},
		{
			"name": "sacred_bow_pulling_1_11",
			"from": [11, 13, 7.5],
			"to": [12, 14, 8.5],
			"rotation": {"angle": -45, "axis": "z", "origin": [8.5, 8, 8]},
			"faces": {
				"north": {"uv": [9.5, 4.5, 9, 5], "texture": "#particle"},
				"east": {"uv": [9, 4.5, 9.5, 5], "texture": "#particle"},
				"south": {"uv": [9, 4.5, 9.5, 5], "texture": "#particle"},
				"down": {"uv": [9, 4.5, 9.5, 5], "texture": "#particle"}
			}
		},
		{
			"name": "sacred_bow_pulling_1_12",
			"from": [6, 10, 7.5],
			"to": [8, 13, 8.5],
			"rotation": {"angle": -45, "axis": "z", "origin": [8.5, 8, 8]},
			"faces": {
				"north": {"uv": [7.5, 5, 6.5, 6.5], "texture": "#particle"},
				"east": {"uv": [7, 5, 7.5, 6.5], "texture": "#particle"},
				"south": {"uv": [6.5, 5, 7.5, 6.5], "texture": "#particle"},
				"west": {"uv": [6.5, 5, 7, 6.5], "texture": "#particle"},
				"up": {"uv": [6.5, 5, 7.5, 5.5], "texture": "#particle"},
				"down": {"uv": [6.5, 6, 7.5, 6.5], "texture": "#particle"}
			}
		},
		{
			"name": "sacred_bow_pulling_1_14",
			"from": [5, 8, 7.5],
			"to": [6, 11, 8.5],
			"rotation": {"angle": -45, "axis": "z", "origin": [8.5, 8, 8]},
			"faces": {
				"north": {"uv": [6.5, 6, 6, 7.5], "texture": "#particle"},
				"east": {"uv": [6, 6, 6.5, 7.5], "texture": "#particle"},
				"south": {"uv": [6, 6, 6.5, 7.5], "texture": "#particle"},
				"west": {"uv": [6, 6, 6.5, 7.5], "texture": "#particle"},
				"up": {"uv": [6, 6, 6.5, 6.5], "texture": "#particle"},
				"down": {"uv": [6, 7, 6.5, 7.5], "texture": "#particle"}
			}
		},
		{
			"name": "sacred_bow_pulling_1_15",
			"from": [15, 7, 7.5],
			"to": [16, 11, 8.5],
			"rotation": {"angle": -45, "axis": "z", "origin": [8.5, 8, 8]},
			"faces": {
				"north": {"uv": [11.5, 6, 11, 8], "texture": "#particle"},
				"east": {"uv": [11, 6, 11.5, 8], "texture": "#particle"},
				"south": {"uv": [11, 6, 11.5, 8], "texture": "#particle"},
				"west": {"uv": [11, 6, 11.5, 8], "texture": "#particle"},
				"up": {"uv": [11, 6, 11.5, 6.5], "texture": "#particle"},
				"down": {"uv": [11, 7.5, 11.5, 8], "texture": "#particle"}
			}
		},
		{
			"name": "sacred_bow_pulling_1_16",
			"from": [3, 7, 7.5],
			"to": [5, 10, 8.5],
			"rotation": {"angle": -45, "axis": "z", "origin": [8.5, 8, 8]},
			"faces": {
				"north": {"uv": [6, 6.5, 5, 8], "texture": "#particle"},
				"east": {"uv": [5.5, 6.5, 6, 8], "texture": "#particle"},
				"south": {"uv": [5, 6.5, 6, 8], "texture": "#particle"},
				"west": {"uv": [5, 6.5, 5.5, 8], "texture": "#particle"},
				"up": {"uv": [5, 6.5, 6, 7], "texture": "#particle"},
				"down": {"uv": [5, 7.5, 6, 8], "texture": "#particle"}
			}
		},
		{
			"name": "sacred_bow_pulling_1_17",
			"from": [6, 9, 7.5],
			"to": [7, 10, 8.5],
			"rotation": {"angle": -45, "axis": "z", "origin": [8.5, 8, 8]},
			"faces": {
				"north": {"uv": [7, 6.5, 6.5, 7], "texture": "#particle"},
				"east": {"uv": [6.5, 6.5, 7, 7], "texture": "#particle"},
				"down": {"uv": [6.5, 6.5, 7, 7], "texture": "#particle"}
			}
		},
		{
			"name": "sacred_bow_pulling_1_18",
			"from": [1, 4, 7.5],
			"to": [3, 8, 8.5],
			"rotation": {"angle": -45, "axis": "z", "origin": [8.5, 8, 8]},
			"faces": {
				"north": {"uv": [5, 7.5, 4, 9.5], "texture": "#particle"},
				"east": {"uv": [4.5, 7.5, 5, 9.5], "texture": "#particle"},
				"south": {"uv": [4, 7.5, 5, 9.5], "texture": "#particle"},
				"west": {"uv": [4, 7.5, 4.5, 9.5], "texture": "#particle"},
				"up": {"uv": [4, 7.5, 5, 8], "texture": "#particle"},
				"down": {"uv": [4, 9, 5, 9.5], "texture": "#particle"}
			}
		},
		{
			"name": "sacred_bow_pulling_1_19",
			"from": [0, -3, 7.5],
			"to": [1, 7, 8.5],
			"rotation": {"angle": -45, "axis": "z", "origin": [8.5, 8, 8]},
			"faces": {
				"north": {"uv": [4, 8, 3.5, 13], "texture": "#particle"},
				"east": {"uv": [3.5, 8, 4, 13], "texture": "#particle"},
				"south": {"uv": [3.5, 8, 4, 13], "texture": "#particle"},
				"west": {"uv": [3.5, 8, 4, 13], "texture": "#particle"},
				"up": {"uv": [3.5, 8, 4, 8.5], "texture": "#particle"},
				"down": {"uv": [3.5, 12.5, 4, 13], "texture": "#particle"}
			}
		},
		{
			"name": "sacred_bow_pulling_1_20",
			"from": [3, 5, 7.5],
			"to": [4, 7, 8.5],
			"rotation": {"angle": -45, "axis": "z", "origin": [8.5, 8, 8]},
			"faces": {
				"north": {"uv": [5.5, 8, 5, 9], "texture": "#particle"},
				"east": {"uv": [5, 8, 5.5, 9], "texture": "#particle"},
				"south": {"uv": [5, 8, 5.5, 9], "texture": "#particle"},
				"down": {"uv": [5, 8.5, 5.5, 9], "texture": "#particle"}
			}
		},
		{
			"name": "sacred_bow_pulling_1_21",
			"from": [14, 3, 7.5],
			"to": [15, 7, 8.5],
			"rotation": {"angle": -45, "axis": "z", "origin": [8.5, 8, 8]},
			"faces": {
				"north": {"uv": [11, 8, 10.5, 10], "texture": "#particle"},
				"east": {"uv": [10.5, 8, 11, 10], "texture": "#particle"},
				"south": {"uv": [10.5, 8, 11, 10], "texture": "#particle"},
				"west": {"uv": [10.5, 8, 11, 10], "texture": "#particle"},
				"up": {"uv": [10.5, 8, 11, 8.5], "texture": "#particle"},
				"down": {"uv": [10.5, 9.5, 11, 10], "texture": "#particle"}
			}
		},
		{
			"name": "sacred_bow_pulling_1_22",
			"from": [-1, -2, 7.5],
			"to": [0, 6, 8.5],
			"rotation": {"angle": -45, "axis": "z", "origin": [8.5, 8, 8]},
			"faces": {
				"north": {"uv": [3.5, 8.5, 3, 12.5], "texture": "#particle"},
				"south": {"uv": [3, 8.5, 3.5, 12.5], "texture": "#particle"},
				"west": {"uv": [3, 8.5, 3.5, 12.5], "texture": "#particle"},
				"up": {"uv": [3, 8.5, 3.5, 9], "texture": "#particle"},
				"down": {"uv": [3, 12, 3.5, 12.5], "texture": "#particle"}
			}
		},
		{
			"name": "sacred_bow_pulling_1_23",
			"from": [-2, -1, 7.5],
			"to": [-1, 5, 8.5],
			"rotation": {"angle": -45, "axis": "z", "origin": [8.5, 8, 8]},
			"faces": {
				"north": {"uv": [3, 9, 2.5, 12], "texture": "#particle"},
				"south": {"uv": [2.5, 9, 3, 12], "texture": "#particle"},
				"west": {"uv": [2.5, 9, 3, 12], "texture": "#particle"},
				"up": {"uv": [2.5, 9, 3, 9.5], "texture": "#particle"},
				"down": {"uv": [2.5, 11.5, 3, 12], "texture": "#particle"}
			}
		},
		{
			"name": "sacred_bow_pulling_1_24",
			"from": [1, 2, 7.5],
			"to": [2, 4, 8.5],
			"rotation": {"angle": -45, "axis": "z", "origin": [8.5, 8, 8]},
			"faces": {
				"north": {"uv": [4.5, 9.5, 4, 10.5], "texture": "#particle"},
				"east": {"uv": [4, 9.5, 4.5, 10.5], "texture": "#particle"},
				"south": {"uv": [4, 9.5, 4.5, 10.5], "texture": "#particle"},
				"down": {"uv": [4, 10, 4.5, 10.5], "texture": "#particle"}
			}
		},
		{
			"name": "sacred_bow_pulling_1_25",
			"from": [13, 2, 7.5],
			"to": [14, 3, 8.5],
			"rotation": {"angle": -45, "axis": "z", "origin": [8.5, 8, 8]},
			"faces": {
				"north": {"uv": [10.5, 10, 10, 10.5], "texture": "#particle"},
				"east": {"uv": [10, 10, 10.5, 10.5], "texture": "#particle"},
				"south": {"uv": [10, 10, 10.5, 10.5], "texture": "#particle"},
				"west": {"uv": [10, 10, 10.5, 10.5], "texture": "#particle"},
				"up": {"uv": [10, 10, 10.5, 10.5], "texture": "#particle"},
				"down": {"uv": [10, 10, 10.5, 10.5], "texture": "#particle"}
			}
		},
		{
			"name": "sacred_bow_pulling_1_26",
			"from": [9, 1, 7.5],
			"to": [13, 2, 8.5],
			"rotation": {"angle": -45, "axis": "z", "origin": [8.5, 8, 8]},
			"faces": {
				"north": {"uv": [10, 10.5, 8, 11], "texture": "#particle"},
				"east": {"uv": [9.5, 10.5, 10, 11], "texture": "#particle"},
				"south": {"uv": [8, 10.5, 10, 11], "texture": "#particle"},
				"west": {"uv": [8, 10.5, 8.5, 11], "texture": "#particle"},
				"up": {"uv": [8, 10.5, 10, 11], "texture": "#particle"},
				"down": {"uv": [8, 10.5, 10, 11], "texture": "#particle"}
			}
		},
		{
			"name": "sacred_bow_pulling_1_27",
			"from": [5, 0, 7.5],
			"to": [9, 1, 8.5],
			"rotation": {"angle": -45, "axis": "z", "origin": [8.5, 8, 8]},
			"faces": {
				"north": {"uv": [8, 11, 6, 11.5], "texture": "#particle"},
				"east": {"uv": [7.5, 11, 8, 11.5], "texture": "#particle"},
				"south": {"uv": [6, 11, 8, 11.5], "texture": "#particle"},
				"west": {"uv": [6, 11, 6.5, 11.5], "texture": "#particle"},
				"up": {"uv": [6, 11, 8, 11.5], "texture": "#particle"},
				"down": {"uv": [6, 11, 8, 11.5], "texture": "#particle"}
			}
		},
		{
			"name": "sacred_bow_pulling_1_28",
			"from": [1, -1, 7.5],
			"to": [5, 0, 8.5],
			"rotation": {"angle": -45, "axis": "z", "origin": [8.5, 8, 8]},
			"faces": {
				"north": {"uv": [6, 11.5, 4, 12], "texture": "#particle"},
				"east": {"uv": [5.5, 11.5, 6, 12], "texture": "#particle"},
				"south": {"uv": [4, 11.5, 6, 12], "texture": "#particle"},
				"up": {"uv": [4, 11.5, 6, 12], "texture": "#particle"},
				"down": {"uv": [4, 11.5, 6, 12], "texture": "#particle"}
			}
		}
	],
	"gui_light": "front",
	"display": {
		"thirdperson_righthand": {
			"rotation": [-80, 260, 5],
			"translation": [-2, -2.5, 3.25],
			"scale": [0.9, 0.9, 0.9]
		},
		"thirdperson_lefthand": {
			"rotation": [-80, 260, 5],
			"translation": [-2, -2.5, 3.25],
			"scale": [0.9, 0.9, 0.9]
		},
		"firstperson_righthand": {
			"rotation": [0, -90, 70],
			"translation": [3.13, 3.2, 2.13],
			"scale": [0.68, 0.68, 0.68]
		},
		"firstperson_lefthand": {
			"rotation": [-67, -35, 7],
			"translation": [0, 1.25, 2.13],
			"scale": [0.68, 0.68, 0.68]
		},
		"gui": {
			"rotation": [10, -25, 47],
			"translation": [-0.125, 0, 0],
			"scale": [0.86, 0.86, 0.86]
		}
	}
}