{
	"credit": "Created by Mickey Joe Alpha - http://YouTube.com/@MushirMickeyJoe",
	"texture_size": [32, 32],
	"textures": {
		"particle": "item/bow/sacred_bow_pulling_0",
		"arrow": "item/arrow"
	},
	"elements": [
		{
			"name": "Box1",
			"from": [6.5, 4.5, 8.5],
			"to": [7.5, 8.5, 9.5],
			"rotation": {"angle": 45, "axis": "z", "origin": [8.5, 8, 10]},
			"faces": {
				"north": {"uv": [6, 13, 2, 12], "rotation": 90, "texture": "#arrow"},
				"east": {"uv": [6, 12, 2, 13], "rotation": 90, "texture": "#arrow"},
				"south": {"uv": [2, 13, 6, 12], "rotation": 270, "texture": "#arrow"},
				"west": {"uv": [6, 13, 2, 12], "rotation": 90, "texture": "#arrow"},
				"up": {"uv": [6, 13, 5, 12], "rotation": 270, "texture": "#arrow"},
				"down": {"uv": [2, 12, 3, 13], "rotation": 90, "texture": "#arrow"}
			}
		},
		{
			"name": "Box2",
			"from": [5.5, 4.5, 8.5],
			"to": [6.5, 7.5, 9.5],
			"rotation": {"angle": 45, "axis": "z", "origin": [8.5, 8, 10]},
			"faces": {
				"north": {"uv": [5, 14, 2, 13], "rotation": 90, "texture": "#arrow"},
				"south": {"uv": [2, 14, 5, 13], "rotation": 270, "texture": "#arrow"},
				"west": {"uv": [5, 14, 2, 13], "rotation": 90, "texture": "#arrow"},
				"up": {"uv": [5, 14, 4, 13], "rotation": 270, "texture": "#arrow"},
				"down": {"uv": [2, 13, 3, 14], "rotation": 90, "texture": "#arrow"}
			}
		},
		{
			"name": "Box3",
			"from": [7.5, 5.5, 8.5],
			"to": [8.5, 8.5, 9.5],
			"rotation": {"angle": 45, "axis": "z", "origin": [8.5, 8, 10]},
			"faces": {
				"north": {"uv": [6, 12, 3, 11], "rotation": 90, "texture": "#arrow"},
				"east": {"uv": [6, 11, 3, 12], "rotation": 90, "texture": "#arrow"},
				"south": {"uv": [3, 12, 6, 11], "rotation": 270, "texture": "#arrow"},
				"up": {"uv": [6, 12, 5, 11], "rotation": 270, "texture": "#arrow"},
				"down": {"uv": [3, 11, 4, 12], "rotation": 90, "texture": "#arrow"}
			}
		},
		{
			"name": "Box4",
			"from": [4.5, 5.5, 8.5],
			"to": [5.5, 6.5, 9.5],
			"rotation": {"angle": 45, "axis": "z", "origin": [8.5, 8, 10]},
			"faces": {
				"north": {"uv": [3, 15, 4, 14], "rotation": 270, "texture": "#arrow"},
				"south": {"uv": [3, 14, 4, 15], "rotation": 90, "texture": "#arrow"},
				"west": {"uv": [4, 15, 3, 14], "rotation": 90, "texture": "#arrow"},
				"up": {"uv": [4, 15, 3, 14], "rotation": 270, "texture": "#arrow"},
				"down": {"uv": [3, 14, 4, 15], "rotation": 90, "texture": "#arrow"}
			}
		},
		{
			"name": "Box5",
			"from": [8.5, 7.5, 8.5],
			"to": [9.5, 9.5, 9.5],
			"rotation": {"angle": 45, "axis": "z", "origin": [8.5, 8, 10]},
			"faces": {
				"north": {"uv": [7, 11, 5, 10], "rotation": 90, "texture": "#arrow"},
				"east": {"uv": [7, 10, 5, 11], "rotation": 90, "texture": "#arrow"},
				"south": {"uv": [5, 11, 7, 10], "rotation": 270, "texture": "#arrow"},
				"west": {"uv": [7, 11, 5, 10], "rotation": 90, "texture": "#arrow"},
				"up": {"uv": [7, 11, 6, 10], "rotation": 270, "texture": "#arrow"},
				"down": {"uv": [5, 10, 6, 11], "rotation": 90, "texture": "#arrow"}
			}
		},
		{
			"name": "Box6",
			"from": [9.5, 8.5, 8.5],
			"to": [10.5, 10.5, 9.5],
			"rotation": {"angle": 45, "axis": "z", "origin": [8.5, 8, 10]},
			"faces": {
				"north": {"uv": [8, 10, 6, 9], "rotation": 90, "texture": "#arrow"},
				"east": {"uv": [8, 9, 6, 10], "rotation": 90, "texture": "#arrow"},
				"south": {"uv": [6, 10, 8, 9], "rotation": 270, "texture": "#arrow"},
				"west": {"uv": [8, 10, 6, 9], "rotation": 90, "texture": "#arrow"},
				"up": {"uv": [8, 10, 7, 9], "rotation": 270, "texture": "#arrow"},
				"down": {"uv": [6, 9, 7, 10], "rotation": 90, "texture": "#arrow"}
			}
		},
		{
			"name": "Box7",
			"from": [10.5, 9.5, 8.5],
			"to": [11.5, 11.5, 9.5],
			"rotation": {"angle": 45, "axis": "z", "origin": [8.5, 8, 10]},
			"faces": {
				"east": {"uv": [9, 8, 7, 9], "rotation": 90, "texture": "#arrow"},
				"south": {"uv": [7, 9, 9, 8], "rotation": 270, "texture": "#arrow"},
				"west": {"uv": [9, 9, 7, 8], "rotation": 90, "texture": "#arrow"},
				"up": {"uv": [9, 9, 8, 8], "rotation": 270, "texture": "#arrow"},
				"down": {"uv": [7, 8, 8, 9], "rotation": 90, "texture": "#arrow"}
			}
		},
		{
			"name": "Box8",
			"from": [11.5, 10.5, 8.5],
			"to": [12.5, 12.5, 9.5],
			"rotation": {"angle": 45, "axis": "z", "origin": [8.5, 8, 10]},
			"faces": {
				"north": {"uv": [8, 7, 9, 8], "rotation": 270, "texture": "#arrow"},
				"east": {"uv": [10, 7, 8, 8], "rotation": 90, "texture": "#arrow"},
				"south": {"uv": [8, 8, 10, 7], "rotation": 270, "texture": "#arrow"},
				"west": {"uv": [10, 8, 8, 7], "rotation": 90, "texture": "#arrow"},
				"up": {"uv": [10, 8, 9, 7], "rotation": 270, "texture": "#arrow"},
				"down": {"uv": [8, 7, 9, 8], "rotation": 90, "texture": "#arrow"}
			}
		},
		{
			"name": "Box9",
			"from": [12.5, 11.5, 8.5],
			"to": [13.5, 13.5, 9.5],
			"rotation": {"angle": 45, "axis": "z", "origin": [8.5, 8, 10]},
			"faces": {
				"north": {"uv": [11, 7, 9, 6], "rotation": 90, "texture": "#arrow"},
				"east": {"uv": [11, 6, 9, 7], "rotation": 90, "texture": "#arrow"},
				"south": {"uv": [9, 7, 11, 6], "rotation": 270, "texture": "#arrow"},
				"west": {"uv": [11, 7, 9, 6], "rotation": 90, "texture": "#arrow"},
				"up": {"uv": [11, 7, 10, 6], "rotation": 270, "texture": "#arrow"},
				"down": {"uv": [9, 6, 10, 7], "rotation": 90, "texture": "#arrow"}
			}
		},
		{
			"name": "Box10",
			"from": [15.5, 12.5, 8.5],
			"to": [16.5, 17.5, 9.5],
			"rotation": {"angle": 45, "axis": "z", "origin": [8.5, 8, 10]},
			"faces": {
				"north": {"uv": [15, 4, 10, 3], "rotation": 90, "texture": "#arrow"},
				"east": {"uv": [15, 3, 10, 4], "rotation": 90, "texture": "#arrow"},
				"south": {"uv": [10, 4, 15, 3], "rotation": 270, "texture": "#arrow"},
				"west": {"uv": [15, 4, 10, 3], "rotation": 90, "texture": "#arrow"},
				"up": {"uv": [15, 4, 14, 3], "rotation": 270, "texture": "#arrow"},
				"down": {"uv": [10, 3, 11, 4], "rotation": 90, "texture": "#arrow"}
			}
		},
		{
			"name": "Box11",
			"from": [13.5, 12.5, 8.5],
			"to": [15.5, 16.5, 9.5],
			"rotation": {"angle": 45, "axis": "z", "origin": [8.5, 8, 10]},
			"faces": {
				"north": {"uv": [14, 6, 10, 4], "rotation": 90, "texture": "#arrow"},
				"south": {"uv": [10, 6, 14, 4], "rotation": 270, "texture": "#arrow"},
				"west": {"uv": [14, 6, 10, 5], "rotation": 90, "texture": "#arrow"},
				"up": {"uv": [14, 6, 13, 4], "rotation": 270, "texture": "#arrow"},
				"down": {"uv": [10, 4, 11, 6], "rotation": 90, "texture": "#arrow"}
			}
		},
		{
			"name": "Box12",
			"from": [16.5, 14.5, 8.5],
			"to": [17.5, 17.5, 9.5],
			"rotation": {"angle": 45, "axis": "z", "origin": [8.5, 8, 10]},
			"faces": {
				"north": {"uv": [15, 3, 12, 2], "rotation": 90, "texture": "#arrow"},
				"east": {"uv": [15, 2, 12, 3], "rotation": 90, "texture": "#arrow"},
				"south": {"uv": [12, 3, 15, 2], "rotation": 270, "texture": "#arrow"},
				"up": {"uv": [15, 3, 14, 2], "rotation": 270, "texture": "#arrow"},
				"down": {"uv": [12, 2, 13, 3], "rotation": 90, "texture": "#arrow"}
			}
		},
		{
			"name": "Box13",
			"from": [12.5, 14.5, 8.5],
			"to": [13.5, 15.5, 9.5],
			"rotation": {"angle": 45, "axis": "z", "origin": [8.5, 8, 10]},
			"faces": {
				"north": {"uv": [13, 7, 12, 6], "rotation": 90, "texture": "#arrow"},
				"south": {"uv": [12, 7, 13, 6], "rotation": 270, "texture": "#arrow"},
				"west": {"uv": [13, 7, 12, 6], "rotation": 90, "texture": "#arrow"},
				"up": {"uv": [13, 7, 12, 6], "rotation": 270, "texture": "#arrow"},
				"down": {"uv": [12, 6, 13, 7], "rotation": 90, "texture": "#arrow"}
			}
		},
		{
			"name": "sacred_bow_pulling_0_0",
			"from": [15.5, -0.5, 7.5],
			"to": [18.5, 5.5, 8.5],
			"rotation": {"angle": 45, "axis": "z", "origin": [8.5, 8, 10]},
			"faces": {
				"north": {"uv": [12, 2.5, 9, 4], "rotation": 270, "texture": "#particle"},
				"east": {"uv": [9, 2.5, 12, 3], "rotation": 90, "texture": "#particle"},
				"south": {"uv": [9, 2.5, 12, 4], "rotation": 90, "texture": "#particle"},
				"west": {"uv": [9, 3.5, 12, 4], "rotation": 90, "texture": "#particle"},
				"up": {"uv": [9, 2.5, 9.5, 4], "rotation": 90, "texture": "#particle"},
				"down": {"uv": [11.5, 2.5, 12, 4], "rotation": 90, "texture": "#particle"}
			}
		},
		{
			"name": "sacred_bow_pulling_0_1",
			"from": [12.5, 5.5, 7.5],
			"to": [17.5, 6.5, 8.5],
			"rotation": {"angle": 45, "axis": "z", "origin": [8.5, 8, 10]},
			"faces": {
				"north": {"uv": [9, 3, 8.5, 5.5], "rotation": 270, "texture": "#particle"},
				"east": {"uv": [8.5, 3, 9, 3.5], "rotation": 90, "texture": "#particle"},
				"south": {"uv": [8.5, 3, 9, 5.5], "rotation": 90, "texture": "#particle"},
				"west": {"uv": [8.5, 5, 9, 5.5], "rotation": 90, "texture": "#particle"},
				"up": {"uv": [8.5, 3, 9, 5.5], "rotation": 90, "texture": "#particle"},
				"down": {"uv": [8.5, 3, 9, 5.5], "rotation": 90, "texture": "#particle"}
			}
		},
		{
			"name": "sacred_bow_pulling_0_2",
			"from": [15.5, -1.5, 7.5],
			"to": [17.5, -0.5, 8.5],
			"rotation": {"angle": 45, "axis": "z", "origin": [8.5, 8, 10]},
			"faces": {
				"north": {"uv": [12.5, 3, 12, 4], "rotation": 270, "texture": "#particle"},
				"east": {"uv": [12, 3, 12.5, 3.5], "rotation": 90, "texture": "#particle"},
				"south": {"uv": [12, 3, 12.5, 4], "rotation": 90, "texture": "#particle"},
				"west": {"uv": [12, 3.5, 12.5, 4], "rotation": 90, "texture": "#particle"},
				"down": {"uv": [12, 3, 12.5, 4], "rotation": 90, "texture": "#particle"}
			}
		},
		{
			"name": "sacred_bow_pulling_0_4",
			"from": [12.5, 6.5, 7.5],
			"to": [16.5, 7.5, 8.5],
			"rotation": {"angle": 45, "axis": "z", "origin": [8.5, 8, 10]},
			"faces": {
				"north": {"uv": [8.5, 3.5, 8, 5.5], "rotation": 270, "texture": "#particle"},
				"east": {"uv": [8, 3.5, 8.5, 4], "rotation": 90, "texture": "#particle"},
				"south": {"uv": [8, 3.5, 8.5, 5.5], "rotation": 90, "texture": "#particle"},
				"west": {"uv": [8, 5, 8.5, 5.5], "rotation": 90, "texture": "#particle"},
				"up": {"uv": [8, 3.5, 8.5, 5.5], "rotation": 90, "texture": "#particle"}
			}
		},
		{
			"name": "sacred_bow_pulling_0_5",
			"from": [15.5, -2.5, 7.5],
			"to": [16.5, -1.5, 8.5],
			"rotation": {"angle": 45, "axis": "z", "origin": [8.5, 8, 10]},
			"faces": {
				"north": {"uv": [13, 3.5, 12.5, 4], "rotation": 270, "texture": "#particle"},
				"east": {"uv": [12.5, 3.5, 13, 4], "rotation": 90, "texture": "#particle"},
				"south": {"uv": [12.5, 3.5, 13, 4], "rotation": 90, "texture": "#particle"},
				"west": {"uv": [12.5, 3.5, 13, 4], "rotation": 90, "texture": "#particle"},
				"down": {"uv": [12.5, 3.5, 13, 4], "rotation": 90, "texture": "#particle"}
			}
		},
		{
			"name": "sacred_bow_pulling_0_8",
			"from": [11.5, 7.5, 7.5],
			"to": [15.5, 8.5, 8.5],
			"rotation": {"angle": 45, "axis": "z", "origin": [8.5, 8, 10]},
			"faces": {
				"north": {"uv": [8, 4, 7.5, 6], "rotation": 270, "texture": "#particle"},
				"east": {"uv": [7.5, 4, 8, 4.5], "rotation": 90, "texture": "#particle"},
				"south": {"uv": [7.5, 4, 8, 6], "rotation": 90, "texture": "#particle"},
				"west": {"uv": [7.5, 5.5, 8, 6], "rotation": 90, "texture": "#particle"},
				"up": {"uv": [7.5, 4, 8, 6], "rotation": 90, "texture": "#particle"},
				"down": {"uv": [7.5, 4, 8, 6], "rotation": 90, "texture": "#particle"}
			}
		},
		{
			"name": "sacred_bow_pulling_0_9",
			"from": [14.5, 2.5, 7.5],
			"to": [15.5, 5.5, 8.5],
			"rotation": {"angle": 45, "axis": "z", "origin": [8.5, 8, 10]},
			"faces": {
				"north": {"uv": [10.5, 4, 9, 4.5], "rotation": 270, "texture": "#particle"},
				"south": {"uv": [9, 4, 10.5, 4.5], "rotation": 90, "texture": "#particle"},
				"west": {"uv": [9, 4, 10.5, 4.5], "rotation": 90, "texture": "#particle"},
				"down": {"uv": [10, 4, 10.5, 4.5], "rotation": 90, "texture": "#particle"}
			}
		},
		{
			"name": "sacred_bow_pulling_0_10",
			"from": [13.5, -0.5, 7.5],
			"to": [15.5, 0.5, 8.5],
			"rotation": {"angle": 45, "axis": "z", "origin": [8.5, 8, 10]},
			"faces": {
				"north": {"uv": [12, 4, 11.5, 5], "rotation": 270, "texture": "#particle"},
				"south": {"uv": [11.5, 4, 12, 5], "rotation": 90, "texture": "#particle"},
				"west": {"uv": [11.5, 4.5, 12, 5], "rotation": 90, "texture": "#particle"},
				"up": {"uv": [11.5, 4, 12, 5], "rotation": 90, "texture": "#particle"},
				"down": {"uv": [11.5, 4, 12, 5], "rotation": 90, "texture": "#particle"}
			}
		},
		{
			"name": "sacred_bow_pulling_0_11",
			"from": [13.5, 4.5, 7.5],
			"to": [14.5, 5.5, 8.5],
			"rotation": {"angle": 45, "axis": "z", "origin": [8.5, 8, 10]},
			"faces": {
				"north": {"uv": [9.5, 4.5, 9, 5], "rotation": 270, "texture": "#particle"},
				"south": {"uv": [9, 4.5, 9.5, 5], "rotation": 90, "texture": "#particle"},
				"west": {"uv": [9, 4.5, 9.5, 5], "rotation": 90, "texture": "#particle"},
				"down": {"uv": [9, 4.5, 9.5, 5], "rotation": 90, "texture": "#particle"}
			}
		},
		{
			"name": "sacred_bow_pulling_0_12",
			"from": [10.5, 8.5, 7.5],
			"to": [13.5, 10.5, 8.5],
			"rotation": {"angle": 45, "axis": "z", "origin": [8.5, 8, 10]},
			"faces": {
				"north": {"uv": [7.5, 5, 6.5, 6.5], "rotation": 270, "texture": "#particle"},
				"east": {"uv": [6.5, 5, 7.5, 5.5], "rotation": 90, "texture": "#particle"},
				"south": {"uv": [6.5, 5, 7.5, 6.5], "rotation": 90, "texture": "#particle"},
				"west": {"uv": [6.5, 6, 7.5, 6.5], "rotation": 90, "texture": "#particle"},
				"up": {"uv": [6.5, 5, 7, 6.5], "rotation": 90, "texture": "#particle"},
				"down": {"uv": [7, 5, 7.5, 6.5], "rotation": 90, "texture": "#particle"}
			}
		},
		{
			"name": "sacred_bow_pulling_0_13",
			"from": [11.5, 0.5, 7.5],
			"to": [13.5, 1.5, 8.5],
			"rotation": {"angle": 45, "axis": "z", "origin": [8.5, 8, 10]},
			"faces": {
				"north": {"uv": [11.5, 5, 11, 6], "rotation": 270, "texture": "#particle"},
				"east": {"uv": [11, 5, 11.5, 5.5], "rotation": 90, "texture": "#particle"},
				"south": {"uv": [11, 5, 11.5, 6], "rotation": 90, "texture": "#particle"},
				"west": {"uv": [11, 5.5, 11.5, 6], "rotation": 90, "texture": "#particle"},
				"up": {"uv": [11, 5, 11.5, 6], "rotation": 90, "texture": "#particle"},
				"down": {"uv": [11, 5, 11.5, 6], "rotation": 90, "texture": "#particle"}
			}
		},
		{
			"name": "sacred_bow_pulling_0_15",
			"from": [8.5, 10.5, 7.5],
			"to": [11.5, 11.5, 8.5],
			"rotation": {"angle": 45, "axis": "z", "origin": [8.5, 8, 10]},
			"faces": {
				"north": {"uv": [6.5, 6, 6, 7.5], "rotation": 270, "texture": "#particle"},
				"east": {"uv": [6, 6, 6.5, 6.5], "rotation": 90, "texture": "#particle"},
				"south": {"uv": [6, 6, 6.5, 7.5], "rotation": 90, "texture": "#particle"},
				"west": {"uv": [6, 7, 6.5, 7.5], "rotation": 90, "texture": "#particle"},
				"up": {"uv": [6, 6, 6.5, 7.5], "rotation": 90, "texture": "#particle"},
				"down": {"uv": [6, 6, 6.5, 7.5], "rotation": 90, "texture": "#particle"}
			}
		},
		{
			"name": "sacred_bow_pulling_0_16",
			"from": [9.5, 1.5, 7.5],
			"to": [11.5, 2.5, 8.5],
			"rotation": {"angle": 45, "axis": "z", "origin": [8.5, 8, 10]},
			"faces": {
				"north": {"uv": [11, 6, 10.5, 7], "rotation": 270, "texture": "#particle"},
				"east": {"uv": [10.5, 6, 11, 6.5], "rotation": 90, "texture": "#particle"},
				"south": {"uv": [10.5, 6, 11, 7], "rotation": 90, "texture": "#particle"},
				"west": {"uv": [10.5, 6.5, 11, 7], "rotation": 90, "texture": "#particle"},
				"up": {"uv": [10.5, 6, 11, 7], "rotation": 90, "texture": "#particle"},
				"down": {"uv": [10.5, 6, 11, 7], "rotation": 90, "texture": "#particle"}
			}
		},
		{
			"name": "sacred_bow_pulling_0_17",
			"from": [7.5, 11.5, 7.5],
			"to": [10.5, 13.5, 8.5],
			"rotation": {"angle": 45, "axis": "z", "origin": [8.5, 8, 10]},
			"faces": {
				"north": {"uv": [6, 6.5, 5, 8], "rotation": 270, "texture": "#particle"},
				"east": {"uv": [5, 6.5, 6, 7], "rotation": 90, "texture": "#particle"},
				"south": {"uv": [5, 6.5, 6, 8], "rotation": 90, "texture": "#particle"},
				"west": {"uv": [5, 7.5, 6, 8], "rotation": 90, "texture": "#particle"},
				"up": {"uv": [5, 6.5, 5.5, 8], "rotation": 90, "texture": "#particle"},
				"down": {"uv": [5.5, 6.5, 6, 8], "rotation": 90, "texture": "#particle"}
			}
		},
		{
			"name": "sacred_bow_pulling_0_18",
			"from": [9.5, 9.5, 7.5],
			"to": [10.5, 10.5, 8.5],
			"rotation": {"angle": 45, "axis": "z", "origin": [8.5, 8, 10]},
			"faces": {
				"north": {"uv": [7, 6.5, 6.5, 7], "rotation": 270, "texture": "#particle"},
				"west": {"uv": [6.5, 6.5, 7, 7], "rotation": 90, "texture": "#particle"},
				"down": {"uv": [6.5, 6.5, 7, 7], "rotation": 90, "texture": "#particle"}
			}
		},
		{
			"name": "sacred_bow_pulling_0_19",
			"from": [7.5, 2.5, 7.5],
			"to": [9.5, 3.5, 8.5],
			"rotation": {"angle": 45, "axis": "z", "origin": [8.5, 8, 10]},
			"faces": {
				"north": {"uv": [10.5, 7, 10, 8], "rotation": 270, "texture": "#particle"},
				"east": {"uv": [10, 7, 10.5, 7.5], "rotation": 90, "texture": "#particle"},
				"south": {"uv": [10, 7, 10.5, 8], "rotation": 90, "texture": "#particle"},
				"west": {"uv": [10, 7.5, 10.5, 8], "rotation": 90, "texture": "#particle"},
				"up": {"uv": [10, 7, 10.5, 8], "rotation": 90, "texture": "#particle"},
				"down": {"uv": [10, 7, 10.5, 8], "rotation": 90, "texture": "#particle"}
			}
		},
		{
			"name": "sacred_bow_pulling_0_20",
			"from": [4.5, 13.5, 7.5],
			"to": [8.5, 15.5, 8.5],
			"rotation": {"angle": 45, "axis": "z", "origin": [8.5, 8, 10]},
			"faces": {
				"north": {"uv": [5, 7.5, 4, 9.5], "rotation": 270, "texture": "#particle"},
				"east": {"uv": [4, 7.5, 5, 8], "rotation": 90, "texture": "#particle"},
				"south": {"uv": [4, 7.5, 5, 9.5], "rotation": 90, "texture": "#particle"},
				"west": {"uv": [4, 9, 5, 9.5], "rotation": 90, "texture": "#particle"},
				"up": {"uv": [4, 7.5, 4.5, 9.5], "rotation": 90, "texture": "#particle"},
				"down": {"uv": [4.5, 7.5, 5, 9.5], "rotation": 90, "texture": "#particle"}
			}
		},
		{
			"name": "sacred_bow_pulling_0_21",
			"from": [-2.5, 15.5, 7.5],
			"to": [7.5, 16.5, 8.5],
			"rotation": {"angle": 45, "axis": "z", "origin": [8.5, 8, 10]},
			"faces": {
				"north": {"uv": [4, 8, 3.5, 13], "rotation": 270, "texture": "#particle"},
				"east": {"uv": [3.5, 8, 4, 8.5], "rotation": 90, "texture": "#particle"},
				"south": {"uv": [3.5, 8, 4, 13], "rotation": 90, "texture": "#particle"},
				"west": {"uv": [3.5, 12.5, 4, 13], "rotation": 90, "texture": "#particle"},
				"up": {"uv": [3.5, 8, 4, 13], "rotation": 90, "texture": "#particle"},
				"down": {"uv": [3.5, 8, 4, 13], "rotation": 90, "texture": "#particle"}
			}
		},
		{
			"name": "sacred_bow_pulling_0_22",
			"from": [5.5, 12.5, 7.5],
			"to": [7.5, 13.5, 8.5],
			"rotation": {"angle": 45, "axis": "z", "origin": [8.5, 8, 10]},
			"faces": {
				"north": {"uv": [5.5, 8, 5, 9], "rotation": 270, "texture": "#particle"},
				"south": {"uv": [5, 8, 5.5, 9], "rotation": 90, "texture": "#particle"},
				"west": {"uv": [5, 8.5, 5.5, 9], "rotation": 90, "texture": "#particle"},
				"down": {"uv": [5, 8, 5.5, 9], "rotation": 90, "texture": "#particle"}
			}
		},
		{
			"name": "sacred_bow_pulling_0_23",
			"from": [5.5, 3.5, 7.5],
			"to": [7.5, 4.5, 8.5],
			"rotation": {"angle": 45, "axis": "z", "origin": [8.5, 8, 10]},
			"faces": {
				"north": {"uv": [10, 8, 9.5, 9], "rotation": 270, "texture": "#particle"},
				"east": {"uv": [9.5, 8, 10, 8.5], "rotation": 90, "texture": "#particle"},
				"south": {"uv": [9.5, 8, 10, 9], "rotation": 90, "texture": "#particle"},
				"west": {"uv": [9.5, 8.5, 10, 9], "rotation": 90, "texture": "#particle"},
				"up": {"uv": [9.5, 8, 10, 9], "rotation": 90, "texture": "#particle"},
				"down": {"uv": [9.5, 8, 10, 9], "rotation": 90, "texture": "#particle"}
			}
		},
		{
			"name": "sacred_bow_pulling_0_24",
			"from": [-1.5, 16.5, 7.5],
			"to": [6.5, 17.5, 8.5],
			"rotation": {"angle": 45, "axis": "z", "origin": [8.5, 8, 10]},
			"faces": {
				"north": {"uv": [3.5, 8.5, 3, 12.5], "rotation": 270, "texture": "#particle"},
				"east": {"uv": [3, 8.5, 3.5, 9], "rotation": 90, "texture": "#particle"},
				"south": {"uv": [3, 8.5, 3.5, 12.5], "rotation": 90, "texture": "#particle"},
				"west": {"uv": [3, 12, 3.5, 12.5], "rotation": 90, "texture": "#particle"},
				"up": {"uv": [3, 8.5, 3.5, 12.5], "rotation": 90, "texture": "#particle"}
			}
		},
		{
			"name": "sacred_bow_pulling_0_25",
			"from": [-0.5, 17.5, 7.5],
			"to": [5.5, 18.5, 8.5],
			"rotation": {"angle": 45, "axis": "z", "origin": [8.5, 8, 10]},
			"faces": {
				"north": {"uv": [3, 9, 2.5, 12], "rotation": 270, "texture": "#particle"},
				"east": {"uv": [2.5, 9, 3, 9.5], "rotation": 90, "texture": "#particle"},
				"south": {"uv": [2.5, 9, 3, 12], "rotation": 90, "texture": "#particle"},
				"west": {"uv": [2.5, 11.5, 3, 12], "rotation": 90, "texture": "#particle"},
				"up": {"uv": [2.5, 9, 3, 12], "rotation": 90, "texture": "#particle"}
			}
		},
		{
			"name": "sacred_bow_pulling_0_26",
			"from": [4.5, 4.5, 7.5],
			"to": [5.5, 5.5, 8.5],
			"rotation": {"angle": 45, "axis": "z", "origin": [8.5, 8, 10]},
			"faces": {
				"north": {"uv": [9.5, 9, 9, 9.5], "rotation": 270, "texture": "#particle"},
				"east": {"uv": [9, 9, 9.5, 9.5], "rotation": 90, "texture": "#particle"},
				"south": {"uv": [9, 9, 9.5, 9.5], "rotation": 90, "texture": "#particle"},
				"west": {"uv": [9, 9, 9.5, 9.5], "rotation": 90, "texture": "#particle"},
				"up": {"uv": [9, 9, 9.5, 9.5], "rotation": 90, "texture": "#particle"},
				"down": {"uv": [9, 9, 9.5, 9.5], "rotation": 90, "texture": "#particle"}
			}
		},
		{
			"name": "sacred_bow_pulling_0_27",
			"from": [2.5, 14.5, 7.5],
			"to": [4.5, 15.5, 8.5],
			"rotation": {"angle": 45, "axis": "z", "origin": [8.5, 8, 10]},
			"faces": {
				"north": {"uv": [4.5, 9.5, 4, 10.5], "rotation": 270, "texture": "#particle"},
				"south": {"uv": [4, 9.5, 4.5, 10.5], "rotation": 90, "texture": "#particle"},
				"west": {"uv": [4, 10, 4.5, 10.5], "rotation": 90, "texture": "#particle"},
				"down": {"uv": [4, 9.5, 4.5, 10.5], "rotation": 90, "texture": "#particle"}
			}
		},
		{
			"name": "sacred_bow_pulling_0_28",
			"from": [3.5, 5.5, 7.5],
			"to": [4.5, 7.5, 8.5],
			"rotation": {"angle": 45, "axis": "z", "origin": [8.5, 8, 10]},
			"faces": {
				"north": {"uv": [9, 9.5, 8, 10], "rotation": 270, "texture": "#particle"},
				"east": {"uv": [8, 9.5, 9, 10], "rotation": 90, "texture": "#particle"},
				"south": {"uv": [8, 9.5, 9, 10], "rotation": 90, "texture": "#particle"},
				"west": {"uv": [8, 9.5, 9, 10], "rotation": 90, "texture": "#particle"},
				"up": {"uv": [8, 9.5, 8.5, 10], "rotation": 90, "texture": "#particle"},
				"down": {"uv": [8.5, 9.5, 9, 10], "rotation": 90, "texture": "#particle"}
			}
		},
		{
			"name": "sacred_bow_pulling_0_29",
			"from": [2.5, 7.5, 7.5],
			"to": [3.5, 9.5, 8.5],
			"rotation": {"angle": 45, "axis": "z", "origin": [8.5, 8, 10]},
			"faces": {
				"north": {"uv": [8, 10, 7, 10.5], "rotation": 270, "texture": "#particle"},
				"east": {"uv": [7, 10, 8, 10.5], "rotation": 90, "texture": "#particle"},
				"south": {"uv": [7, 10, 8, 10.5], "rotation": 90, "texture": "#particle"},
				"west": {"uv": [7, 10, 8, 10.5], "rotation": 90, "texture": "#particle"},
				"up": {"uv": [7, 10, 7.5, 10.5], "rotation": 90, "texture": "#particle"},
				"down": {"uv": [7.5, 10, 8, 10.5], "rotation": 90, "texture": "#particle"}
			}
		},
		{
			"name": "sacred_bow_pulling_0_30",
			"from": [1.5, 9.5, 7.5],
			"to": [2.5, 11.5, 8.5],
			"rotation": {"angle": 45, "axis": "z", "origin": [8.5, 8, 10]},
			"faces": {
				"north": {"uv": [7, 10.5, 6, 11], "rotation": 270, "texture": "#particle"},
				"east": {"uv": [6, 10.5, 7, 11], "rotation": 90, "texture": "#particle"},
				"south": {"uv": [6, 10.5, 7, 11], "rotation": 90, "texture": "#particle"},
				"west": {"uv": [6, 10.5, 7, 11], "rotation": 90, "texture": "#particle"},
				"up": {"uv": [6, 10.5, 6.5, 11], "rotation": 90, "texture": "#particle"},
				"down": {"uv": [6.5, 10.5, 7, 11], "rotation": 90, "texture": "#particle"}
			}
		},
		{
			"name": "sacred_bow_pulling_0_31",
			"from": [0.5, 11.5, 7.5],
			"to": [1.5, 13.5, 8.5],
			"rotation": {"angle": 45, "axis": "z", "origin": [8.5, 8, 10]},
			"faces": {
				"north": {"uv": [6, 11, 5, 11.5], "rotation": 270, "texture": "#particle"},
				"east": {"uv": [5, 11, 6, 11.5], "rotation": 90, "texture": "#particle"},
				"south": {"uv": [5, 11, 6, 11.5], "rotation": 90, "texture": "#particle"},
				"west": {"uv": [5, 11, 6, 11.5], "rotation": 90, "texture": "#particle"},
				"up": {"uv": [5, 11, 5.5, 11.5], "rotation": 90, "texture": "#particle"},
				"down": {"uv": [5.5, 11, 6, 11.5], "rotation": 90, "texture": "#particle"}
			}
		},
		{
			"name": "sacred_bow_pulling_0_32",
			"from": [-0.5, 13.5, 7.5],
			"to": [0.5, 15.5, 8.5],
			"rotation": {"angle": 45, "axis": "z", "origin": [8.5, 8, 10]},
			"faces": {
				"north": {"uv": [5, 11.5, 4, 12], "rotation": 270, "texture": "#particle"},
				"east": {"uv": [4, 11.5, 5, 12], "rotation": 90, "texture": "#particle"},
				"south": {"uv": [4, 11.5, 5, 12], "rotation": 90, "texture": "#particle"},
				"west": {"uv": [4, 11.5, 5, 12], "rotation": 90, "texture": "#particle"},
				"down": {"uv": [4.5, 11.5, 5, 12], "rotation": 90, "texture": "#particle"}
			}
		},
		{
			"from": [9.06066, 9.68198, 7.25],
			"to": [13.06066, 9.68198, 11.25],
			"rotation": {"angle": 45, "axis": "y", "origin": [9.56066, 11.18198, 12]},
			"faces": {
				"up": {"uv": [6, 3.5, 3.5, 6], "rotation": 180, "texture": "#particle"},
				"down": {"uv": [3.5, 3.5, 6, 6], "texture": "#particle"}
			}
		}
	],
	"gui_light": "front",
	"display": {
		"thirdperson_righthand": {
			"rotation": [-80, 260, 5],
			"translation": [-2, -2.5, 3.25],
			"scale": [0.9, 0.9, 0.9]
		},
		"thirdperson_lefthand": {
			"rotation": [-80, 260, 5],
			"translation": [-2, -2.5, 3.25],
			"scale": [0.9, 0.9, 0.9]
		},
		"firstperson_righthand": {
			"rotation": [0, -90, 70],
			"translation": [3.13, 3.2, 2.13],
			"scale": [0.68, 0.68, 0.68]
		},
		"firstperson_lefthand": {
			"rotation": [-67, -35, 7],
			"translation": [0, 1.25, 2.13],
			"scale": [0.68, 0.68, 0.68]
		},
		"ground": {
			"translation": [0, 5.25, 0]
		},
		"gui": {
			"rotation": [10, -25, 47],
			"translation": [-0.125, 0, 0],
			"scale": [0.86, 0.86, 0.86]
		}
	}
}