{
	"credit": "Created by Mickey Joe Alpha - http://YouTube.com/@MushirMickeyJoe",
	"textures": {
		"1": "item/bow/shooting_star_power",
		"particle": "item/bow/shooting_star_power",
		"arrow": "item/arrow"
	},
	"elements": [
		{
			"name": "shooting_star_power_0",
			"from": [-1, 15, 7.5],
			"to": [1, 17, 8.5],
			"rotation": {"angle": 0, "axis": "y", "origin": [-8, 0, -8]},
			"faces": {
				"north": {"uv": [1, 0, 0, 1], "texture": "#1"},
				"east": {"uv": [0.5, 0, 1, 1], "texture": "#1"},
				"west": {"uv": [0, 0, 0.5, 1], "texture": "#1"},
				"up": {"uv": [0, 0, 1, 0.5], "texture": "#1"},
				"down": {"uv": [0, 0.5, 1, 1], "texture": "#1"}
			}
		},
		{
			"name": "shooting_star_power_2",
			"from": [1, 10, 7.5],
			"to": [8, 16, 8.5],
			"rotation": {"angle": 0, "axis": "y", "origin": [-8, 0, -8]},
			"faces": {
				"north": {"uv": [4.5, 0.5, 1, 3.5], "texture": "#1"},
				"east": {"uv": [4, 0.5, 4.5, 3.5], "texture": "#1"},
				"south": {"uv": [1, 0.5, 4.5, 3.5], "texture": "#1"},
				"up": {"uv": [1, 0.5, 4.5, 1], "texture": "#1"},
				"down": {"uv": [1, 3, 4.5, 3.5], "texture": "#1"}
			}
		},
		{
			"name": "shooting_star_power_4",
			"from": [0, 8, 7.5],
			"to": [1, 15, 8.5],
			"rotation": {"angle": 0, "axis": "y", "origin": [-8, 0, -8]},
			"faces": {
				"north": {"uv": [1, 1, 0.5, 4.5], "texture": "#1"},
				"south": {"uv": [0.5, 1, 1, 4.5], "texture": "#1"},
				"west": {"uv": [0.5, 1, 1, 4.5], "texture": "#1"}
			}
		},
		{
			"name": "shooting_star_power_12",
			"from": [1, 8, 7.5],
			"to": [6, 10, 8.5],
			"rotation": {"angle": 0, "axis": "y", "origin": [-8, 0, -8]},
			"faces": {
				"north": {"uv": [3.5, 3.5, 1, 4.5], "texture": "#1"},
				"east": {"uv": [3, 3.5, 3.5, 4.5], "texture": "#1"},
				"south": {"uv": [1, 3.5, 3.5, 4.5], "texture": "#1"},
				"down": {"uv": [1, 4, 3.5, 4.5], "texture": "#1"}
			}
		},
		{
			"name": "shooting_star_power_18",
			"from": [1, 7, 7.5],
			"to": [3, 8, 8.5],
			"rotation": {"angle": 0, "axis": "y", "origin": [-8, 0, -8]},
			"faces": {
				"north": {"uv": [2, 4.5, 1, 5], "texture": "#1"},
				"east": {"uv": [1.5, 4.5, 2, 5], "texture": "#1"},
				"south": {"uv": [1, 4.5, 2, 5], "texture": "#1"},
				"down": {"uv": [1, 4.5, 2, 5], "texture": "#1"}
			}
		},
		{
			"name": "shooting_star_power_19",
			"from": [6, 5, 7.5],
			"to": [7, 8, 8.5],
			"rotation": {"angle": 0, "axis": "y", "origin": [-8, 0, -8]},
			"faces": {
				"north": {"uv": [4, 4.5, 3.5, 6], "texture": "#1"},
				"east": {"uv": [3.5, 4.5, 4, 6], "texture": "#1"},
				"south": {"uv": [3.5, 4.5, 4, 6], "texture": "#1"},
				"west": {"uv": [3.5, 4.5, 4, 6], "texture": "#1"},
				"up": {"uv": [3.5, 4.5, 4, 5], "texture": "#1"},
				"down": {"uv": [3.5, 5.5, 4, 6], "texture": "#1"}
			}
		},
		{
			"name": "shooting_star_power_13",
			"from": [6, 9, 7.5],
			"to": [7, 10, 8.5],
			"rotation": {"angle": 0, "axis": "y", "origin": [-8, 0, -8]},
			"faces": {
				"north": {"uv": [4, 3.5, 3.5, 4], "texture": "#1"},
				"east": {"uv": [3.5, 3.5, 4, 4], "texture": "#1"},
				"down": {"uv": [3.5, 3.5, 4, 4], "texture": "#1"}
			}
		},
		{
			"name": "shooting_star_power_14",
			"from": [8, 9, 7.5],
			"to": [11, 10, 8.5],
			"rotation": {"angle": 0, "axis": "y", "origin": [-8, 0, -8]},
			"faces": {
				"north": {"uv": [6, 3.5, 4.5, 4], "texture": "#1"},
				"east": {"uv": [5.5, 3.5, 6, 4], "texture": "#1"},
				"south": {"uv": [4.5, 3.5, 6, 4], "texture": "#1"},
				"west": {"uv": [4.5, 3.5, 5, 4], "texture": "#1"},
				"up": {"uv": [4.5, 3.5, 6, 4], "texture": "#1"},
				"down": {"uv": [4.5, 3.5, 6, 4], "texture": "#1"}
			}
		},
		{
			"name": "shooting_star_power_15",
			"from": [7, 8, 7.5],
			"to": [8, 9, 8.5],
			"rotation": {"angle": 0, "axis": "y", "origin": [-8, 0, -8]},
			"faces": {
				"north": {"uv": [4.5, 4, 4, 4.5], "texture": "#1"},
				"east": {"uv": [4, 4, 4.5, 4.5], "texture": "#1"},
				"west": {"uv": [4, 4, 4.5, 4.5], "texture": "#1"},
				"up": {"uv": [4, 4, 4.5, 4.5], "texture": "#1"},
				"down": {"uv": [4, 4, 4.5, 4.5], "texture": "#1"}
			}
		},
		{
			"name": "shooting_star_power_20",
			"from": [8, 7, 7.5],
			"to": [9, 8, 8.5],
			"rotation": {"angle": 0, "axis": "y", "origin": [-8, 0, -8]},
			"faces": {
				"north": {"uv": [5, 4.5, 4.5, 5], "texture": "#1"},
				"east": {"uv": [4.5, 4.5, 5, 5], "texture": "#1"},
				"west": {"uv": [4.5, 4.5, 5, 5], "texture": "#1"},
				"up": {"uv": [4.5, 4.5, 5, 5], "texture": "#1"},
				"down": {"uv": [4.5, 4.5, 5, 5], "texture": "#1"}
			}
		},
		{
			"name": "shooting_star_power_23",
			"from": [7, 5, 7.5],
			"to": [9, 6, 8.5],
			"rotation": {"angle": 0, "axis": "y", "origin": [-8, 0, -8]},
			"faces": {
				"north": {"uv": [5, 5.5, 4, 6], "texture": "#1"},
				"up": {"uv": [4, 5.5, 5, 6], "texture": "#1"},
				"down": {"uv": [4, 5.5, 5, 6], "texture": "#1"}
			}
		},
		{
			"name": "shooting_star_power_21",
			"from": [9, 5, 7.5],
			"to": [10, 7, 8.5],
			"rotation": {"angle": 0, "axis": "y", "origin": [-8, 0, -8]},
			"faces": {
				"north": {"uv": [5.5, 5, 5, 6], "texture": "#1"},
				"south": {"uv": [5, 5, 5.5, 6], "texture": "#1"},
				"west": {"uv": [5, 5, 5.5, 6], "texture": "#1"},
				"up": {"uv": [5, 5, 5.5, 5.5], "texture": "#1"},
				"down": {"uv": [5, 5.5, 5.5, 6], "texture": "#1"}
			}
		},
		{
			"name": "shooting_star_power_16",
			"from": [10, 4, 7.5],
			"to": [11, 9, 8.5],
			"rotation": {"angle": 0, "axis": "y", "origin": [-8, 0, -8]},
			"faces": {
				"north": {"uv": [6, 4, 5.5, 6.5], "texture": "#1"},
				"east": {"uv": [5.5, 4, 6, 6.5], "texture": "#1"},
				"south": {"uv": [5.5, 4, 6, 6.5], "texture": "#1"},
				"west": {"uv": [5.5, 4, 6, 6.5], "texture": "#1"},
				"down": {"uv": [5.5, 6, 6, 6.5], "texture": "#1"}
			}
		},
		{
			"name": "shooting_star_power_24",
			"from": [11, 3, 7.5],
			"to": [12, 6, 8.5],
			"rotation": {"angle": 0, "axis": "y", "origin": [-8, 0, -8]},
			"faces": {
				"north": {"uv": [6.5, 5.5, 6, 7], "texture": "#1"},
				"east": {"uv": [6, 5.5, 6.5, 7], "texture": "#1"},
				"south": {"uv": [6, 5.5, 6.5, 7], "texture": "#1"},
				"west": {"uv": [6, 5.5, 6.5, 7], "texture": "#1"},
				"up": {"uv": [6, 5.5, 6.5, 6], "texture": "#1"},
				"down": {"uv": [6, 6.5, 6.5, 7], "texture": "#1"}
			}
		},
		{
			"name": "shooting_star_power_27",
			"from": [12, 3, 7.5],
			"to": [13, 5, 8.5],
			"rotation": {"angle": 0, "axis": "y", "origin": [-8, 0, -8]},
			"faces": {
				"north": {"uv": [7, 6, 6.5, 7], "texture": "#1"},
				"east": {"uv": [6.5, 6, 7, 7], "texture": "#1"},
				"south": {"uv": [6.5, 6, 7, 7], "texture": "#1"},
				"up": {"uv": [6.5, 6, 7, 6.5], "texture": "#1"},
				"down": {"uv": [6.5, 6.5, 7, 7], "texture": "#1"}
			}
		},
		{
			"name": "shooting_star_power_5",
			"from": [8, 13, 7.5],
			"to": [9, 15, 8.5],
			"rotation": {"angle": 0, "axis": "y", "origin": [-8, 0, -8]},
			"faces": {
				"north": {"uv": [5, 1, 4.5, 2], "texture": "#1"},
				"east": {"uv": [4.5, 1, 5, 2], "texture": "#1"},
				"south": {"uv": [4.5, 1, 5, 2], "texture": "#1"},
				"down": {"uv": [4.5, 1.5, 5, 2], "texture": "#1"}
			}
		},
		{
			"name": "shooting_star_power_10",
			"from": [7, 14, 8.5],
			"to": [20, 17, 9.5],
			"rotation": {"angle": 0, "axis": "y", "origin": [-8, 0, -8]},
			"faces": {
				"north": {"uv": [14, 2.5, 7.5, 4], "texture": "#1"},
				"east": {"uv": [13.5, 2.5, 14, 4], "texture": "#1"},
				"south": {"uv": [7.5, 2.5, 14, 4], "texture": "#1"},
				"west": {"uv": [7.5, 2.5, 8, 4], "texture": "#1"},
				"up": {"uv": [7.5, 2.5, 14, 3], "texture": "#1"},
				"down": {"uv": [7.5, 3.5, 14, 4], "texture": "#1"}
			}
		},
		{
			"name": "shooting_star_power_11",
			"from": [20, 15, 8.5],
			"to": [21, 17, 9.5],
			"rotation": {"angle": 0, "axis": "y", "origin": [-8, 0, -8]},
			"faces": {
				"north": {"uv": [14.5, 2.5, 14, 3.5], "texture": "#1"},
				"east": {"uv": [14, 2.5, 14.5, 3.5], "texture": "#1"},
				"south": {"uv": [14, 2.5, 14.5, 3.5], "texture": "#1"},
				"up": {"uv": [14, 2.5, 14.5, 3], "texture": "#1"},
				"down": {"uv": [14, 3, 14.5, 3.5], "texture": "#1"}
			}
		},
		{
			"name": "shooting_star_power_9",
			"from": [6, 15, 8.5],
			"to": [7, 18, 9.5],
			"rotation": {"angle": 0, "axis": "y", "origin": [-8, 0, -8]},
			"faces": {
				"north": {"uv": [7.5, 2, 7, 3.5], "texture": "#1"},
				"east": {"uv": [7, 2, 7.5, 3.5], "texture": "#1"},
				"south": {"uv": [7, 2, 7.5, 3.5], "texture": "#1"},
				"west": {"uv": [7, 2, 7.5, 3.5], "texture": "#1"},
				"up": {"uv": [7, 2, 7.5, 2.5], "texture": "#1"},
				"down": {"uv": [7, 3, 7.5, 3.5], "texture": "#1"}
			}
		},
		{
			"name": "shooting_star_power_7",
			"from": [5, 16, 8.5],
			"to": [6, 19, 9.5],
			"rotation": {"angle": 0, "axis": "y", "origin": [-8, 0, -8]},
			"faces": {
				"north": {"uv": [7, 1.5, 6.5, 3], "texture": "#1"},
				"east": {"uv": [6.5, 1.5, 7, 3], "texture": "#1"},
				"south": {"uv": [6.5, 1.5, 7, 3], "texture": "#1"},
				"west": {"uv": [6.5, 1.5, 7, 3], "texture": "#1"},
				"up": {"uv": [6.5, 1.5, 7, 2], "texture": "#1"},
				"down": {"uv": [6.5, 2.5, 7, 3], "texture": "#1"}
			}
		},
		{
			"name": "shooting_star_power_8",
			"from": [4, 17, 8.5],
			"to": [5, 18, 9.5],
			"rotation": {"angle": 0, "axis": "y", "origin": [-8, 0, -8]},
			"faces": {
				"north": {"uv": [6.5, 2, 6, 2.5], "texture": "#1"},
				"south": {"uv": [6, 2, 6.5, 2.5], "texture": "#1"},
				"west": {"uv": [6, 2, 6.5, 2.5], "texture": "#1"},
				"down": {"uv": [6, 2, 6.5, 2.5], "texture": "#1"}
			}
		},
		{
			"name": "shooting_star_power_6",
			"from": [3, 18, 8.5],
			"to": [5, 20, 9.5],
			"rotation": {"angle": 0, "axis": "y", "origin": [-8, 0, -8]},
			"faces": {
				"north": {"uv": [6.5, 1, 5.5, 2], "texture": "#1"},
				"east": {"uv": [6, 1, 6.5, 2], "texture": "#1"},
				"south": {"uv": [5.5, 1, 6.5, 2], "texture": "#1"},
				"west": {"uv": [5.5, 1, 6, 2], "texture": "#1"},
				"up": {"uv": [5.5, 1, 6.5, 1.5], "texture": "#1"},
				"down": {"uv": [5.5, 1.5, 6.5, 2], "texture": "#1"}
			}
		},
		{
			"name": "shooting_star_power_1",
			"from": [12, 16, 7.5],
			"to": [19, 19, 8.5],
			"rotation": {"angle": 0, "axis": "y", "origin": [-8, 0, -8]},
			"faces": {
				"north": {"uv": [13, 0, 9.5, 1.5], "texture": "#1"},
				"east": {"uv": [12.5, 0, 13, 1.5], "texture": "#1"},
				"south": {"uv": [9.5, 0, 13, 1.5], "texture": "#1"},
				"west": {"uv": [9.5, 0, 10, 1.5], "texture": "#1"},
				"up": {"uv": [9.5, 0, 13, 0.5], "texture": "#1"},
				"down": {"uv": [9.5, 1, 13, 1.5], "texture": "#1"}
			}
		},
		{
			"name": "shooting_star_power_3",
			"from": [8, 15, 7.5],
			"to": [12, 18, 8.5],
			"rotation": {"angle": 0, "axis": "y", "origin": [-8, 0, -8]},
			"faces": {
				"north": {"uv": [9.5, 0.5, 7.5, 2], "texture": "#1"},
				"east": {"uv": [9, 0.5, 9.5, 2], "texture": "#1"},
				"south": {"uv": [7.5, 0.5, 9.5, 2], "texture": "#1"},
				"west": {"uv": [7.5, 0.5, 8, 2], "texture": "#1"},
				"up": {"uv": [7.5, 0.5, 9.5, 1], "texture": "#1"},
				"down": {"uv": [7.5, 1.5, 9.5, 2], "texture": "#1"}
			}
		},
		{
			"name": "shooting_star_power_17",
			"from": [11, 12, 8.5],
			"to": [17, 14, 9.5],
			"rotation": {"angle": 0, "axis": "y", "origin": [-8, 0, -8]},
			"faces": {
				"north": {"uv": [12.5, 4, 9.5, 5], "texture": "#1"},
				"east": {"uv": [12, 4, 12.5, 5], "texture": "#1"},
				"south": {"uv": [9.5, 4, 12.5, 5], "texture": "#1"},
				"down": {"uv": [9.5, 4.5, 12.5, 5], "texture": "#1"}
			}
		},
		{
			"name": "shooting_star_power_33",
			"from": [0, -5, 8.5],
			"to": [1, 10, 9.5],
			"rotation": {"angle": 0, "axis": "y", "origin": [-8, 0, -8]},
			"faces": {
				"north": {"uv": [3.5, 7, 3, 14.5], "texture": "#1"},
				"east": {"uv": [3, 7, 3.5, 14.5], "texture": "#1"},
				"south": {"uv": [3, 7, 3.5, 14.5], "texture": "#1"},
				"up": {"uv": [3, 7, 3.5, 7.5], "texture": "#1"},
				"down": {"uv": [3, 14, 3.5, 14.5], "texture": "#1"}
			}
		},
		{
			"name": "shooting_star_power_31",
			"from": [-1, -5, 8.5],
			"to": [0, 11, 9.5],
			"rotation": {"angle": 0, "axis": "y", "origin": [-8, 0, -8]},
			"faces": {
				"north": {"uv": [3, 6.5, 2.5, 14.5], "texture": "#1"},
				"east": {"uv": [2.5, 6.5, 3, 14.5], "texture": "#1"},
				"south": {"uv": [2.5, 6.5, 3, 14.5], "texture": "#1"},
				"west": {"uv": [2.5, 6.5, 3, 14.5], "texture": "#1"},
				"up": {"uv": [2.5, 6.5, 3, 7], "texture": "#1"},
				"down": {"uv": [2.5, 14, 3, 14.5], "texture": "#1"}
			}
		},
		{
			"name": "shooting_star_power_37",
			"from": [1, -4, 8.5],
			"to": [2, 9, 9.5],
			"rotation": {"angle": 0, "axis": "y", "origin": [-8, 0, -8]},
			"faces": {
				"north": {"uv": [4, 7.5, 3.5, 14], "texture": "#1"},
				"east": {"uv": [3.5, 7.5, 4, 14], "texture": "#1"},
				"south": {"uv": [3.5, 7.5, 4, 14], "texture": "#1"},
				"up": {"uv": [3.5, 7.5, 4, 8], "texture": "#1"},
				"down": {"uv": [3.5, 13.5, 4, 14], "texture": "#1"}
			}
		},
		{
			"name": "shooting_star_power_46",
			"from": [2, -1, 8.5],
			"to": [4, 5, 9.5],
			"rotation": {"angle": 0, "axis": "y", "origin": [-8, 0, -8]},
			"faces": {
				"north": {"uv": [5, 9.5, 4, 12.5], "texture": "#1"},
				"east": {"uv": [4.5, 9.5, 5, 12.5], "texture": "#1"},
				"south": {"uv": [4, 9.5, 5, 12.5], "texture": "#1"},
				"down": {"uv": [4, 12, 5, 12.5], "texture": "#1"}
			}
		},
		{
			"name": "shooting_star_power_45",
			"from": [-3, -3, 7.5],
			"to": [0, 4, 8.5],
			"rotation": {"angle": 0, "axis": "y", "origin": [-8, 0, -8]},
			"faces": {
				"north": {"uv": [1.5, 9.5, 0, 13], "texture": "#1"},
				"east": {"uv": [1, 9.5, 1.5, 13], "texture": "#1"},
				"south": {"uv": [0, 9.5, 1.5, 13], "texture": "#1"},
				"west": {"uv": [0, 9.5, 0.5, 13], "texture": "#1"},
				"up": {"uv": [0, 9.5, 1.5, 10], "texture": "#1"},
				"down": {"uv": [0, 12.5, 1.5, 13], "texture": "#1"}
			}
		},
		{
			"name": "shooting_star_power_36",
			"from": [-2, 4, 7.5],
			"to": [1, 8, 8.5],
			"rotation": {"angle": 0, "axis": "y", "origin": [-8, 0, -8]},
			"faces": {
				"north": {"uv": [2, 7.5, 0.5, 9.5], "texture": "#1"},
				"east": {"uv": [1.5, 7.5, 2, 9.5], "texture": "#1"},
				"south": {"uv": [0.5, 7.5, 2, 9.5], "texture": "#1"},
				"west": {"uv": [0.5, 7.5, 1, 9.5], "texture": "#1"},
				"up": {"uv": [0.5, 7.5, 2, 8], "texture": "#1"},
				"down": {"uv": [0.5, 9, 2, 9.5], "texture": "#1"}
			}
		},
		{
			"name": "shooting_star_power_26",
			"from": [-2, 9, 8.5],
			"to": [-1, 12, 9.5],
			"rotation": {"angle": 0, "axis": "y", "origin": [-8, 0, -8]},
			"faces": {
				"north": {"uv": [2.5, 6, 2, 7.5], "texture": "#1"},
				"east": {"uv": [2, 6, 2.5, 7.5], "texture": "#1"},
				"south": {"uv": [2, 6, 2.5, 7.5], "texture": "#1"},
				"west": {"uv": [2, 6, 2.5, 7.5], "texture": "#1"},
				"up": {"uv": [2, 6, 2.5, 6.5], "texture": "#1"},
				"down": {"uv": [2, 7, 2.5, 7.5], "texture": "#1"}
			}
		},
		{
			"name": "shooting_star_power_30",
			"from": [-3, 10, 8.5],
			"to": [-2, 11, 9.5],
			"rotation": {"angle": 0, "axis": "y", "origin": [-8, 0, -8]},
			"faces": {
				"north": {"uv": [2, 6.5, 1.5, 7], "texture": "#1"},
				"south": {"uv": [1.5, 6.5, 2, 7], "texture": "#1"},
				"west": {"uv": [1.5, 6.5, 2, 7], "texture": "#1"},
				"down": {"uv": [1.5, 6.5, 2, 7], "texture": "#1"}
			}
		},
		{
			"name": "shooting_star_power_22",
			"from": [-4, 11, 8.5],
			"to": [-2, 13, 9.5],
			"rotation": {"angle": 0, "axis": "y", "origin": [-8, 0, -8]},
			"faces": {
				"north": {"uv": [2, 5.5, 1, 6.5], "texture": "#1"},
				"east": {"uv": [1.5, 5.5, 2, 6.5], "texture": "#1"},
				"south": {"uv": [1, 5.5, 2, 6.5], "texture": "#1"},
				"west": {"uv": [1, 5.5, 1.5, 6.5], "texture": "#1"},
				"up": {"uv": [1, 5.5, 2, 6], "texture": "#1"},
				"down": {"uv": [1, 6, 2, 6.5], "texture": "#1"}
			}
		},
		{
			"name": "shooting_star_power_23",
			"from": [2, 5, 8.5],
			"to": [10, 6, 9.5],
			"rotation": {"angle": 0, "axis": "y", "origin": [-8, -8, -8]},
			"faces": {
				"north": {"uv": [12, 12, 8, 12.5], "texture": "#1"},
				"south": {"uv": [8, 12, 12, 12.5], "texture": "#1"},
				"up": {"uv": [8, 12, 12, 12.5], "texture": "#1"},
				"down": {"uv": [8, 12, 12, 12.5], "texture": "#1"}
			}
		},
		{
			"name": "shooting_star_power_11",
			"from": [10, 5, 8.5],
			"to": [11, 14, 9.5],
			"rotation": {"angle": 0, "axis": "y", "origin": [-8, -8, -8]},
			"faces": {
				"north": {"uv": [12.5, 8, 12, 12.5], "texture": "#1"},
				"east": {"uv": [12, 8, 12.5, 12.5], "texture": "#1"},
				"south": {"uv": [12, 8, 12.5, 12.5], "texture": "#1"},
				"west": {"uv": [12, 8, 12.5, 12.5], "texture": "#1"},
				"down": {"uv": [12, 12, 12.5, 12.5], "texture": "#1"}
			}
		},
		{
			"name": "Box12",
			"from": [-3, 18, 8.5],
			"to": [0, 19, 9.5],
			"faces": {
				"north": {"uv": [15, 3, 12, 2], "rotation": 180, "texture": "#arrow"},
				"east": {"uv": [12, 2, 13, 3], "texture": "#arrow"},
				"south": {"uv": [12, 3, 15, 2], "rotation": 180, "texture": "#arrow"},
				"west": {"uv": [15, 3, 14, 2], "rotation": 180, "texture": "#arrow"},
				"up": {"uv": [15, 2, 12, 3], "texture": "#arrow"}
			}
		},
		{
			"name": "Box10",
			"from": [-3, 17, 8.5],
			"to": [2, 18, 9.5],
			"faces": {
				"north": {"uv": [15, 4, 10, 3], "rotation": 180, "texture": "#arrow"},
				"east": {"uv": [10, 3, 11, 4], "texture": "#arrow"},
				"south": {"uv": [10, 4, 15, 3], "rotation": 180, "texture": "#arrow"},
				"west": {"uv": [15, 4, 14, 3], "rotation": 180, "texture": "#arrow"},
				"up": {"uv": [15, 3, 10, 4], "texture": "#arrow"},
				"down": {"uv": [15, 4, 10, 3], "texture": "#arrow"}
			}
		},
		{
			"name": "Box11",
			"from": [-2, 15, 8.5],
			"to": [2, 17, 9.5],
			"faces": {
				"north": {"uv": [14, 6, 10, 4], "rotation": 180, "texture": "#arrow"},
				"east": {"uv": [10, 4, 11, 6], "texture": "#arrow"},
				"south": {"uv": [10, 6, 14, 4], "rotation": 180, "texture": "#arrow"},
				"west": {"uv": [14, 6, 13, 4], "rotation": 180, "texture": "#arrow"},
				"down": {"uv": [14, 6, 10, 5], "texture": "#arrow"}
			}
		},
		{
			"name": "Box13",
			"from": [-1, 14, 8.5],
			"to": [0, 15, 9.5],
			"faces": {
				"north": {"uv": [13, 7, 12, 6], "rotation": 180, "texture": "#arrow"},
				"east": {"uv": [12, 6, 13, 7], "texture": "#arrow"},
				"south": {"uv": [12, 7, 13, 6], "rotation": 180, "texture": "#arrow"},
				"west": {"uv": [13, 7, 12, 6], "rotation": 180, "texture": "#arrow"},
				"down": {"uv": [13, 7, 12, 6], "texture": "#arrow"}
			}
		},
		{
			"name": "Box9",
			"from": [1, 14, 8.5],
			"to": [3, 15, 9.5],
			"faces": {
				"east": {"uv": [9, 6, 10, 7], "texture": "#arrow"},
				"south": {"uv": [9, 7, 11, 6], "rotation": 180, "texture": "#arrow"},
				"west": {"uv": [11, 7, 10, 6], "rotation": 180, "texture": "#arrow"},
				"up": {"uv": [11, 6, 9, 7], "texture": "#arrow"},
				"down": {"uv": [11, 7, 9, 6], "texture": "#arrow"}
			}
		},
		{
			"name": "Box1",
			"from": [6, 8, 8.5],
			"to": [10, 9, 9.5],
			"faces": {
				"north": {"uv": [6, 13, 2, 12], "rotation": 180, "texture": "#arrow"},
				"south": {"uv": [2, 13, 6, 12], "rotation": 180, "texture": "#arrow"},
				"west": {"uv": [6, 13, 5, 12], "rotation": 180, "texture": "#arrow"},
				"up": {"uv": [6, 12, 2, 13], "texture": "#arrow"},
				"down": {"uv": [6, 13, 2, 12], "texture": "#arrow"}
			}
		},
		{
			"name": "Box2",
			"from": [7, 7, 8.5],
			"to": [10, 8, 9.5],
			"faces": {
				"north": {"uv": [5, 14, 2, 13], "rotation": 180, "texture": "#arrow"},
				"south": {"uv": [2, 14, 5, 13], "rotation": 180, "texture": "#arrow"},
				"west": {"uv": [5, 14, 4, 13], "rotation": 180, "texture": "#arrow"},
				"down": {"uv": [5, 14, 2, 13], "texture": "#arrow"}
			}
		},
		{
			"name": "Box3",
			"from": [6, 9, 8.5],
			"to": [9, 10, 9.5],
			"faces": {
				"north": {"uv": [6, 12, 3, 11], "rotation": 180, "texture": "#arrow"},
				"east": {"uv": [3, 11, 4, 12], "texture": "#arrow"},
				"south": {"uv": [3, 12, 6, 11], "rotation": 180, "texture": "#arrow"},
				"west": {"uv": [6, 12, 5, 11], "rotation": 180, "texture": "#arrow"},
				"up": {"uv": [6, 11, 3, 12], "texture": "#arrow"}
			}
		},
		{
			"name": "Box4",
			"from": [8, 6, 8.5],
			"to": [9, 7, 9.5],
			"faces": {
				"north": {"uv": [3, 15, 4, 14], "texture": "#arrow"},
				"east": {"uv": [3, 14, 4, 15], "texture": "#arrow"},
				"south": {"uv": [3, 14, 4, 15], "texture": "#arrow"},
				"west": {"uv": [4, 15, 3, 14], "rotation": 180, "texture": "#arrow"}
			}
		},
		{
			"name": "Box5",
			"from": [5, 10, 8.5],
			"to": [7, 11, 9.5],
			"faces": {
				"east": {"uv": [5, 10, 6, 11], "texture": "#arrow"},
				"south": {"uv": [5, 11, 7, 10], "rotation": 180, "texture": "#arrow"},
				"west": {"uv": [7, 11, 6, 10], "rotation": 180, "texture": "#arrow"},
				"up": {"uv": [7, 10, 5, 11], "texture": "#arrow"},
				"down": {"uv": [7, 11, 5, 10], "texture": "#arrow"}
			}
		},
		{
			"name": "Box6",
			"from": [4, 11, 8.5],
			"to": [6, 12, 9.5],
			"faces": {
				"east": {"uv": [6, 9, 7, 10], "texture": "#arrow"},
				"south": {"uv": [6, 10, 8, 9], "rotation": 180, "texture": "#arrow"},
				"west": {"uv": [8, 10, 7, 9], "rotation": 180, "texture": "#arrow"},
				"up": {"uv": [8, 9, 6, 10], "texture": "#arrow"},
				"down": {"uv": [8, 10, 6, 9], "texture": "#arrow"}
			}
		},
		{
			"name": "Box7",
			"from": [3, 12, 8.5],
			"to": [5, 13, 9.5],
			"faces": {
				"east": {"uv": [7, 8, 8, 9], "texture": "#arrow"},
				"south": {"uv": [7, 9, 9, 8], "rotation": 180, "texture": "#arrow"},
				"west": {"uv": [9, 9, 8, 8], "rotation": 180, "texture": "#arrow"},
				"up": {"uv": [9, 8, 7, 9], "texture": "#arrow"},
				"down": {"uv": [9, 9, 7, 8], "texture": "#arrow"}
			}
		},
		{
			"name": "Box8",
			"from": [2, 13, 8.5],
			"to": [4, 14, 9.5],
			"faces": {
				"east": {"uv": [8, 7, 9, 8], "texture": "#arrow"},
				"south": {"uv": [8, 8, 10, 7], "rotation": 180, "texture": "#arrow"},
				"west": {"uv": [10, 8, 9, 7], "rotation": 180, "texture": "#arrow"},
				"up": {"uv": [10, 7, 8, 8], "texture": "#arrow"},
				"down": {"uv": [10, 8, 8, 7], "texture": "#arrow"}
			}
		}
	],
	"gui_light": "front",
	"display": {
		"thirdperson_righthand": {
			"rotation": [-80, 260, -40],
			"translation": [-2.5, -2.5, 5.5],
			"scale": [0.8, 0.8, 0.8]
		},
		"thirdperson_lefthand": {
			"rotation": [-80, 90, 40],
			"translation": [-2.25, -3, 5.5],
			"scale": [0.8, 0.8, 0.8]
		},
		"firstperson_righthand": {
			"rotation": [0, -90, 25],
			"translation": [3.13, 3.2, 2.63],
			"scale": [0.68, 0.68, 0.68]
		},
		"firstperson_lefthand": {
			"rotation": [-67, -35, 53],
			"translation": [0, 1.25, 2.63],
			"scale": [0.68, 0.68, 0.68]
		},
		"ground": {
			"translation": [0, 6, 0],
			"scale": [0.5, 0.5, 0.5]
		},
		"gui": {
			"rotation": [10, -25, 2],
			"translation": [0, 0.58, 0],
			"scale": [0.7, 0.7, 0.7]
		},
		"fixed": {
			"rotation": [0, 180, 0],
			"translation": [0, 0, -1.5]
		}
	}
}