{
	"credit": "Created by Mickey Joe Alpha - http://YouTube.com/@MushirMickeyJoe",
	"parent": "./petra_bow_power",
	"textures": {
		"1": "item/arrow",
		"particle": "item/bow/slingshot"
	},
	"elements": [
		{
			"name": "slingshot_14",
			"from": [7.26149, 13.64689, 5.5],
			"to": [12.26149, 14.64689, 6.5],
			"rotation": {"angle": 0, "axis": "z", "origin": [9.59619, 9.86244, 7]},
			"faces": {
				"north": {"uv": [5.5, 5, 3, 5.5], "texture": "#particle"},
				"east": {"uv": [5, 5.5, 5.5, 5], "rotation": 270, "texture": "#particle"},
				"south": {"uv": [5.5, 5, 3, 5.5], "rotation": 180, "texture": "#particle"},
				"west": {"uv": [3, 5.5, 3.5, 5], "rotation": 90, "texture": "#particle"},
				"up": {"uv": [5.5, 5.5, 3, 5], "rotation": 180, "texture": "#particle"},
				"down": {"uv": [3, 5.5, 5.5, 5], "texture": "#particle"}
			}
		},
		{
			"name": "slingshot_16",
			"from": [12.26149, 13.64689, 6.5],
			"to": [14.26149, 14.64689, 7.5],
			"rotation": {"angle": 0, "axis": "z", "origin": [9.59619, 9.86244, 7]},
			"faces": {
				"north": {"uv": [6.5, 5.5, 5.5, 6], "texture": "#particle"},
				"east": {"uv": [6, 6, 6.5, 5.5], "rotation": 270, "texture": "#particle"},
				"south": {"uv": [6.5, 5.5, 5.5, 6], "rotation": 180, "texture": "#particle"},
				"west": {"uv": [5.5, 6, 6, 5.5], "rotation": 90, "texture": "#particle"},
				"up": {"uv": [6.5, 6, 5.5, 5.5], "rotation": 180, "texture": "#particle"},
				"down": {"uv": [5.5, 6, 6.5, 5.5], "texture": "#particle"}
			}
		},
		{
			"name": "slingshot_15",
			"from": [5.26149, 13.64689, 6.5],
			"to": [7.26149, 14.64689, 7.5],
			"rotation": {"angle": 0, "axis": "z", "origin": [9.59619, 9.86244, 7]},
			"faces": {
				"north": {"uv": [3, 5.5, 2, 6], "texture": "#particle"},
				"east": {"uv": [2.5, 6, 3, 5.5], "rotation": 270, "texture": "#particle"},
				"south": {"uv": [3, 5.5, 2, 6], "rotation": 180, "texture": "#particle"},
				"west": {"uv": [2, 6, 2.5, 5.5], "rotation": 90, "texture": "#particle"},
				"up": {"uv": [3, 6, 2, 5.5], "rotation": 180, "texture": "#particle"},
				"down": {"uv": [2, 6, 3, 5.5], "texture": "#particle"}
			}
		},
		{
			"name": "slingshot_17",
			"from": [2.26149, 13.64689, 7.5],
			"to": [4.26149, 15.64689, 8.5],
			"rotation": {"angle": 0, "axis": "z", "origin": [9.59619, 9.86244, 7]},
			"faces": {
				"north": {"uv": [1.5, 6.5, 0.5, 7.5], "texture": "#particle"},
				"east": {"uv": [1.5, 6.5, 1, 7.5], "texture": "#particle"},
				"south": {"uv": [0.5, 6.5, 1.5, 7.5], "texture": "#particle"},
				"west": {"uv": [1, 6.5, 0.5, 7.5], "texture": "#particle"},
				"up": {"uv": [0.5, 7, 1.5, 6.5], "texture": "#particle"},
				"down": {"uv": [0.5, 7.5, 1.5, 7], "texture": "#particle"}
			}
		},
		{
			"name": "slingshot_19",
			"from": [15.26149, 13.64689, 7.5],
			"to": [17.26149, 15.64689, 8.5],
			"rotation": {"angle": 0, "axis": "z", "origin": [9.59619, 9.86244, 7]},
			"faces": {
				"north": {"uv": [8, 6.5, 7, 7.5], "texture": "#particle"},
				"east": {"uv": [8, 6.5, 7.5, 7.5], "texture": "#particle"},
				"south": {"uv": [7, 6.5, 8, 7.5], "texture": "#particle"},
				"west": {"uv": [7.5, 6.5, 7, 7.5], "texture": "#particle"},
				"up": {"uv": [7, 7, 8, 6.5], "texture": "#particle"},
				"down": {"uv": [7, 7.5, 8, 7], "texture": "#particle"}
			}
		},
		{
			"name": "slingshot_20",
			"from": [4.26149, 11.64689, 7.5],
			"to": [5.26149, 14.64689, 8.5],
			"rotation": {"angle": 0, "axis": "z", "origin": [9.59619, 9.86244, 7]},
			"faces": {
				"north": {"uv": [2, 7, 1.5, 8.5], "texture": "#particle"},
				"east": {"uv": [2, 7, 1.5, 8.5], "texture": "#particle"},
				"south": {"uv": [1.5, 7, 2, 8.5], "texture": "#particle"},
				"west": {"uv": [2, 7, 1.5, 8.5], "texture": "#particle"},
				"up": {"uv": [1.5, 7.5, 2, 7], "texture": "#particle"},
				"down": {"uv": [1.5, 8.5, 2, 8], "texture": "#particle"}
			}
		},
		{
			"name": "slingshot_21",
			"from": [14.26149, 11.64689, 7.5],
			"to": [15.26149, 14.64689, 8.5],
			"rotation": {"angle": 0, "axis": "z", "origin": [9.59619, 9.86244, 7]},
			"faces": {
				"north": {"uv": [7, 7, 6.5, 8.5], "texture": "#particle"},
				"east": {"uv": [7, 7, 6.5, 8.5], "texture": "#particle"},
				"south": {"uv": [6.5, 7, 7, 8.5], "texture": "#particle"},
				"west": {"uv": [7, 7, 6.5, 8.5], "texture": "#particle"},
				"up": {"uv": [6.5, 7.5, 7, 7], "texture": "#particle"},
				"down": {"uv": [6.5, 8.5, 7, 8], "texture": "#particle"}
			}
		},
		{
			"name": "slingshot_22",
			"from": [3.26149, 12.64689, 7.5],
			"to": [4.26149, 13.64689, 8.5],
			"rotation": {"angle": 0, "axis": "z", "origin": [9.59619, 9.86244, 7]},
			"faces": {
				"north": {"uv": [1.5, 7.5, 1, 8], "texture": "#particle"},
				"south": {"uv": [1, 7.5, 1.5, 8], "texture": "#particle"},
				"west": {"uv": [1.5, 7.5, 1, 8], "texture": "#particle"},
				"down": {"uv": [1, 8, 1.5, 7.5], "texture": "#particle"}
			}
		},
		{
			"name": "slingshot_23",
			"from": [5.26149, 10.64689, 7.5],
			"to": [6.26149, 13.64689, 8.5],
			"rotation": {"angle": 0, "axis": "z", "origin": [9.59619, 9.86244, 7]},
			"faces": {
				"north": {"uv": [2.5, 7.5, 2, 9], "texture": "#particle"},
				"east": {"uv": [2.5, 7.5, 2, 9], "texture": "#particle"},
				"south": {"uv": [2, 7.5, 2.5, 9], "texture": "#particle"},
				"west": {"uv": [2.5, 7.5, 2, 9], "texture": "#particle"},
				"up": {"uv": [2, 8, 2.5, 7.5], "texture": "#particle"},
				"down": {"uv": [2, 9, 2.5, 8.5], "texture": "#particle"}
			}
		},
		{
			"name": "slingshot_24",
			"from": [13.26149, 10.64689, 7.5],
			"to": [14.26149, 13.64689, 8.5],
			"rotation": {"angle": 0, "axis": "z", "origin": [9.59619, 9.86244, 7]},
			"faces": {
				"north": {"uv": [6.5, 7.5, 6, 9], "texture": "#particle"},
				"east": {"uv": [6.5, 7.5, 6, 9], "texture": "#particle"},
				"south": {"uv": [6, 7.5, 6.5, 9], "texture": "#particle"},
				"west": {"uv": [6.5, 7.5, 6, 9], "texture": "#particle"},
				"up": {"uv": [6, 8, 6.5, 7.5], "texture": "#particle"},
				"down": {"uv": [6, 9, 6.5, 8.5], "texture": "#particle"}
			}
		},
		{
			"name": "slingshot_25",
			"from": [15.26149, 12.64689, 7.5],
			"to": [16.26149, 13.64689, 8.5],
			"rotation": {"angle": 0, "axis": "z", "origin": [9.59619, 9.86244, 7]},
			"faces": {
				"north": {"uv": [7.5, 7.5, 7, 8], "texture": "#particle"},
				"east": {"uv": [7.5, 7.5, 7, 8], "texture": "#particle"},
				"south": {"uv": [7, 7.5, 7.5, 8], "texture": "#particle"},
				"down": {"uv": [7, 8, 7.5, 7.5], "texture": "#particle"}
			}
		},
		{
			"name": "slingshot_26",
			"from": [6.26149, 9.64689, 7.5],
			"to": [7.26149, 12.64689, 8.5],
			"rotation": {"angle": 0, "axis": "z", "origin": [9.59619, 9.86244, 7]},
			"faces": {
				"north": {"uv": [3, 8, 2.5, 9.5], "texture": "#particle"},
				"east": {"uv": [3, 8, 2.5, 9.5], "texture": "#particle"},
				"south": {"uv": [2.5, 8, 3, 9.5], "texture": "#particle"},
				"west": {"uv": [3, 8, 2.5, 9.5], "texture": "#particle"},
				"up": {"uv": [2.5, 8.5, 3, 8], "texture": "#particle"},
				"down": {"uv": [2.5, 9.5, 3, 9], "texture": "#particle"}
			}
		},
		{
			"name": "slingshot_27",
			"from": [12.26149, 9.64689, 7.5],
			"to": [13.26149, 12.64689, 8.5],
			"rotation": {"angle": 0, "axis": "z", "origin": [9.59619, 9.86244, 7]},
			"faces": {
				"north": {"uv": [6, 8, 5.5, 9.5], "texture": "#particle"},
				"east": {"uv": [6, 8, 5.5, 9.5], "texture": "#particle"},
				"south": {"uv": [5.5, 8, 6, 9.5], "texture": "#particle"},
				"west": {"uv": [6, 8, 5.5, 9.5], "texture": "#particle"},
				"up": {"uv": [5.5, 8.5, 6, 8], "texture": "#particle"},
				"down": {"uv": [5.5, 9.5, 6, 9], "texture": "#particle"}
			}
		},
		{
			"name": "slingshot_28",
			"from": [7.26149, 8.64689, 7.5],
			"to": [8.26149, 11.64689, 8.5],
			"rotation": {"angle": 0, "axis": "z", "origin": [9.59619, 9.86244, 7]},
			"faces": {
				"north": {"uv": [3.5, 8.5, 3, 10], "texture": "#particle"},
				"east": {"uv": [3.5, 8.5, 3, 10], "texture": "#particle"},
				"south": {"uv": [3, 8.5, 3.5, 10], "texture": "#particle"},
				"west": {"uv": [3.5, 8.5, 3, 10], "texture": "#particle"},
				"up": {"uv": [3, 9, 3.5, 8.5], "texture": "#particle"},
				"down": {"uv": [3, 10, 3.5, 9.5], "texture": "#particle"}
			}
		},
		{
			"name": "slingshot_29",
			"from": [11.26149, 8.64689, 7.5],
			"to": [12.26149, 11.64689, 8.5],
			"rotation": {"angle": 0, "axis": "z", "origin": [9.59619, 9.86244, 7]},
			"faces": {
				"north": {"uv": [5.5, 8.5, 5, 10], "texture": "#particle"},
				"east": {"uv": [5.5, 8.5, 5, 10], "texture": "#particle"},
				"south": {"uv": [5, 8.5, 5.5, 10], "texture": "#particle"},
				"west": {"uv": [5.5, 8.5, 5, 10], "texture": "#particle"},
				"up": {"uv": [5, 9, 5.5, 8.5], "texture": "#particle"},
				"down": {"uv": [5, 10, 5.5, 9.5], "texture": "#particle"}
			}
		},
		{
			"name": "slingshot_30",
			"from": [8.26149, 7.64689, 7.5],
			"to": [9.26149, 10.64689, 8.5],
			"rotation": {"angle": 0, "axis": "z", "origin": [9.59619, 9.86244, 7]},
			"faces": {
				"north": {"uv": [4, 9, 3.5, 10.5], "texture": "#particle"},
				"east": {"uv": [4, 9, 3.5, 10.5], "texture": "#particle"},
				"south": {"uv": [3.5, 9, 4, 10.5], "texture": "#particle"},
				"up": {"uv": [3.5, 9.5, 4, 9], "texture": "#particle"}
			}
		},
		{
			"name": "slingshot_31",
			"from": [10.26149, 7.64689, 7.5],
			"to": [11.26149, 10.64689, 8.5],
			"rotation": {"angle": 0, "axis": "z", "origin": [9.59619, 9.86244, 7]},
			"faces": {
				"north": {"uv": [5, 9, 4.5, 10.5], "texture": "#particle"},
				"south": {"uv": [4.5, 9, 5, 10.5], "texture": "#particle"},
				"west": {"uv": [5, 9, 4.5, 10.5], "texture": "#particle"},
				"up": {"uv": [4.5, 9.5, 5, 9], "texture": "#particle"}
			}
		},
		{
			"name": "slingshot_40",
			"from": [1, 1, 7.475],
			"to": [2, 3, 8.525],
			"rotation": {"angle": 45, "axis": "z", "origin": [9.59619, 9.86244, 7]},
			"faces": {
				"north": {"uv": [1, 14.5, 0.5, 15.5], "texture": "#particle"},
				"south": {"uv": [0.5, 14.5, 1, 15.5], "texture": "#particle"},
				"west": {"uv": [1, 14.5, 0.5, 15.5], "texture": "#particle"},
				"up": {"uv": [0.5, 15, 1, 14.5], "texture": "#particle"},
				"down": {"uv": [0.5, 15.5, 1, 15], "texture": "#particle"}
			}
		},
		{
			"name": "slingshot_39",
			"from": [2, 1, 7.475],
			"to": [3, 4, 8.525],
			"rotation": {"angle": 45, "axis": "z", "origin": [9.59619, 9.86244, 7]},
			"faces": {
				"north": {"uv": [1.5, 14, 1, 15.5], "texture": "#particle"},
				"east": {"uv": [1.5, 14, 1, 15.5], "texture": "#particle"},
				"south": {"uv": [1, 14, 1.5, 15.5], "texture": "#particle"},
				"west": {"uv": [1.5, 14, 1, 15.5], "texture": "#particle"},
				"up": {"uv": [1, 14.5, 1.5, 14], "texture": "#particle"},
				"down": {"uv": [1, 15.5, 1.5, 15], "texture": "#particle"}
			}
		},
		{
			"name": "slingshot_38",
			"from": [3, 2, 7.475],
			"to": [4, 5, 8.525],
			"rotation": {"angle": 45, "axis": "z", "origin": [9.59619, 9.86244, 7]},
			"faces": {
				"north": {"uv": [2, 13.5, 1.5, 15], "texture": "#particle"},
				"east": {"uv": [2, 13.5, 1.5, 15], "texture": "#particle"},
				"south": {"uv": [1.5, 13.5, 2, 15], "texture": "#particle"},
				"west": {"uv": [2, 13.5, 1.5, 15], "texture": "#particle"},
				"up": {"uv": [1.5, 14, 2, 13.5], "texture": "#particle"},
				"down": {"uv": [1.5, 15, 2, 14.5], "texture": "#particle"}
			}
		},
		{
			"name": "slingshot_37",
			"from": [4, 3, 7.475],
			"to": [5, 6, 8.525],
			"rotation": {"angle": 45, "axis": "z", "origin": [9.59619, 9.86244, 7]},
			"faces": {
				"north": {"uv": [2.5, 13, 2, 14.5], "texture": "#particle"},
				"east": {"uv": [2.5, 13, 2, 14.5], "texture": "#particle"},
				"south": {"uv": [2, 13, 2.5, 14.5], "texture": "#particle"},
				"west": {"uv": [2.5, 13, 2, 14.5], "texture": "#particle"},
				"up": {"uv": [2, 13.5, 2.5, 13], "texture": "#particle"},
				"down": {"uv": [2, 14.5, 2.5, 14], "texture": "#particle"}
			}
		},
		{
			"name": "slingshot_35",
			"from": [5, 4, 7.475],
			"to": [6, 7, 8.525],
			"rotation": {"angle": 45, "axis": "z", "origin": [9.59619, 9.86244, 7]},
			"faces": {
				"north": {"uv": [3, 12.5, 2.5, 14], "texture": "#particle"},
				"east": {"uv": [3, 12.5, 2.5, 14], "texture": "#particle"},
				"south": {"uv": [2.5, 12.5, 3, 14], "texture": "#particle"},
				"west": {"uv": [3, 12.5, 2.5, 14], "texture": "#particle"},
				"up": {"uv": [2.5, 13, 3, 12.5], "texture": "#particle"},
				"down": {"uv": [2.5, 14, 3, 13.5], "texture": "#particle"}
			}
		},
		{
			"name": "slingshot_36",
			"from": [7, 6, 7.475],
			"to": [8, 7, 8.525],
			"rotation": {"angle": 45, "axis": "z", "origin": [9.59619, 9.86244, 7]},
			"faces": {
				"north": {"uv": [4, 12.5, 3.5, 13], "texture": "#particle"},
				"east": {"uv": [4, 12.5, 3.5, 13], "texture": "#particle"},
				"south": {"uv": [3.5, 12.5, 4, 13], "texture": "#particle"},
				"down": {"uv": [3.5, 13, 4, 12.5], "texture": "#particle"}
			}
		},
		{
			"name": "slingshot_34",
			"from": [6, 5, 7.475],
			"to": [7, 8, 8.525],
			"rotation": {"angle": 45, "axis": "z", "origin": [9.59619, 9.86244, 7]},
			"faces": {
				"north": {"uv": [3.5, 12, 3, 13.5], "texture": "#particle"},
				"east": {"uv": [3.5, 12, 3, 13.5], "texture": "#particle"},
				"south": {"uv": [3, 12, 3.5, 13.5], "texture": "#particle"},
				"west": {"uv": [3.5, 12, 3, 13.5], "texture": "#particle"},
				"up": {"uv": [3, 12.5, 3.5, 12], "texture": "#particle"},
				"down": {"uv": [3, 13.5, 3.5, 13], "texture": "#particle"}
			}
		},
		{
			"name": "slingshot_33",
			"from": [7, 7, 7.475],
			"to": [10, 10, 8.525],
			"rotation": {"angle": 45, "axis": "z", "origin": [9.59619, 9.86244, 7]},
			"faces": {
				"north": {"uv": [5, 11, 3.5, 12.5], "texture": "#particle"},
				"east": {"uv": [5, 11, 4.5, 12.5], "texture": "#particle"},
				"south": {"uv": [3.5, 11, 5, 12.5], "texture": "#particle"},
				"west": {"uv": [4, 11, 3.5, 12.5], "texture": "#particle"},
				"up": {"uv": [3.5, 11.5, 5, 11], "texture": "#particle"},
				"down": {"uv": [3.5, 12.5, 5, 12], "texture": "#particle"}
			}
		},
		{
			"name": "arrow_0",
			"from": [9.25, 26.6, 9.05],
			"to": [10.25, 28.6, 12.05],
			"rotation": {"angle": 45, "axis": "x", "origin": [8, 7.25, 0.5]},
			"faces": {
				"north": {"uv": [12, 2, 13, 4], "texture": "#1"},
				"east": {"uv": [15, 2, 12, 4], "texture": "#1"},
				"south": {"uv": [14, 2, 15, 4], "texture": "#1"},
				"west": {"uv": [12, 2, 15, 4], "texture": "#1"},
				"up": {"uv": [12, 2, 15, 3], "rotation": 90, "texture": "#1"},
				"down": {"uv": [12, 3, 15, 4], "rotation": 270, "texture": "#1"}
			}
		},
		{
			"name": "arrow_1",
			"from": [9.25, 24.6, 7.05],
			"to": [10.25, 27.6, 9.05],
			"rotation": {"angle": 45, "axis": "x", "origin": [8, 7.25, 0.5]},
			"faces": {
				"north": {"uv": [10, 3, 11, 6], "texture": "#1"},
				"east": {"uv": [12, 3, 10, 6], "texture": "#1"},
				"west": {"uv": [10, 3, 12, 6], "texture": "#1"},
				"up": {"uv": [10, 3, 12, 4], "rotation": 90, "texture": "#1"},
				"down": {"uv": [10, 5, 12, 6], "rotation": 270, "texture": "#1"}
			}
		},
		{
			"name": "arrow_2",
			"from": [9.25, 24.6, 9.05],
			"to": [10.25, 26.6, 11.05],
			"rotation": {"angle": 45, "axis": "x", "origin": [8, 7.25, 0.5]},
			"faces": {
				"east": {"uv": [14, 4, 12, 6], "texture": "#1"},
				"south": {"uv": [13, 4, 14, 6], "texture": "#1"},
				"west": {"uv": [12, 4, 14, 6], "texture": "#1"},
				"down": {"uv": [12, 5, 14, 6], "rotation": 270, "texture": "#1"}
			}
		},
		{
			"name": "arrow_3",
			"from": [9.25, 23.6, 6.05],
			"to": [10.25, 24.6, 8.05],
			"rotation": {"angle": 45, "axis": "x", "origin": [8, 7.25, 0.5]},
			"faces": {
				"north": {"uv": [9, 6, 10, 7], "texture": "#1"},
				"east": {"uv": [11, 6, 9, 7], "texture": "#1"},
				"south": {"uv": [10, 6, 11, 7], "texture": "#1"},
				"west": {"uv": [9, 6, 11, 7], "texture": "#1"},
				"up": {"uv": [9, 6, 11, 7], "rotation": 90, "texture": "#1"},
				"down": {"uv": [9, 6, 11, 7], "rotation": 270, "texture": "#1"}
			}
		},
		{
			"name": "arrow_4",
			"from": [9.25, 23.6, 9.05],
			"to": [10.25, 24.6, 10.05],
			"rotation": {"angle": 45, "axis": "x", "origin": [8, 7.25, 0.5]},
			"faces": {
				"north": {"uv": [12, 6, 13, 7], "texture": "#1"},
				"east": {"uv": [13, 6, 12, 7], "texture": "#1"},
				"south": {"uv": [12, 6, 13, 7], "texture": "#1"},
				"west": {"uv": [12, 6, 13, 7], "texture": "#1"},
				"down": {"uv": [12, 6, 13, 7], "rotation": 270, "texture": "#1"}
			}
		},
		{
			"name": "arrow_5",
			"from": [9.25, 22.6, 5.05],
			"to": [10.25, 23.6, 7.05],
			"rotation": {"angle": 45, "axis": "x", "origin": [8, 7.25, 0.5]},
			"faces": {
				"north": {"uv": [8, 7, 9, 8], "texture": "#1"},
				"east": {"uv": [10, 7, 8, 8], "texture": "#1"},
				"south": {"uv": [9, 7, 10, 8], "texture": "#1"},
				"west": {"uv": [8, 7, 10, 8], "texture": "#1"},
				"up": {"uv": [8, 7, 10, 8], "rotation": 90, "texture": "#1"},
				"down": {"uv": [8, 7, 10, 8], "rotation": 270, "texture": "#1"}
			}
		},
		{
			"name": "arrow_6",
			"from": [9.25, 21.6, 4.05],
			"to": [10.25, 22.6, 6.05],
			"rotation": {"angle": 45, "axis": "x", "origin": [8, 7.25, 0.5]},
			"faces": {
				"north": {"uv": [7, 8, 8, 9], "texture": "#1"},
				"east": {"uv": [9, 8, 7, 9], "texture": "#1"},
				"south": {"uv": [8, 8, 9, 9], "texture": "#1"},
				"west": {"uv": [7, 8, 9, 9], "texture": "#1"},
				"up": {"uv": [7, 8, 9, 9], "rotation": 90, "texture": "#1"},
				"down": {"uv": [7, 8, 9, 9], "rotation": 270, "texture": "#1"}
			}
		},
		{
			"name": "arrow_7",
			"from": [9.25, 20.6, 3.05],
			"to": [10.25, 21.6, 5.05],
			"rotation": {"angle": 45, "axis": "x", "origin": [8, 7.25, 0.5]},
			"faces": {
				"north": {"uv": [6, 9, 7, 10], "texture": "#1"},
				"east": {"uv": [8, 9, 6, 10], "texture": "#1"},
				"south": {"uv": [7, 9, 8, 10], "texture": "#1"},
				"west": {"uv": [6, 9, 8, 10], "texture": "#1"},
				"up": {"uv": [6, 9, 8, 10], "rotation": 90, "texture": "#1"},
				"down": {"uv": [6, 9, 8, 10], "rotation": 270, "texture": "#1"}
			}
		},
		{
			"name": "arrow_8",
			"from": [9.25, 19.6, 2.05],
			"to": [10.25, 20.6, 4.05],
			"rotation": {"angle": 45, "axis": "x", "origin": [8, 7.25, 0.5]},
			"faces": {
				"north": {"uv": [5, 10, 6, 11], "texture": "#1"},
				"east": {"uv": [7, 10, 5, 11], "texture": "#1"},
				"south": {"uv": [6, 10, 7, 11], "texture": "#1"},
				"west": {"uv": [5, 10, 7, 11], "texture": "#1"},
				"up": {"uv": [5, 10, 7, 11], "rotation": 90, "texture": "#1"},
				"down": {"uv": [5, 10, 7, 11], "rotation": 270, "texture": "#1"}
			}
		},
		{
			"name": "arrow_9",
			"from": [9.25, 17.6, 0.05],
			"to": [10.25, 19.6, 3.05],
			"rotation": {"angle": 45, "axis": "x", "origin": [8, 7.25, 0.5]},
			"faces": {
				"north": {"uv": [3, 11, 4, 13], "texture": "#1"},
				"east": {"uv": [6, 11, 3, 13], "texture": "#1"},
				"south": {"uv": [5, 11, 6, 13], "texture": "#1"},
				"west": {"uv": [3, 11, 6, 13], "texture": "#1"},
				"up": {"uv": [3, 11, 6, 12], "rotation": 90, "texture": "#1"},
				"down": {"uv": [3, 12, 6, 13], "rotation": 270, "texture": "#1"}
			}
		},
		{
			"name": "arrow_10",
			"from": [9.25, 16.6, -0.95],
			"to": [10.25, 18.6, 0.05],
			"rotation": {"angle": 45, "axis": "x", "origin": [8, 7.25, 0.5]},
			"faces": {
				"north": {"uv": [2, 12, 3, 14], "texture": "#1"},
				"east": {"uv": [3, 12, 2, 14], "texture": "#1"},
				"west": {"uv": [2, 12, 3, 14], "texture": "#1"},
				"up": {"uv": [2, 12, 3, 13], "rotation": 90, "texture": "#1"},
				"down": {"uv": [2, 13, 3, 14], "rotation": 270, "texture": "#1"}
			}
		},
		{
			"name": "arrow_11",
			"from": [9.25, 16.6, 0.05],
			"to": [10.25, 17.6, 2.05],
			"rotation": {"angle": 45, "axis": "x", "origin": [8, 7.25, 0.5]},
			"faces": {
				"east": {"uv": [5, 13, 3, 14], "texture": "#1"},
				"south": {"uv": [4, 13, 5, 14], "texture": "#1"},
				"west": {"uv": [3, 13, 5, 14], "texture": "#1"},
				"down": {"uv": [3, 13, 5, 14], "rotation": 270, "texture": "#1"}
			}
		},
		{
			"name": "arrow_12",
			"from": [9.25, 15.6, 0.05],
			"to": [10.25, 16.6, 1.05],
			"rotation": {"angle": 45, "axis": "x", "origin": [8, 7.25, 0.5]},
			"faces": {
				"north": {"uv": [3, 14, 4, 15], "texture": "#1"},
				"east": {"uv": [4, 14, 3, 15], "texture": "#1"},
				"south": {"uv": [3, 14, 4, 15], "texture": "#1"},
				"west": {"uv": [3, 14, 4, 15], "texture": "#1"},
				"down": {"uv": [3, 14, 4, 15], "rotation": 270, "texture": "#1"}
			}
		}
	],
	"gui_light": "front",
	"display": {
		"thirdperson_righthand": {
			"rotation": [0, 165, -90],
			"translation": [-3.75, -0.25, -2]
		},
		"thirdperson_lefthand": {
			"rotation": [0, 165, -90],
			"translation": [-3.75, -3.75, -2]
		},
		"firstperson_righthand": {
			"rotation": [15, 180, -21],
			"translation": [7.75, 0.5, -4.5],
			"scale": [0.8, 0.8, 0.8]
		},
		"firstperson_lefthand": {
			"rotation": [15, 180, -21],
			"translation": [5, -0.5, -4.5],
			"scale": [0.8, 0.8, 0.8]
		},
		"ground": {
			"translation": [0, 5, 0],
			"scale": [0.7, 0.7, 0.7]
		},
		"gui": {
			"rotation": [0, -22.5, -45],
			"translation": [-2.2, -0.28, 0],
			"scale": [0.88, 0.88, 0.88]
		},
		"fixed": {
			"translation": [-2, -2, 0]
		}
	}
}