{
	"credit": "Created by Mickey Joe Alpha - http://YouTube.com/@MushirMickeyJoe",
	"textures": {
		"particle": "item/bow/slingshot"
	},
	"elements": [
		{
			"name": "slingshot_17",
			"from": [5.75, 16, 7.5],
			"to": [7.75, 18, 8.5],
			"rotation": {"angle": -45, "axis": "z", "origin": [8.5, 15.25, 5.5]},
			"faces": {
				"north": {"uv": [1.5, 6.5, 0.5, 7.5], "texture": "#particle"},
				"east": {"uv": [1.5, 6.5, 1, 7.5], "texture": "#particle"},
				"south": {"uv": [0.5, 6.5, 1.5, 7.5], "texture": "#particle"},
				"west": {"uv": [1, 6.5, 0.5, 7.5], "texture": "#particle"},
				"up": {"uv": [0.5, 7, 1.5, 6.5], "texture": "#particle"},
				"down": {"uv": [0.5, 7.5, 1.5, 7], "texture": "#particle"}
			}
		},
		{
			"name": "slingshot_18",
			"from": [8.75, 16, 7.5],
			"to": [17.75, 17, 8.5],
			"rotation": {"angle": -45, "axis": "z", "origin": [8.5, 15.25, 5.5]},
			"faces": {
				"north": {"uv": [6.5, 6.5, 2, 7], "texture": "#particle"},
				"south": {"uv": [2, 6.5, 6.5, 7], "texture": "#particle"},
				"up": {"uv": [2, 7, 6.5, 6.5], "texture": "#particle"},
				"down": {"uv": [2, 7, 6.5, 6.5], "texture": "#particle"}
			}
		},
		{
			"name": "slingshot_19",
			"from": [18.75, 16, 7.5],
			"to": [20.75, 18, 8.5],
			"rotation": {"angle": -45, "axis": "z", "origin": [8.5, 15.25, 5.5]},
			"faces": {
				"north": {"uv": [8, 6.5, 7, 7.5], "texture": "#particle"},
				"east": {"uv": [8, 6.5, 7.5, 7.5], "texture": "#particle"},
				"south": {"uv": [7, 6.5, 8, 7.5], "texture": "#particle"},
				"west": {"uv": [7.5, 6.5, 7, 7.5], "texture": "#particle"},
				"up": {"uv": [7, 7, 8, 6.5], "texture": "#particle"},
				"down": {"uv": [7, 7.5, 8, 7], "texture": "#particle"}
			}
		},
		{
			"name": "slingshot_20",
			"from": [7.75, 14, 7.5],
			"to": [8.75, 17, 8.5],
			"rotation": {"angle": -45, "axis": "z", "origin": [8.5, 15.25, 5.5]},
			"faces": {
				"north": {"uv": [2, 7, 1.5, 8.5], "texture": "#particle"},
				"south": {"uv": [1.5, 7, 2, 8.5], "texture": "#particle"},
				"west": {"uv": [2, 7, 1.5, 8.5], "texture": "#particle"},
				"up": {"uv": [1.5, 7.5, 2, 7], "texture": "#particle"},
				"down": {"uv": [1.5, 8.5, 2, 8], "texture": "#particle"}
			}
		},
		{
			"name": "slingshot_21",
			"from": [17.75, 14, 7.5],
			"to": [18.75, 17, 8.5],
			"rotation": {"angle": -45, "axis": "z", "origin": [8.5, 15.25, 5.5]},
			"faces": {
				"north": {"uv": [7, 7, 6.5, 8.5], "texture": "#particle"},
				"east": {"uv": [7, 7, 6.5, 8.5], "texture": "#particle"},
				"south": {"uv": [6.5, 7, 7, 8.5], "texture": "#particle"},
				"up": {"uv": [6.5, 7.5, 7, 7], "texture": "#particle"},
				"down": {"uv": [6.5, 8.5, 7, 8], "texture": "#particle"}
			}
		},
		{
			"name": "slingshot_22",
			"from": [6.75, 15, 7.5],
			"to": [7.75, 16, 8.5],
			"rotation": {"angle": -45, "axis": "z", "origin": [8.5, 15.25, 5.5]},
			"faces": {
				"north": {"uv": [1.5, 7.5, 1, 8], "texture": "#particle"},
				"south": {"uv": [1, 7.5, 1.5, 8], "texture": "#particle"},
				"west": {"uv": [1.5, 7.5, 1, 8], "texture": "#particle"},
				"down": {"uv": [1, 8, 1.5, 7.5], "texture": "#particle"}
			}
		},
		{
			"name": "slingshot_23",
			"from": [8.75, 13, 7.5],
			"to": [9.75, 16, 8.5],
			"rotation": {"angle": -45, "axis": "z", "origin": [8.5, 15.25, 5.5]},
			"faces": {
				"north": {"uv": [2.5, 7.5, 2, 9], "texture": "#particle"},
				"east": {"uv": [2.5, 7.5, 2, 9], "texture": "#particle"},
				"south": {"uv": [2, 7.5, 2.5, 9], "texture": "#particle"},
				"west": {"uv": [2.5, 7.5, 2, 9], "texture": "#particle"},
				"down": {"uv": [2, 9, 2.5, 8.5], "texture": "#particle"}
			}
		},
		{
			"name": "slingshot_24",
			"from": [16.75, 13, 7.5],
			"to": [17.75, 16, 8.5],
			"rotation": {"angle": -45, "axis": "z", "origin": [8.5, 15.25, 5.5]},
			"faces": {
				"north": {"uv": [6.5, 7.5, 6, 9], "texture": "#particle"},
				"east": {"uv": [6.5, 7.5, 6, 9], "texture": "#particle"},
				"south": {"uv": [6, 7.5, 6.5, 9], "texture": "#particle"},
				"west": {"uv": [6.5, 7.5, 6, 9], "texture": "#particle"},
				"down": {"uv": [6, 9, 6.5, 8.5], "texture": "#particle"}
			}
		},
		{
			"name": "slingshot_25",
			"from": [18.75, 15, 7.5],
			"to": [19.75, 16, 8.5],
			"rotation": {"angle": -45, "axis": "z", "origin": [8.5, 15.25, 5.5]},
			"faces": {
				"north": {"uv": [7.5, 7.5, 7, 8], "texture": "#particle"},
				"east": {"uv": [7.5, 7.5, 7, 8], "texture": "#particle"},
				"south": {"uv": [7, 7.5, 7.5, 8], "texture": "#particle"},
				"down": {"uv": [7, 8, 7.5, 7.5], "texture": "#particle"}
			}
		},
		{
			"name": "slingshot_26",
			"from": [9.75, 12, 7.5],
			"to": [10.75, 15, 8.5],
			"rotation": {"angle": -45, "axis": "z", "origin": [8.5, 15.25, 5.5]},
			"faces": {
				"north": {"uv": [3, 8, 2.5, 9.5], "texture": "#particle"},
				"east": {"uv": [3, 8, 2.5, 9.5], "texture": "#particle"},
				"south": {"uv": [2.5, 8, 3, 9.5], "texture": "#particle"},
				"west": {"uv": [3, 8, 2.5, 9.5], "texture": "#particle"},
				"up": {"uv": [2.5, 8.5, 3, 8], "texture": "#particle"},
				"down": {"uv": [2.5, 9.5, 3, 9], "texture": "#particle"}
			}
		},
		{
			"name": "slingshot_27",
			"from": [15.75, 12, 7.5],
			"to": [16.75, 15, 8.5],
			"rotation": {"angle": -45, "axis": "z", "origin": [8.5, 15.25, 5.5]},
			"faces": {
				"north": {"uv": [6, 8, 5.5, 9.5], "texture": "#particle"},
				"east": {"uv": [6, 8, 5.5, 9.5], "texture": "#particle"},
				"south": {"uv": [5.5, 8, 6, 9.5], "texture": "#particle"},
				"west": {"uv": [6, 8, 5.5, 9.5], "texture": "#particle"},
				"up": {"uv": [5.5, 8.5, 6, 8], "texture": "#particle"},
				"down": {"uv": [5.5, 9.5, 6, 9], "texture": "#particle"}
			}
		},
		{
			"name": "slingshot_28",
			"from": [10.75, 11, 7.5],
			"to": [11.75, 14, 8.5],
			"rotation": {"angle": -45, "axis": "z", "origin": [8.5, 15.25, 5.5]},
			"faces": {
				"north": {"uv": [3.5, 8.5, 3, 10], "texture": "#particle"},
				"east": {"uv": [3.5, 8.5, 3, 10], "texture": "#particle"},
				"south": {"uv": [3, 8.5, 3.5, 10], "texture": "#particle"},
				"west": {"uv": [3.5, 8.5, 3, 10], "texture": "#particle"},
				"up": {"uv": [3, 9, 3.5, 8.5], "texture": "#particle"},
				"down": {"uv": [3, 10, 3.5, 9.5], "texture": "#particle"}
			}
		},
		{
			"name": "slingshot_29",
			"from": [14.75, 11, 7.5],
			"to": [15.75, 14, 8.5],
			"rotation": {"angle": -45, "axis": "z", "origin": [8.5, 15.25, 5.5]},
			"faces": {
				"north": {"uv": [5.5, 8.5, 5, 10], "texture": "#particle"},
				"east": {"uv": [5.5, 8.5, 5, 10], "texture": "#particle"},
				"south": {"uv": [5, 8.5, 5.5, 10], "texture": "#particle"},
				"west": {"uv": [5.5, 8.5, 5, 10], "texture": "#particle"},
				"up": {"uv": [5, 9, 5.5, 8.5], "texture": "#particle"},
				"down": {"uv": [5, 10, 5.5, 9.5], "texture": "#particle"}
			}
		},
		{
			"name": "slingshot_30",
			"from": [11.75, 10, 7.5],
			"to": [12.75, 13, 8.5],
			"rotation": {"angle": -45, "axis": "z", "origin": [8.5, 15.25, 5.5]},
			"faces": {
				"north": {"uv": [4, 9, 3.5, 10.5], "texture": "#particle"},
				"east": {"uv": [4, 9, 3.5, 10.5], "texture": "#particle"},
				"south": {"uv": [3.5, 9, 4, 10.5], "texture": "#particle"},
				"up": {"uv": [3.5, 9.5, 4, 9], "texture": "#particle"}
			}
		},
		{
			"name": "slingshot_31",
			"from": [13.75, 10, 7.5],
			"to": [14.75, 13, 8.5],
			"rotation": {"angle": -45, "axis": "z", "origin": [8.5, 15.25, 5.5]},
			"faces": {
				"north": {"uv": [5, 9, 4.5, 10.5], "texture": "#particle"},
				"south": {"uv": [4.5, 9, 5, 10.5], "texture": "#particle"},
				"west": {"uv": [5, 9, 4.5, 10.5], "texture": "#particle"},
				"up": {"uv": [4.5, 9.5, 5, 9], "texture": "#particle"}
			}
		},
		{
			"name": "slingshot_40",
			"from": [1, 1, 7.475],
			"to": [2, 3, 8.525],
			"rotation": {"angle": 0, "axis": "y", "origin": [-8, 0, 24]},
			"faces": {
				"north": {"uv": [1, 14.5, 0.5, 15.5], "texture": "#particle"},
				"south": {"uv": [0.5, 14.5, 1, 15.5], "texture": "#particle"},
				"west": {"uv": [1, 14.5, 0.5, 15.5], "texture": "#particle"},
				"up": {"uv": [0.5, 15, 1, 14.5], "texture": "#particle"},
				"down": {"uv": [0.5, 15.5, 1, 15], "texture": "#particle"}
			}
		},
		{
			"name": "slingshot_39",
			"from": [2, 1, 7.475],
			"to": [3, 4, 8.525],
			"rotation": {"angle": 0, "axis": "y", "origin": [-8, 0, 24]},
			"faces": {
				"north": {"uv": [1.5, 14, 1, 15.5], "texture": "#particle"},
				"east": {"uv": [1.5, 14, 1, 15.5], "texture": "#particle"},
				"south": {"uv": [1, 14, 1.5, 15.5], "texture": "#particle"},
				"west": {"uv": [1.5, 14, 1, 15.5], "texture": "#particle"},
				"up": {"uv": [1, 14.5, 1.5, 14], "texture": "#particle"},
				"down": {"uv": [1, 15.5, 1.5, 15], "texture": "#particle"}
			}
		},
		{
			"name": "slingshot_38",
			"from": [3, 2, 7.475],
			"to": [4, 5, 8.525],
			"rotation": {"angle": 0, "axis": "y", "origin": [-8, 0, 24]},
			"faces": {
				"north": {"uv": [2, 13.5, 1.5, 15], "texture": "#particle"},
				"east": {"uv": [2, 13.5, 1.5, 15], "texture": "#particle"},
				"south": {"uv": [1.5, 13.5, 2, 15], "texture": "#particle"},
				"west": {"uv": [2, 13.5, 1.5, 15], "texture": "#particle"},
				"up": {"uv": [1.5, 14, 2, 13.5], "texture": "#particle"},
				"down": {"uv": [1.5, 15, 2, 14.5], "texture": "#particle"}
			}
		},
		{
			"name": "slingshot_37",
			"from": [4, 3, 7.475],
			"to": [5, 6, 8.525],
			"rotation": {"angle": 0, "axis": "y", "origin": [-8, 0, 24]},
			"faces": {
				"north": {"uv": [2.5, 13, 2, 14.5], "texture": "#particle"},
				"east": {"uv": [2.5, 13, 2, 14.5], "texture": "#particle"},
				"south": {"uv": [2, 13, 2.5, 14.5], "texture": "#particle"},
				"west": {"uv": [2.5, 13, 2, 14.5], "texture": "#particle"},
				"up": {"uv": [2, 13.5, 2.5, 13], "texture": "#particle"},
				"down": {"uv": [2, 14.5, 2.5, 14], "texture": "#particle"}
			}
		},
		{
			"name": "slingshot_35",
			"from": [5, 4, 7.475],
			"to": [6, 7, 8.525],
			"rotation": {"angle": 0, "axis": "y", "origin": [-8, 0, 24]},
			"faces": {
				"north": {"uv": [3, 12.5, 2.5, 14], "texture": "#particle"},
				"east": {"uv": [3, 12.5, 2.5, 14], "texture": "#particle"},
				"south": {"uv": [2.5, 12.5, 3, 14], "texture": "#particle"},
				"west": {"uv": [3, 12.5, 2.5, 14], "texture": "#particle"},
				"up": {"uv": [2.5, 13, 3, 12.5], "texture": "#particle"},
				"down": {"uv": [2.5, 14, 3, 13.5], "texture": "#particle"}
			}
		},
		{
			"name": "slingshot_36",
			"from": [7, 6, 7.475],
			"to": [8, 7, 8.525],
			"rotation": {"angle": 0, "axis": "y", "origin": [-8, 0, 24]},
			"faces": {
				"north": {"uv": [4, 12.5, 3.5, 13], "texture": "#particle"},
				"east": {"uv": [4, 12.5, 3.5, 13], "texture": "#particle"},
				"south": {"uv": [3.5, 12.5, 4, 13], "texture": "#particle"},
				"down": {"uv": [3.5, 13, 4, 12.5], "texture": "#particle"}
			}
		},
		{
			"name": "slingshot_34",
			"from": [6, 5, 7.475],
			"to": [7, 8, 8.525],
			"rotation": {"angle": 0, "axis": "y", "origin": [-8, 0, 24]},
			"faces": {
				"north": {"uv": [3.5, 12, 3, 13.5], "texture": "#particle"},
				"east": {"uv": [3.5, 12, 3, 13.5], "texture": "#particle"},
				"south": {"uv": [3, 12, 3.5, 13.5], "texture": "#particle"},
				"west": {"uv": [3.5, 12, 3, 13.5], "texture": "#particle"},
				"up": {"uv": [3, 12.5, 3.5, 12], "texture": "#particle"},
				"down": {"uv": [3, 13.5, 3.5, 13], "texture": "#particle"}
			}
		},
		{
			"name": "slingshot_33",
			"from": [7, 7, 7.475],
			"to": [10, 10, 8.525],
			"rotation": {"angle": 0, "axis": "y", "origin": [-8, 0, 24]},
			"faces": {
				"north": {"uv": [5, 11, 3.5, 12.5], "texture": "#particle"},
				"east": {"uv": [5, 11, 4.5, 12.5], "texture": "#particle"},
				"south": {"uv": [3.5, 11, 5, 12.5], "texture": "#particle"},
				"west": {"uv": [4, 11, 3.5, 12.5], "texture": "#particle"},
				"up": {"uv": [3.5, 11.5, 5, 11], "texture": "#particle"},
				"down": {"uv": [3.5, 12.5, 5, 12], "texture": "#particle"}
			}
		}
	],
	"gui_light": "front",
	"display": {
		"thirdperson_righthand": {
			"rotation": [0, 180, 45],
			"translation": [0, 0.5, 1.75]
		},
		"thirdperson_lefthand": {
			"rotation": [0, 180, -45],
			"translation": [0, 0.5, 1.75]
		},
		"firstperson_righthand": {
			"rotation": [5, 180, 21],
			"translation": [5.5, -0.25, -1.75],
			"scale": [0.8, 0.8, 0.8]
		},
		"firstperson_lefthand": {
			"rotation": [5, -180, -69],
			"translation": [5.5, -0.25, -1.75],
			"scale": [0.8, 0.8, 0.8]
		},
		"ground": {
			"translation": [0, 5, 0],
			"scale": [0.7, 0.7, 0.7]
		},
		"gui": {
			"rotation": [0, -22.5, 0],
			"translation": [-1.5, -1.75, 0],
			"scale": [0.88, 0.88, 0.88]
		},
		"fixed": {
			"translation": [-2, -2, 0]
		}
	}
}