{
	"credit": "Created by Mickey Joe Alpha - http://YouTube.com/@MushirMickeyJoe",
	"texture_size": [32, 32],
	"textures": {
		"particle": "item/bow/steampunk_arm_cannon"
	},
	"elements": [
		{
			"from": [5.5, 0, 6],
			"to": [10.5, 5, 10],
			"rotation": {"angle": 0, "axis": "y", "origin": [0, 0, 1]},
			"faces": {
				"east": {"uv": [2, 2, 0, 4.5], "texture": "#particle"},
				"west": {"uv": [0, 2, 2, 4.5], "texture": "#particle"},
				"up": {"uv": [2.5, 2, 0, 0], "texture": "#particle"},
				"down": {"uv": [5, 0, 2.5, 2], "texture": "#particle"}
			}
		},
		{
			"from": [5, -0.5, 10],
			"to": [11, 5.5, 12],
			"rotation": {"angle": 0, "axis": "y", "origin": [0.5, 0.5, 1]},
			"faces": {
				"north": {"uv": [5, 1, 8, 4], "texture": "#particle"},
				"east": {"uv": [9, 1, 8, 4], "texture": "#particle"},
				"south": {"uv": [9, 1, 12, 4], "texture": "#particle"},
				"west": {"uv": [8, 1, 9, 4], "texture": "#particle"},
				"up": {"uv": [8, 1, 5, 0], "texture": "#particle"},
				"down": {"uv": [11, 0, 8, 1], "texture": "#particle"}
			}
		},
		{
			"from": [10, 4.5, 12],
			"to": [6, 0.5, 6],
			"rotation": {"angle": 0, "axis": "y", "origin": [4.5, 4.5, 11]},
			"faces": {
				"east": {"uv": [0, 6, 3, 8], "texture": "#particle"},
				"west": {"uv": [3, 6, 0, 8], "texture": "#particle"},
				"up": {"uv": [3, 8, 0, 6], "rotation": 90, "texture": "#particle"},
				"down": {"uv": [0, 8, 3, 6], "rotation": 90, "texture": "#particle"}
			}
		},
		{
			"from": [10, 0.5, 6.1],
			"to": [6, 4.5, 6.1],
			"rotation": {"angle": 0, "axis": "y", "origin": [4.5, 4.5, 11.1]},
			"faces": {
				"north": {"uv": [3, 8, 5, 6], "rotation": 90, "texture": "#particle"}
			}
		},
		{
			"from": [4.5, -1, -2],
			"to": [11.5, 6, 3],
			"rotation": {"angle": 0, "axis": "y", "origin": [0, 0, -6]},
			"faces": {
				"east": {"uv": [10, 11.5, 12.5, 15], "texture": "#particle"},
				"west": {"uv": [12.5, 11.5, 15, 15], "texture": "#particle"},
				"up": {"uv": [12.5, 11.5, 9, 9], "texture": "#particle"},
				"down": {"uv": [16, 9, 12.5, 11.5], "texture": "#particle"}
			}
		},
		{
			"from": [11.5, 2, 0],
			"to": [14.5, 3, 1],
			"rotation": {"angle": 0, "axis": "y", "origin": [5, 3, -8]},
			"faces": {
				"north": {"uv": [10, 15.5, 11.5, 16], "texture": "#particle"},
				"east": {"uv": [10, 15.5, 10.5, 16], "texture": "#particle"},
				"south": {"uv": [11.5, 15.5, 10, 16], "texture": "#particle"},
				"up": {"uv": [11.5, 16, 10, 15.5], "texture": "#particle"},
				"down": {"uv": [11.5, 15.5, 10, 16], "texture": "#particle"}
			}
		},
		{
			"from": [7.5, 6, 0],
			"to": [8.5, 9, 1],
			"rotation": {"angle": 0, "axis": "y", "origin": [1, 7, -8]},
			"faces": {
				"north": {"uv": [0, 14.5, 0.5, 16], "texture": "#particle"},
				"east": {"uv": [0, 14.5, 0.5, 16], "texture": "#particle"},
				"south": {"uv": [0, 14.5, 0.5, 16], "texture": "#particle"},
				"west": {"uv": [0, 14.5, 0.5, 16], "texture": "#particle"},
				"up": {"uv": [0.5, 15, 0, 14.5], "texture": "#particle"}
			}
		},
		{
			"from": [4, -1.5, 3],
			"to": [12, 6.5, 5],
			"rotation": {"angle": 0, "axis": "y", "origin": [-0.5, -0.5, -6]},
			"faces": {
				"north": {"uv": [7, 5, 11, 9], "texture": "#particle"},
				"east": {"uv": [12, 5, 11, 9], "texture": "#particle"},
				"south": {"uv": [12, 5, 16, 9], "texture": "#particle"},
				"west": {"uv": [11, 5, 12, 9], "texture": "#particle"},
				"up": {"uv": [11, 5, 7, 4], "texture": "#particle"},
				"down": {"uv": [15, 4, 11, 5], "texture": "#particle"}
			}
		},
		{
			"from": [4, -1.5, -4],
			"to": [12, 6.5, -2],
			"rotation": {"angle": 0, "axis": "y", "origin": [-0.5, -0.5, -13]},
			"faces": {
				"north": {"uv": [1, 12, 5, 16], "texture": "#particle"},
				"east": {"uv": [6, 12, 5, 16], "texture": "#particle"},
				"south": {"uv": [6, 12, 10, 16], "texture": "#particle"},
				"west": {"uv": [5, 12, 6, 16], "texture": "#particle"},
				"up": {"uv": [5, 12, 1, 11], "texture": "#particle"},
				"down": {"uv": [9, 11, 5, 12], "texture": "#particle"}
			}
		},
		{
			"from": [11, 5.5, -2],
			"to": [5, -0.5, -4],
			"rotation": {"angle": 0, "axis": "y", "origin": [5.5, 5.5, -8]},
			"faces": {
				"north": {"uv": [3, 11, 0, 8], "texture": "#particle"},
				"east": {"uv": [5, 15.5, 6, 12.5], "texture": "#particle"},
				"west": {"uv": [6, 15.5, 5, 12.5], "texture": "#particle"},
				"up": {"uv": [8, 11, 5, 12], "texture": "#particle"},
				"down": {"uv": [1.5, 12.5, 4.5, 11.5], "texture": "#particle"}
			}
		},
		{
			"from": [5, -0.5, 5],
			"to": [11, 5.5, 6],
			"rotation": {"angle": 0, "axis": "y", "origin": [-0.5, -0.5, -5]},
			"faces": {
				"east": {"uv": [13, 1, 12.5, 4], "texture": "#particle"},
				"south": {"uv": [13, 1, 16, 4], "texture": "#particle"},
				"west": {"uv": [12.5, 1, 13, 4], "texture": "#particle"},
				"up": {"uv": [15.5, 0.5, 12.5, 0], "texture": "#particle"},
				"down": {"uv": [15.5, 0.5, 12.5, 1], "texture": "#particle"}
			}
		},
		{
			"name": "great_hogs_glory_pulling_2_0",
			"from": [3.5, 0, 1],
			"to": [4.5, 4, 2],
			"rotation": {"angle": 22.5, "axis": "x", "origin": [4, 1.5, 0.5]},
			"faces": {
				"north": {"uv": [2.5, 2, 3, 4], "texture": "#particle"},
				"south": {"uv": [2.5, 2, 3, 4], "texture": "#particle"},
				"west": {"uv": [3, 2, 2.5, 4], "texture": "#particle"},
				"up": {"uv": [2.5, 2, 3, 2.5], "rotation": 270, "texture": "#particle"},
				"down": {"uv": [2.5, 3.5, 3, 4], "rotation": 90, "texture": "#particle"}
			}
		},
		{
			"name": "great_hogs_glory_pulling_2_3",
			"from": [3.5, 0, 2],
			"to": [4.5, 1, 3],
			"rotation": {"angle": 22.5, "axis": "x", "origin": [4, 1.5, 0.5]},
			"faces": {
				"south": {"uv": [2, 3.5, 2.5, 4], "texture": "#particle"},
				"west": {"uv": [2.5, 3.5, 2, 4], "texture": "#particle"},
				"up": {"uv": [2, 3.5, 2.5, 4], "rotation": 270, "texture": "#particle"},
				"down": {"uv": [2, 3.5, 2.5, 4], "rotation": 90, "texture": "#particle"}
			}
		},
		{
			"name": "great_hogs_glory_pulling_2_1",
			"from": [3.5, 0, -1],
			"to": [4.5, 3, 1],
			"rotation": {"angle": 22.5, "axis": "x", "origin": [4, 1.5, 0.5]},
			"faces": {
				"north": {"uv": [3.5, 2.5, 4, 4], "texture": "#particle"},
				"west": {"uv": [4, 2.5, 3, 4], "texture": "#particle"},
				"up": {"uv": [3, 2.5, 4, 3], "rotation": 270, "texture": "#particle"},
				"down": {"uv": [3, 3.5, 4, 4], "rotation": 90, "texture": "#particle"}
			}
		},
		{
			"name": "great_hogs_glory_pulling_2_4",
			"from": [3.5, -1, -1],
			"to": [4.5, 0, 0],
			"rotation": {"angle": 22.5, "axis": "x", "origin": [4, 1.5, 0.5]},
			"faces": {
				"north": {"uv": [3.5, 4, 4, 4.5], "texture": "#particle"},
				"south": {"uv": [3.5, 4, 4, 4.5], "texture": "#particle"},
				"west": {"uv": [4, 4, 3.5, 4.5], "texture": "#particle"},
				"down": {"uv": [3.5, 4, 4, 4.5], "rotation": 90, "texture": "#particle"}
			}
		},
		{
			"name": "great_hogs_glory_pulling_2_2",
			"from": [3.5, 2, -2],
			"to": [4.5, 3, -1],
			"rotation": {"angle": 22.5, "axis": "x", "origin": [4, 1.5, 0.5]},
			"faces": {
				"north": {"uv": [4, 2.5, 4.5, 3], "texture": "#particle"},
				"west": {"uv": [4.5, 2.5, 4, 3], "texture": "#particle"},
				"up": {"uv": [4, 2.5, 4.5, 3], "rotation": 270, "texture": "#particle"},
				"down": {"uv": [4, 2.5, 4.5, 3], "rotation": 90, "texture": "#particle"}
			}
		}
	],
	"gui_light": "front",
	"display": {
		"thirdperson_righthand": {
			"translation": [0, 3.5, 5.25]
		},
		"thirdperson_lefthand": {
			"translation": [0, 3.5, 6.25]
		},
		"firstperson_righthand": {
			"rotation": [69, 1, 14],
			"translation": [2.25, 5.75, 6.38],
			"scale": [0.68, 0.68, 0.68]
		},
		"firstperson_lefthand": {
			"rotation": [69, 1, 14],
			"translation": [2.25, 5.75, 6.38],
			"scale": [0.68, 0.68, 0.68]
		},
		"ground": {
			"translation": [0, 7, 2.75],
			"scale": [0.75, 0.75, 0.75]
		},
		"gui": {
			"rotation": [108, 47, -135],
			"translation": [5.75, 0.75, 0],
			"scale": [0.93, 0.93, 0.93]
		},
		"head": {
			"translation": [0, 1.5, -6.5]
		},
		"fixed": {
			"rotation": [90, -45, 90],
			"translation": [-6, 2.75, -1.75]
		}
	}
}