{
	"credit": "Created by Mickey Joe Alpha - http://YouTube.com/@MushirMickeyJoe",
	"texture_size": [32, 32],
	"textures": {
		"1": "item/bow/arm_cannon_ring",
		"2": "item/bow/steampunk_arm_cannon_siphon",
		"3": "item/bow/steampunk_arm_cannon_arrow",
		"4": "./steampunk_arm_cannon_pulse",
		"particle": "item/bow/steampunk_arm_cannon"
	},
	"elements": [
		{
			"name": "arrow_5",
			"from": [7.5, 8.4, -4.6],
			"to": [8.5, 9.4, -2.6],
			"rotation": {"angle": -45, "axis": "x", "origin": [0.5, 7.25, 4.8]},
			"faces": {
				"north": {"uv": [9, 7, 10, 8], "texture": "#3"},
				"east": {"uv": [8, 7, 10, 8], "texture": "#3"},
				"west": {"uv": [10, 7, 8, 8], "texture": "#3"},
				"up": {"uv": [8, 7, 10, 8], "rotation": 270, "texture": "#3"},
				"down": {"uv": [8, 7, 10, 8], "rotation": 90, "texture": "#3"}
			}
		},
		{
			"name": "arrow_4",
			"from": [7.5, 9.4, -7.6],
			"to": [8.5, 10.4, -6.6],
			"rotation": {"angle": -45, "axis": "x", "origin": [0.5, 7.25, 4.8]},
			"faces": {
				"north": {"uv": [12, 6, 13, 7], "texture": "#3"},
				"east": {"uv": [12, 6, 13, 7], "texture": "#3"},
				"south": {"uv": [12, 6, 13, 7], "texture": "#3"},
				"west": {"uv": [13, 6, 12, 7], "texture": "#3"},
				"down": {"uv": [12, 6, 13, 7], "rotation": 90, "texture": "#3"}
			}
		},
		{
			"name": "arrow_3",
			"from": [7.5, 9.4, -5.6],
			"to": [8.5, 10.4, -3.6],
			"rotation": {"angle": -45, "axis": "x", "origin": [0.5, 7.25, 4.8]},
			"faces": {
				"north": {"uv": [10, 6, 11, 7], "texture": "#3"},
				"east": {"uv": [9, 6, 11, 7], "texture": "#3"},
				"south": {"uv": [9, 6, 10, 7], "texture": "#3"},
				"west": {"uv": [11, 6, 9, 7], "texture": "#3"},
				"up": {"uv": [9, 6, 11, 7], "rotation": 270, "texture": "#3"},
				"down": {"uv": [9, 6, 11, 7], "rotation": 90, "texture": "#3"}
			}
		},
		{
			"name": "arrow_2",
			"from": [7.5, 10.4, -8.6],
			"to": [8.5, 12.4, -6.6],
			"rotation": {"angle": -45, "axis": "x", "origin": [0.5, 7.25, 4.8]},
			"faces": {
				"north": {"uv": [13, 4, 14, 6], "texture": "#3"},
				"east": {"uv": [12, 4, 14, 6], "texture": "#3"},
				"west": {"uv": [14, 4, 12, 6], "texture": "#3"},
				"down": {"uv": [12, 5, 14, 6], "rotation": 90, "texture": "#3"}
			}
		},
		{
			"name": "arrow_1",
			"from": [7.5, 10.4, -6.6],
			"to": [8.5, 13.4, -4.6],
			"rotation": {"angle": -45, "axis": "x", "origin": [0.5, 7.25, 4.8]},
			"faces": {
				"east": {"uv": [10, 3, 12, 6], "texture": "#3"},
				"south": {"uv": [10, 3, 11, 6], "texture": "#3"},
				"west": {"uv": [12, 3, 10, 6], "texture": "#3"},
				"up": {"uv": [10, 3, 12, 4], "rotation": 270, "texture": "#3"},
				"down": {"uv": [10, 5, 12, 6], "rotation": 90, "texture": "#3"}
			}
		},
		{
			"name": "arrow_0",
			"from": [7.5, 12.4, -9.6],
			"to": [8.5, 14.4, -6.6],
			"rotation": {"angle": -45, "axis": "x", "origin": [0.5, 7.25, 4.8]},
			"faces": {
				"north": {"uv": [14, 2, 15, 4], "texture": "#3"},
				"east": {"uv": [12, 2, 15, 4], "texture": "#3"},
				"south": {"uv": [12, 2, 13, 4], "texture": "#3"},
				"west": {"uv": [15, 2, 12, 4], "texture": "#3"},
				"up": {"uv": [12, 2, 15, 3], "rotation": 270, "texture": "#3"},
				"down": {"uv": [12, 3, 15, 4], "rotation": 90, "texture": "#3"}
			}
		},
		{
			"from": [8, -5.85, -10.45],
			"to": [8, 10.15, 4.55],
			"rotation": {"angle": 0, "axis": "y", "origin": [0, 0, -2.2]},
			"faces": {
				"east": {"uv": [16, 0, 0, 16], "texture": "#4"},
				"west": {"uv": [0, 0, 16, 16], "texture": "#4"}
			}
		},
		{
			"from": [8.5, -5, -16],
			"to": [8.5, 10, -1],
			"rotation": {"angle": -22.5, "axis": "y", "origin": [7.5, 2.5, -1]},
			"faces": {
				"east": {"uv": [0, 0, 15, 15], "rotation": 90, "texture": "#2"},
				"west": {"uv": [0, 15, 15, 0], "rotation": 90, "texture": "#2"}
			}
		},
		{
			"from": [7.5, -5, -16],
			"to": [7.5, 10, -1],
			"rotation": {"angle": 22.5, "axis": "y", "origin": [7.5, 2.5, -1]},
			"faces": {
				"east": {"uv": [15, 0, 0, 15], "rotation": 90, "texture": "#2"},
				"west": {"uv": [15, 15, 0, 0], "rotation": 90, "texture": "#2"}
			}
		},
		{
			"from": [0.5, 3, -16],
			"to": [15.5, 3, -1],
			"rotation": {"angle": 22.5, "axis": "x", "origin": [8, 3, -1]},
			"faces": {
				"up": {"uv": [0, 0, 15, 15], "texture": "#2"},
				"down": {"uv": [0, 15, 15, 0], "texture": "#2"}
			}
		},
		{
			"from": [0.5, 2, -16],
			"to": [15.5, 2, -1],
			"rotation": {"angle": -22.5, "axis": "x", "origin": [8, 2, -1]},
			"faces": {
				"up": {"uv": [15, 0, 0, 15], "texture": "#2"},
				"down": {"uv": [15, 15, 0, 0], "texture": "#2"}
			}
		},
		{
			"from": [0.5, -5.25, -4.1],
			"to": [15.5, 9.75, -4.1],
			"rotation": {"angle": -22.5, "axis": "z", "origin": [7.5, 2.75, -4.1]},
			"faces": {
				"north": {"uv": [12, 12, 15.75, 15.75], "texture": "#1"},
				"south": {"uv": [15.75, 12, 12, 15.75], "texture": "#1"}
			}
		},
		{
			"from": [0.5, -5.25, -4.1],
			"to": [15.5, 9.75, -4.1],
			"rotation": {"angle": 45, "axis": "z", "origin": [7.5, 2.75, -4.1]},
			"faces": {
				"north": {"uv": [8, 12, 11.75, 15.75], "rotation": 270, "texture": "#1"},
				"south": {"uv": [11.75, 12, 8, 15.75], "rotation": 90, "texture": "#1"}
			}
		},
		{
			"from": [0.5, -5.25, -4.1],
			"to": [15.5, 9.75, -4.1],
			"rotation": {"angle": 22.5, "axis": "z", "origin": [7.5, 2.75, -4.1]},
			"faces": {
				"north": {"uv": [4, 12, 7.75, 15.75], "rotation": 270, "texture": "#1"},
				"south": {"uv": [7.75, 12, 4, 15.75], "rotation": 90, "texture": "#1"}
			}
		},
		{
			"from": [0.5, -5.25, -4.1],
			"to": [15.5, 9.75, -4.1],
			"rotation": {"angle": 0, "axis": "y", "origin": [7.5, 2.75, -4.1]},
			"faces": {
				"north": {"uv": [0, 12, 3.75, 15.75], "rotation": 270, "texture": "#1"},
				"south": {"uv": [3.75, 12, 0, 15.75], "rotation": 90, "texture": "#1"}
			}
		},
		{
			"from": [0.5, -5.25, -4.1],
			"to": [15.5, 9.75, -4.1],
			"rotation": {"angle": -22.5, "axis": "z", "origin": [7.5, 2.75, -4.1]},
			"faces": {
				"north": {"uv": [12, 8, 15.75, 11.75], "rotation": 270, "texture": "#1"},
				"south": {"uv": [15.75, 8, 12, 11.75], "rotation": 90, "texture": "#1"}
			}
		},
		{
			"from": [0.5, -5.25, -4.1],
			"to": [15.5, 9.75, -4.1],
			"rotation": {"angle": 45, "axis": "z", "origin": [7.5, 2.75, -4.1]},
			"faces": {
				"north": {"uv": [8, 8, 11.75, 11.75], "rotation": 180, "texture": "#1"},
				"south": {"uv": [11.75, 8, 8, 11.75], "rotation": 180, "texture": "#1"}
			}
		},
		{
			"from": [0.5, -5.25, -4.1],
			"to": [15.5, 9.75, -4.1],
			"rotation": {"angle": 22.5, "axis": "z", "origin": [7.5, 2.75, -4.1]},
			"faces": {
				"north": {"uv": [4, 8, 7.75, 11.75], "rotation": 180, "texture": "#1"},
				"south": {"uv": [7.75, 8, 4, 11.75], "rotation": 180, "texture": "#1"}
			}
		},
		{
			"from": [0.5, -5.25, -4.1],
			"to": [15.5, 9.75, -4.1],
			"rotation": {"angle": 0, "axis": "y", "origin": [7.5, 2.75, -4.1]},
			"faces": {
				"north": {"uv": [0, 8, 3.75, 11.75], "rotation": 180, "texture": "#1"},
				"south": {"uv": [3.75, 8, 0, 11.75], "rotation": 180, "texture": "#1"}
			}
		},
		{
			"from": [0.5, -5.25, -4.1],
			"to": [15.5, 9.75, -4.1],
			"rotation": {"angle": -22.5, "axis": "z", "origin": [7.5, 2.75, -4.1]},
			"faces": {
				"north": {"uv": [12, 4, 15.75, 7.75], "rotation": 180, "texture": "#1"},
				"south": {"uv": [15.75, 4, 12, 7.75], "rotation": 180, "texture": "#1"}
			}
		},
		{
			"from": [0.5, -5.25, -4.1],
			"to": [15.5, 9.75, -4.1],
			"rotation": {"angle": 45, "axis": "z", "origin": [7.5, 2.75, -4.1]},
			"faces": {
				"north": {"uv": [8, 4, 11.75, 7.75], "rotation": 90, "texture": "#1"},
				"south": {"uv": [11.75, 4, 8, 7.75], "rotation": 270, "texture": "#1"}
			}
		},
		{
			"from": [0.5, -5.25, -4.1],
			"to": [15.5, 9.75, -4.1],
			"rotation": {"angle": 22.5, "axis": "z", "origin": [7.5, 2.75, -4.1]},
			"faces": {
				"north": {"uv": [4, 4, 7.75, 7.75], "rotation": 90, "texture": "#1"},
				"south": {"uv": [7.75, 4, 4, 7.75], "rotation": 270, "texture": "#1"}
			}
		},
		{
			"from": [0.5, -5.25, -4.1],
			"to": [15.5, 9.75, -4.1],
			"rotation": {"angle": 0, "axis": "y", "origin": [7.5, 2.75, -4.1]},
			"faces": {
				"north": {"uv": [0, 4, 3.75, 7.75], "rotation": 90, "texture": "#1"},
				"south": {"uv": [3.75, 4, 0, 7.75], "rotation": 270, "texture": "#1"}
			}
		},
		{
			"from": [0.5, -5.25, -4.1],
			"to": [15.5, 9.75, -4.1],
			"rotation": {"angle": -22.5, "axis": "z", "origin": [7.5, 2.75, -4.1]},
			"faces": {
				"north": {"uv": [12, 0, 15.75, 3.75], "rotation": 90, "texture": "#1"},
				"south": {"uv": [15.75, 0, 12, 3.75], "rotation": 270, "texture": "#1"}
			}
		},
		{
			"from": [0.5, -5.25, -4.1],
			"to": [15.5, 9.75, -4.1],
			"rotation": {"angle": 45, "axis": "z", "origin": [7.5, 2.75, -4.1]},
			"faces": {
				"north": {"uv": [8, 0, 11.75, 3.75], "texture": "#1"},
				"south": {"uv": [11.75, 0, 8, 3.75], "texture": "#1"}
			}
		},
		{
			"from": [0.5, -5.25, -4.1],
			"to": [15.5, 9.75, -4.1],
			"rotation": {"angle": 22.5, "axis": "z", "origin": [7.5, 2.75, -4.1]},
			"faces": {
				"north": {"uv": [4, 0, 7.75, 3.75], "texture": "#1"},
				"south": {"uv": [7.75, 0, 4, 3.75], "texture": "#1"}
			}
		},
		{
			"from": [0.5, -5.25, -4.1],
			"to": [15.5, 9.75, -4.1],
			"rotation": {"angle": 0, "axis": "y", "origin": [7.5, 2.75, -4.1]},
			"faces": {
				"north": {"uv": [0, 0, 3.75, 3.75], "texture": "#1"},
				"south": {"uv": [3.75, 0, 0, 3.75], "texture": "#1"}
			}
		},
		{
			"from": [5, -0.5, 5],
			"to": [11, 5.5, 6],
			"rotation": {"angle": 0, "axis": "y", "origin": [-0.5, -0.5, -5]},
			"faces": {
				"east": {"uv": [13, 1, 12.5, 4], "texture": "#particle"},
				"south": {"uv": [13, 1, 16, 4], "texture": "#particle"},
				"west": {"uv": [12.5, 1, 13, 4], "texture": "#particle"},
				"up": {"uv": [15.5, 0.5, 12.5, 0], "texture": "#particle"},
				"down": {"uv": [15.5, 0.5, 12.5, 1], "texture": "#particle"}
			}
		},
		{
			"from": [5.5, 0, 6],
			"to": [10.5, 5, 10],
			"rotation": {"angle": 0, "axis": "y", "origin": [0, 0, 1]},
			"faces": {
				"east": {"uv": [2, 2, 0, 4.5], "texture": "#particle"},
				"west": {"uv": [0, 2, 2, 4.5], "texture": "#particle"},
				"up": {"uv": [2.5, 2, 0, 0], "texture": "#particle"},
				"down": {"uv": [5, 0, 2.5, 2], "texture": "#particle"}
			}
		},
		{
			"from": [5, -0.5, 10],
			"to": [11, 5.5, 12],
			"rotation": {"angle": 0, "axis": "y", "origin": [0.5, 0.5, 1]},
			"faces": {
				"north": {"uv": [5, 1, 8, 4], "texture": "#particle"},
				"east": {"uv": [9, 1, 8, 4], "texture": "#particle"},
				"south": {"uv": [9, 1, 12, 4], "texture": "#particle"},
				"west": {"uv": [8, 1, 9, 4], "texture": "#particle"},
				"up": {"uv": [8, 1, 5, 0], "texture": "#particle"},
				"down": {"uv": [11, 0, 8, 1], "texture": "#particle"}
			}
		},
		{
			"from": [4.5, -1, -2],
			"to": [11.5, 6, 3],
			"rotation": {"angle": 0, "axis": "y", "origin": [0, 0, -6]},
			"faces": {
				"east": {"uv": [10, 11.5, 12.5, 15], "texture": "#particle"},
				"west": {"uv": [12.5, 11.5, 15, 15], "texture": "#particle"},
				"up": {"uv": [12.5, 11.5, 9, 9], "texture": "#particle"},
				"down": {"uv": [16, 9, 12.5, 11.5], "texture": "#particle"}
			}
		},
		{
			"from": [4, -1.5, 3],
			"to": [12, 6.5, 5],
			"rotation": {"angle": 0, "axis": "y", "origin": [-0.5, -0.5, -6]},
			"faces": {
				"north": {"uv": [7, 5, 11, 9], "texture": "#particle"},
				"east": {"uv": [12, 5, 11, 9], "texture": "#particle"},
				"south": {"uv": [12, 5, 16, 9], "texture": "#particle"},
				"west": {"uv": [11, 5, 12, 9], "texture": "#particle"},
				"up": {"uv": [11, 5, 7, 4], "texture": "#particle"},
				"down": {"uv": [15, 4, 11, 5], "texture": "#particle"}
			}
		},
		{
			"from": [4, -1.5, -4],
			"to": [12, 6.5, -2],
			"rotation": {"angle": 0, "axis": "y", "origin": [-0.5, -0.5, -13]},
			"faces": {
				"north": {"uv": [1, 12, 5, 16], "texture": "#particle"},
				"east": {"uv": [6, 12, 5, 16], "texture": "#particle"},
				"south": {"uv": [6, 12, 10, 16], "texture": "#particle"},
				"west": {"uv": [5, 12, 6, 16], "texture": "#particle"},
				"up": {"uv": [5, 12, 1, 11], "texture": "#particle"},
				"down": {"uv": [9, 11, 5, 12], "texture": "#particle"}
			}
		},
		{
			"from": [11, 5.5, -2],
			"to": [5, -0.5, -4],
			"rotation": {"angle": 0, "axis": "y", "origin": [5.5, 5.5, -8]},
			"faces": {
				"north": {"uv": [0, 8, 3, 11], "texture": "#particle"},
				"east": {"uv": [0, 8, 1, 11], "texture": "#particle"},
				"west": {"uv": [2, 8, 3, 11], "texture": "#particle"},
				"up": {"uv": [3, 9, 0, 8], "texture": "#particle"},
				"down": {"uv": [3, 10, 0, 11], "texture": "#particle"}
			}
		},
		{
			"from": [10, 4.5, 12],
			"to": [6, 0.5, 6],
			"rotation": {"angle": 0, "axis": "y", "origin": [4.5, 4.5, 11]},
			"faces": {
				"east": {"uv": [0, 6, 3, 8], "texture": "#particle"},
				"west": {"uv": [3, 6, 0, 8], "texture": "#particle"},
				"up": {"uv": [3, 8, 0, 6], "rotation": 90, "texture": "#particle"},
				"down": {"uv": [0, 8, 3, 6], "rotation": 90, "texture": "#particle"}
			}
		},
		{
			"from": [10, 0.5, 6.1],
			"to": [6, 4.5, 6.1],
			"rotation": {"angle": 0, "axis": "y", "origin": [4.5, 4.5, 11.1]},
			"faces": {
				"north": {"uv": [3, 8, 5, 6], "rotation": 90, "texture": "#particle"}
			}
		},
		{
			"from": [7.5, 6, 0],
			"to": [8.5, 7, 1],
			"rotation": {"angle": 0, "axis": "y", "origin": [1, 5, -8]},
			"faces": {
				"north": {"uv": [0, 14.5, 0.5, 15], "texture": "#particle"},
				"east": {"uv": [0, 14.5, 0.5, 15], "texture": "#particle"},
				"south": {"uv": [0, 14.5, 0.5, 15], "texture": "#particle"},
				"west": {"uv": [0, 14.5, 0.5, 15], "texture": "#particle"},
				"up": {"uv": [0.5, 15, 0, 14.5], "texture": "#particle"}
			}
		},
		{
			"from": [11.5, 2, 0],
			"to": [12.5, 3, 1],
			"rotation": {"angle": 0, "axis": "y", "origin": [5, 3, -8]},
			"faces": {
				"north": {"uv": [10, 15.5, 10.5, 16], "texture": "#particle"},
				"east": {"uv": [10, 15.5, 10.5, 16], "texture": "#particle"},
				"south": {"uv": [10.5, 15.5, 10, 16], "texture": "#particle"},
				"up": {"uv": [10.5, 16, 10, 15.5], "texture": "#particle"},
				"down": {"uv": [10.5, 15.5, 10, 16], "texture": "#particle"}
			}
		},
		{
			"name": "great_hogs_glory_pulling_2_0",
			"from": [3.5, 0, 1],
			"to": [4.5, 4, 2],
			"rotation": {"angle": 0, "axis": "y", "origin": [4, 1.5, 0.5]},
			"faces": {
				"north": {"uv": [2.5, 2, 3, 4], "texture": "#particle"},
				"south": {"uv": [2.5, 2, 3, 4], "texture": "#particle"},
				"west": {"uv": [3, 2, 2.5, 4], "texture": "#particle"},
				"up": {"uv": [2.5, 2, 3, 2.5], "rotation": 270, "texture": "#particle"},
				"down": {"uv": [2.5, 3.5, 3, 4], "rotation": 90, "texture": "#particle"}
			}
		},
		{
			"name": "great_hogs_glory_pulling_2_3",
			"from": [3.5, 0, 2],
			"to": [4.5, 1, 3],
			"rotation": {"angle": 0, "axis": "y", "origin": [4, 1.5, 0.5]},
			"faces": {
				"south": {"uv": [2, 3.5, 2.5, 4], "texture": "#particle"},
				"west": {"uv": [2.5, 3.5, 2, 4], "texture": "#particle"},
				"up": {"uv": [2, 3.5, 2.5, 4], "rotation": 270, "texture": "#particle"},
				"down": {"uv": [2, 3.5, 2.5, 4], "rotation": 90, "texture": "#particle"}
			}
		},
		{
			"name": "great_hogs_glory_pulling_2_1",
			"from": [3.5, 0, -1],
			"to": [4.5, 3, 1],
			"rotation": {"angle": 0, "axis": "y", "origin": [4, 1.5, 0.5]},
			"faces": {
				"north": {"uv": [3.5, 2.5, 4, 4], "texture": "#particle"},
				"west": {"uv": [4, 2.5, 3, 4], "texture": "#particle"},
				"up": {"uv": [3, 2.5, 4, 3], "rotation": 270, "texture": "#particle"},
				"down": {"uv": [3, 3.5, 4, 4], "rotation": 90, "texture": "#particle"}
			}
		},
		{
			"name": "great_hogs_glory_pulling_2_4",
			"from": [3.5, -1, -1],
			"to": [4.5, 0, 0],
			"rotation": {"angle": 0, "axis": "y", "origin": [4, 1.5, 0.5]},
			"faces": {
				"north": {"uv": [3.5, 4, 4, 4.5], "texture": "#particle"},
				"south": {"uv": [3.5, 4, 4, 4.5], "texture": "#particle"},
				"west": {"uv": [4, 4, 3.5, 4.5], "texture": "#particle"},
				"down": {"uv": [3.5, 4, 4, 4.5], "rotation": 90, "texture": "#particle"}
			}
		},
		{
			"name": "great_hogs_glory_pulling_2_2",
			"from": [3.5, 2, -2],
			"to": [4.5, 3, -1],
			"rotation": {"angle": 0, "axis": "y", "origin": [4, 1.5, 0.5]},
			"faces": {
				"north": {"uv": [4, 2.5, 4.5, 3], "texture": "#particle"},
				"west": {"uv": [4.5, 2.5, 4, 3], "texture": "#particle"},
				"up": {"uv": [4, 2.5, 4.5, 3], "rotation": 270, "texture": "#particle"},
				"down": {"uv": [4, 2.5, 4.5, 3], "rotation": 90, "texture": "#particle"}
			}
		}
	],
	"gui_light": "front",
	"display": {
		"thirdperson_righthand": {
			"translation": [0, 3.5, 6.25]
		},
		"thirdperson_lefthand": {
			"translation": [0, 3.5, 6.25]
		},
		"firstperson_righthand": {
			"rotation": [15, 0, 8],
			"translation": [3.13, 5, 2],
			"scale": [0.68, 0.68, 0.68]
		},
		"firstperson_lefthand": {
			"rotation": [15, 0, 8],
			"translation": [3.13, 5, 2],
			"scale": [0.68, 0.68, 0.68]
		},
		"ground": {
			"translation": [0, 7, 2.75],
			"scale": [0.75, 0.75, 0.75]
		},
		"gui": {
			"rotation": [108, 47, -135],
			"translation": [5.75, 0.75, 0],
			"scale": [0.93, 0.93, 0.93]
		},
		"head": {
			"translation": [0, 1.5, -6.5]
		},
		"fixed": {
			"rotation": [90, -45, 90],
			"translation": [-6, 2.75, -1.75]
		}
	}
}