{
	"credit": "Created by Mickey Joe Alpha - http://YouTube.com/@MushirMickeyJoe",
	"textures": {
		"4": "item/arrow",
		"particle": "item/bow/trickbow_pulling_0"
	},
	"elements": [
		{
			"name": "Box1",
			"from": [8, 6, 8.5],
			"to": [12, 7, 9.5],
			"faces": {
				"north": {"uv": [6, 13, 2, 12], "rotation": 180, "texture": "#4"},
				"east": {"uv": [2, 12, 3, 13], "texture": "#4"},
				"south": {"uv": [2, 13, 6, 12], "rotation": 180, "texture": "#4"},
				"west": {"uv": [6, 13, 5, 12], "rotation": 180, "texture": "#4"},
				"up": {"uv": [6, 12, 2, 13], "texture": "#4"},
				"down": {"uv": [6, 13, 2, 12], "texture": "#4"}
			}
		},
		{
			"name": "Box2",
			"from": [9, 5, 8.5],
			"to": [12, 6, 9.5],
			"faces": {
				"north": {"uv": [5, 14, 2, 13], "rotation": 180, "texture": "#4"},
				"east": {"uv": [2, 13, 3, 14], "texture": "#4"},
				"south": {"uv": [2, 14, 5, 13], "rotation": 180, "texture": "#4"},
				"west": {"uv": [5, 14, 4, 13], "rotation": 180, "texture": "#4"},
				"down": {"uv": [5, 14, 2, 13], "texture": "#4"}
			}
		},
		{
			"name": "Box3",
			"from": [8, 7, 8.5],
			"to": [11, 8, 9.5],
			"faces": {
				"north": {"uv": [6, 12, 3, 11], "rotation": 180, "texture": "#4"},
				"east": {"uv": [3, 11, 4, 12], "texture": "#4"},
				"south": {"uv": [3, 12, 6, 11], "rotation": 180, "texture": "#4"},
				"west": {"uv": [6, 12, 5, 11], "rotation": 180, "texture": "#4"},
				"up": {"uv": [6, 11, 3, 12], "texture": "#4"}
			}
		},
		{
			"name": "Box4",
			"from": [10, 4, 8.5],
			"to": [11, 5, 9.5],
			"faces": {
				"north": {"uv": [3, 15, 4, 14], "texture": "#4"},
				"east": {"uv": [3, 14, 4, 15], "texture": "#4"},
				"south": {"uv": [3, 14, 4, 15], "texture": "#4"},
				"west": {"uv": [4, 15, 3, 14], "rotation": 180, "texture": "#4"},
				"down": {"uv": [4, 15, 3, 14], "texture": "#4"}
			}
		},
		{
			"name": "Box5",
			"from": [7, 8, 8.5],
			"to": [9, 9, 9.5],
			"faces": {
				"north": {"uv": [7, 11, 5, 10], "rotation": 180, "texture": "#4"},
				"east": {"uv": [5, 10, 6, 11], "texture": "#4"},
				"south": {"uv": [5, 11, 7, 10], "rotation": 180, "texture": "#4"},
				"west": {"uv": [7, 11, 6, 10], "rotation": 180, "texture": "#4"},
				"up": {"uv": [7, 10, 5, 11], "texture": "#4"},
				"down": {"uv": [7, 11, 5, 10], "texture": "#4"}
			}
		},
		{
			"name": "Box6",
			"from": [6, 9, 8.5],
			"to": [8, 10, 9.5],
			"faces": {
				"north": {"uv": [8, 10, 6, 9], "rotation": 180, "texture": "#4"},
				"east": {"uv": [6, 9, 7, 10], "texture": "#4"},
				"south": {"uv": [6, 10, 8, 9], "rotation": 180, "texture": "#4"},
				"west": {"uv": [8, 10, 7, 9], "rotation": 180, "texture": "#4"},
				"up": {"uv": [8, 9, 6, 10], "texture": "#4"},
				"down": {"uv": [8, 10, 6, 9], "texture": "#4"}
			}
		},
		{
			"name": "Box7",
			"from": [5, 10, 8.5],
			"to": [7, 11, 9.5],
			"faces": {
				"east": {"uv": [7, 8, 8, 9], "texture": "#4"},
				"south": {"uv": [7, 9, 9, 8], "rotation": 180, "texture": "#4"},
				"west": {"uv": [9, 9, 8, 8], "rotation": 180, "texture": "#4"},
				"up": {"uv": [9, 8, 7, 9], "texture": "#4"},
				"down": {"uv": [9, 9, 7, 8], "texture": "#4"}
			}
		},
		{
			"name": "Box8",
			"from": [4, 11, 8.5],
			"to": [6, 12, 9.5],
			"faces": {
				"north": {"uv": [8, 7, 9, 8], "texture": "#4"},
				"east": {"uv": [8, 7, 9, 8], "texture": "#4"},
				"south": {"uv": [8, 8, 10, 7], "rotation": 180, "texture": "#4"},
				"west": {"uv": [10, 8, 9, 7], "rotation": 180, "texture": "#4"},
				"up": {"uv": [10, 7, 8, 8], "texture": "#4"},
				"down": {"uv": [10, 8, 8, 7], "texture": "#4"}
			}
		},
		{
			"name": "Box9",
			"from": [3, 12, 8.5],
			"to": [5, 13, 9.5],
			"faces": {
				"north": {"uv": [11, 7, 9, 6], "rotation": 180, "texture": "#4"},
				"east": {"uv": [9, 6, 10, 7], "texture": "#4"},
				"south": {"uv": [9, 7, 11, 6], "rotation": 180, "texture": "#4"},
				"west": {"uv": [11, 7, 10, 6], "rotation": 180, "texture": "#4"},
				"up": {"uv": [11, 6, 9, 7], "texture": "#4"},
				"down": {"uv": [11, 7, 9, 6], "texture": "#4"}
			}
		},
		{
			"name": "Box10",
			"from": [-1, 15, 8.5],
			"to": [4, 16, 9.5],
			"faces": {
				"north": {"uv": [15, 4, 10, 3], "rotation": 180, "texture": "#4"},
				"east": {"uv": [10, 3, 11, 4], "texture": "#4"},
				"south": {"uv": [10, 4, 15, 3], "rotation": 180, "texture": "#4"},
				"west": {"uv": [15, 4, 14, 3], "rotation": 180, "texture": "#4"},
				"up": {"uv": [15, 3, 10, 4], "texture": "#4"},
				"down": {"uv": [15, 4, 10, 3], "texture": "#4"}
			}
		},
		{
			"name": "Box11",
			"from": [0, 13, 8.5],
			"to": [4, 15, 9.5],
			"faces": {
				"north": {"uv": [14, 6, 10, 4], "rotation": 180, "texture": "#4"},
				"east": {"uv": [10, 4, 11, 6], "texture": "#4"},
				"south": {"uv": [10, 6, 14, 4], "rotation": 180, "texture": "#4"},
				"west": {"uv": [14, 6, 13, 4], "rotation": 180, "texture": "#4"},
				"down": {"uv": [14, 6, 10, 5], "texture": "#4"}
			}
		},
		{
			"name": "Box12",
			"from": [-1, 16, 8.5],
			"to": [2, 17, 9.5],
			"faces": {
				"north": {"uv": [15, 3, 12, 2], "rotation": 180, "texture": "#4"},
				"east": {"uv": [12, 2, 13, 3], "texture": "#4"},
				"south": {"uv": [12, 3, 15, 2], "rotation": 180, "texture": "#4"},
				"west": {"uv": [15, 3, 14, 2], "rotation": 180, "texture": "#4"},
				"up": {"uv": [15, 2, 12, 3], "texture": "#4"}
			}
		},
		{
			"name": "Box13",
			"from": [1, 12, 8.5],
			"to": [2, 13, 9.5],
			"faces": {
				"north": {"uv": [13, 7, 12, 6], "rotation": 180, "texture": "#4"},
				"east": {"uv": [12, 6, 13, 7], "texture": "#4"},
				"south": {"uv": [12, 7, 13, 6], "rotation": 180, "texture": "#4"},
				"west": {"uv": [13, 7, 12, 6], "rotation": 180, "texture": "#4"},
				"down": {"uv": [13, 7, 12, 6], "texture": "#4"}
			}
		},
		{
			"name": "trickbow_pulling_0_0",
			"from": [6, 14, 7.5],
			"to": [7, 15, 8.5],
			"faces": {
				"north": {"uv": [7, 1, 6, 2], "texture": "#particle"},
				"east": {"uv": [6, 1, 7, 2], "texture": "#particle"},
				"south": {"uv": [6, 1, 7, 2], "texture": "#particle"},
				"west": {"uv": [6, 1, 7, 2], "texture": "#particle"},
				"up": {"uv": [6, 1, 7, 2], "texture": "#particle"},
				"down": {"uv": [6, 1, 7, 2], "texture": "#particle"}
			}
		},
		{
			"name": "trickbow_pulling_0_1",
			"from": [11, 12, 7.5],
			"to": [15, 15, 8.5],
			"faces": {
				"north": {"uv": [15, 1, 11, 4], "texture": "#particle"},
				"east": {"uv": [14, 1, 15, 4], "texture": "#particle"},
				"south": {"uv": [11, 1, 15, 4], "texture": "#particle"},
				"west": {"uv": [11, 1, 12, 4], "texture": "#particle"},
				"up": {"uv": [11, 1, 15, 2], "texture": "#particle"},
				"down": {"uv": [11, 3, 15, 4], "texture": "#particle"}
			}
		},
		{
			"name": "trickbow_pulling_0_2",
			"from": [7, 11, 7.5],
			"to": [11, 14, 8.5],
			"faces": {
				"north": {"uv": [11, 2, 7, 5], "texture": "#particle"},
				"east": {"uv": [10, 2, 11, 5], "texture": "#particle"},
				"south": {"uv": [7, 2, 11, 5], "texture": "#particle"},
				"west": {"uv": [7, 2, 8, 5], "texture": "#particle"},
				"up": {"uv": [7, 2, 11, 3], "texture": "#particle"},
				"down": {"uv": [7, 4, 11, 5], "texture": "#particle"}
			}
		},
		{
			"name": "trickbow_pulling_0_3",
			"from": [15, 12, 7.5],
			"to": [16, 14, 8.5],
			"faces": {
				"north": {"uv": [16, 2, 15, 4], "texture": "#particle"},
				"east": {"uv": [15, 2, 16, 4], "texture": "#particle"},
				"south": {"uv": [15, 2, 16, 4], "texture": "#particle"},
				"up": {"uv": [15, 2, 16, 3], "texture": "#particle"},
				"down": {"uv": [15, 3, 16, 4], "texture": "#particle"}
			}
		},
		{
			"name": "trickbow_pulling_0_4",
			"from": [6, 9, 7.5],
			"to": [7, 13, 8.5],
			"faces": {
				"north": {"uv": [7, 3, 6, 7], "texture": "#particle"},
				"east": {"uv": [6, 3, 7, 7], "texture": "#particle"},
				"south": {"uv": [6, 3, 7, 7], "texture": "#particle"},
				"west": {"uv": [6, 3, 7, 7], "texture": "#particle"},
				"up": {"uv": [6, 3, 7, 4], "texture": "#particle"},
				"down": {"uv": [6, 6, 7, 7], "texture": "#particle"}
			}
		},
		{
			"name": "trickbow_pulling_0_5",
			"from": [13, 11, 7.5],
			"to": [15, 12, 8.5],
			"faces": {
				"north": {"uv": [15, 4, 13, 5], "texture": "#particle"},
				"east": {"uv": [14, 4, 15, 5], "texture": "#particle"},
				"south": {"uv": [13, 4, 15, 5], "texture": "#particle"},
				"west": {"uv": [13, 4, 14, 5], "texture": "#particle"},
				"down": {"uv": [13, 4, 15, 5], "texture": "#particle"}
			}
		},
		{
			"name": "trickbow_pulling_0_6",
			"from": [5, 8, 7.5],
			"to": [6, 11, 8.5],
			"faces": {
				"north": {"uv": [6, 5, 5, 8], "texture": "#particle"},
				"east": {"uv": [5, 5, 6, 8], "texture": "#particle"},
				"south": {"uv": [5, 5, 6, 8], "texture": "#particle"},
				"west": {"uv": [5, 5, 6, 8], "texture": "#particle"},
				"up": {"uv": [5, 5, 6, 6], "texture": "#particle"},
				"down": {"uv": [5, 7, 6, 8], "texture": "#particle"}
			}
		},
		{
			"name": "trickbow_pulling_0_7",
			"from": [7, 10, 7.5],
			"to": [8, 11, 8.5],
			"faces": {
				"north": {"uv": [8, 5, 7, 6], "texture": "#particle"},
				"east": {"uv": [7, 5, 8, 6], "texture": "#particle"},
				"south": {"uv": [7, 5, 8, 6], "texture": "#particle"},
				"down": {"uv": [7, 5, 8, 6], "texture": "#particle"}
			}
		},
		{
			"name": "trickbow_pulling_0_8",
			"from": [13, 10, 7.5],
			"to": [14, 11, 8.5],
			"faces": {
				"north": {"uv": [14, 5, 13, 6], "texture": "#particle"},
				"east": {"uv": [13, 5, 14, 6], "texture": "#particle"},
				"south": {"uv": [13, 5, 14, 6], "texture": "#particle"},
				"west": {"uv": [13, 5, 14, 6], "texture": "#particle"},
				"down": {"uv": [13, 5, 14, 6], "texture": "#particle"}
			}
		},
		{
			"name": "trickbow_pulling_0_9",
			"from": [3, 5, 7.5],
			"to": [5, 10, 8.5],
			"faces": {
				"north": {"uv": [5, 6, 3, 11], "texture": "#particle"},
				"east": {"uv": [4, 6, 5, 11], "texture": "#particle"},
				"south": {"uv": [3, 6, 5, 11], "texture": "#particle"},
				"west": {"uv": [3, 6, 4, 11], "texture": "#particle"},
				"up": {"uv": [3, 6, 5, 7], "texture": "#particle"},
				"down": {"uv": [3, 10, 5, 11], "texture": "#particle"}
			}
		},
		{
			"name": "trickbow_pulling_0_10",
			"from": [12, 8, 7.5],
			"to": [13, 10, 8.5],
			"faces": {
				"north": {"uv": [13, 6, 12, 8], "texture": "#particle"},
				"east": {"uv": [12, 6, 13, 8], "texture": "#particle"},
				"south": {"uv": [12, 6, 13, 8], "texture": "#particle"},
				"west": {"uv": [12, 6, 13, 8], "texture": "#particle"},
				"up": {"uv": [12, 6, 13, 7], "texture": "#particle"},
				"down": {"uv": [12, 7, 13, 8], "texture": "#particle"}
			}
		},
		{
			"name": "trickbow_pulling_0_11",
			"from": [2, 0, 7.5],
			"to": [3, 9, 8.5],
			"faces": {
				"north": {"uv": [3, 7, 2, 16], "texture": "#particle"},
				"south": {"uv": [2, 7, 3, 16], "texture": "#particle"},
				"west": {"uv": [2, 7, 3, 16], "texture": "#particle"},
				"up": {"uv": [2, 7, 3, 8], "texture": "#particle"},
				"down": {"uv": [2, 15, 3, 16], "texture": "#particle"}
			}
		},
		{
			"name": "trickbow_pulling_0_12",
			"from": [11, 6, 7.5],
			"to": [12, 8, 8.5],
			"faces": {
				"north": {"uv": [12, 8, 11, 10], "texture": "#particle"},
				"east": {"uv": [11, 8, 12, 10], "texture": "#particle"},
				"south": {"uv": [11, 8, 12, 10], "texture": "#particle"},
				"west": {"uv": [11, 8, 12, 10], "texture": "#particle"},
				"up": {"uv": [11, 8, 12, 9], "texture": "#particle"},
				"down": {"uv": [11, 9, 12, 10], "texture": "#particle"}
			}
		},
		{
			"name": "trickbow_pulling_0_13",
			"from": [10, 5, 7.5],
			"to": [11, 6, 8.5],
			"faces": {
				"north": {"uv": [11, 10, 10, 11], "texture": "#particle"},
				"east": {"uv": [10, 10, 11, 11], "texture": "#particle"},
				"west": {"uv": [10, 10, 11, 11], "texture": "#particle"},
				"up": {"uv": [10, 10, 11, 11], "texture": "#particle"},
				"down": {"uv": [10, 10, 11, 11], "texture": "#particle"}
			}
		},
		{
			"name": "trickbow_pulling_0_14",
			"from": [1, 1, 7.5],
			"to": [2, 5, 8.5],
			"faces": {
				"north": {"uv": [2, 11, 1, 15], "texture": "#particle"},
				"south": {"uv": [1, 11, 2, 15], "texture": "#particle"},
				"west": {"uv": [1, 11, 2, 15], "texture": "#particle"},
				"up": {"uv": [1, 11, 2, 12], "texture": "#particle"},
				"down": {"uv": [1, 14, 2, 15], "texture": "#particle"}
			}
		},
		{
			"name": "trickbow_pulling_0_15",
			"from": [3, 0, 7.5],
			"to": [4, 5, 8.5],
			"faces": {
				"north": {"uv": [4, 11, 3, 16], "texture": "#particle"},
				"east": {"uv": [3, 11, 4, 16], "texture": "#particle"},
				"south": {"uv": [3, 11, 4, 16], "texture": "#particle"},
				"down": {"uv": [3, 15, 4, 16], "texture": "#particle"}
			}
		},
		{
			"name": "trickbow_pulling_0_16",
			"from": [8, 4, 7.5],
			"to": [10, 5, 8.5],
			"faces": {
				"north": {"uv": [10, 11, 8, 12], "texture": "#particle"},
				"east": {"uv": [9, 11, 10, 12], "texture": "#particle"},
				"south": {"uv": [8, 11, 10, 12], "texture": "#particle"},
				"west": {"uv": [8, 11, 9, 12], "texture": "#particle"},
				"up": {"uv": [8, 11, 10, 12], "texture": "#particle"},
				"down": {"uv": [8, 11, 10, 12], "texture": "#particle"}
			}
		},
		{
			"name": "trickbow_pulling_0_17",
			"from": [6, 3, 7.5],
			"to": [8, 4, 8.5],
			"faces": {
				"north": {"uv": [8, 12, 6, 13], "texture": "#particle"},
				"east": {"uv": [7, 12, 8, 13], "texture": "#particle"},
				"south": {"uv": [6, 12, 8, 13], "texture": "#particle"},
				"west": {"uv": [6, 12, 7, 13], "texture": "#particle"},
				"up": {"uv": [6, 12, 8, 13], "texture": "#particle"},
				"down": {"uv": [6, 12, 8, 13], "texture": "#particle"}
			}
		},
		{
			"name": "trickbow_pulling_0_18",
			"from": [4, 2, 7.5],
			"to": [6, 3, 8.5],
			"faces": {
				"north": {"uv": [6, 13, 4, 14], "texture": "#particle"},
				"east": {"uv": [5, 13, 6, 14], "texture": "#particle"},
				"south": {"uv": [4, 13, 6, 14], "texture": "#particle"},
				"up": {"uv": [4, 13, 6, 14], "texture": "#particle"},
				"down": {"uv": [4, 13, 6, 14], "texture": "#particle"}
			}
		},
		{
			"name": "trickbow_pulling_0_19",
			"from": [4, 1, 7.5],
			"to": [5, 2, 8.5],
			"faces": {
				"north": {"uv": [5, 14, 4, 15], "texture": "#particle"},
				"east": {"uv": [4, 14, 5, 15], "texture": "#particle"},
				"south": {"uv": [4, 14, 5, 15], "texture": "#particle"},
				"down": {"uv": [4, 14, 5, 15], "texture": "#particle"}
			}
		}
	],
	"gui_light": "front",
	"display": {
		"thirdperson_righthand": {
			"rotation": [-80, 260, -40],
			"translation": [-2, -2, 2.5],
			"scale": [0.9, 0.9, 0.9]
		},
		"thirdperson_lefthand": {
			"rotation": [-80, -280, 40],
			"translation": [-2, -2, 2.5],
			"scale": [0.9, 0.9, 0.9]
		},
		"firstperson_righthand": {
			"rotation": [0, -90, 25],
			"translation": [3.13, 3.2, 1.13],
			"scale": [0.68, 0.68, 0.68]
		},
		"firstperson_lefthand": {
			"rotation": [-67, -35, 53],
			"translation": [0, 1.25, 1.13],
			"scale": [0.68, 0.68, 0.68]
		},
		"gui": {
			"rotation": [10, -25, 2],
			"translation": [0.25, -0.17, 0]
		}
	}
}