{
	"credit": "Created by Mickey Joe Alpha - http://YouTube.com/@MushirMickeyJoe",
	"texture_size": [32, 32],
	"textures": {
		"particle": "item/bow/trigger_arm_buster"
	},
	"elements": [
		{
			"from": [5, -0.5, 0],
			"to": [11, 5.5, 9],
			"rotation": {"angle": 0, "axis": "y", "origin": [-0.5, 0.5, 0]},
			"faces": {
				"north": {"uv": [0, 4.5, 3, 7.5], "texture": "#particle"},
				"east": {"uv": [7.5, 4.5, 3, 7.5], "texture": "#particle"},
				"south": {"uv": [7.5, 4.5, 10.5, 7.5], "texture": "#particle"},
				"west": {"uv": [3, 4.5, 7.5, 7.5], "texture": "#particle"},
				"up": {"uv": [7.5, 4.5, 4.5, 0], "texture": "#particle"},
				"down": {"uv": [10.5, 0, 7.5, 4.5], "texture": "#particle"}
			}
		},
		{
			"from": [6, 0.5, -2],
			"to": [10, 4.5, 0],
			"rotation": {"angle": 0, "axis": "y", "origin": [-0.5, 0.5, -1]},
			"faces": {
				"north": {"uv": [12, 1, 14, 3], "texture": "#particle"},
				"east": {"uv": [11, 1, 12, 3], "texture": "#particle"},
				"west": {"uv": [14, 1, 15, 3], "texture": "#particle"},
				"up": {"uv": [14, 1, 12, 0], "texture": "#particle"},
				"down": {"uv": [16, 0, 14, 1], "texture": "#particle"}
			}
		},
		{
			"from": [9, 3.5, 0],
			"to": [7, 1.5, -2],
			"rotation": {"angle": 0, "axis": "y", "origin": [1.5, 2.5, 1]},
			"faces": {
				"east": {"uv": [13, 4, 14, 5], "texture": "#particle"},
				"west": {"uv": [15, 4, 16, 5], "texture": "#particle"},
				"up": {"uv": [15, 4, 14, 3], "texture": "#particle"},
				"down": {"uv": [16, 3, 15, 4], "texture": "#particle"}
			}
		}
	],
	"gui_light": "front",
	"display": {
		"thirdperson_righthand": {
			"translation": [0, 4, 6],
			"scale": [1.1, 1.1, 1.1]
		},
		"thirdperson_lefthand": {
			"translation": [0, 4, 6],
			"scale": [1.1, 1.1, 1.1]
		},
		"firstperson_righthand": {
			"rotation": [60, -7, 5],
			"translation": [4.5, 3.75, 5],
			"scale": [0.68, 0.68, 0.68]
		},
		"firstperson_lefthand": {
			"rotation": [60, -7, 5],
			"translation": [4.5, 3.75, 5],
			"scale": [0.68, 0.68, 0.68]
		},
		"ground": {
			"translation": [0, 5.75, 2.5],
			"scale": [0.75, 0.75, 0.75]
		},
		"gui": {
			"rotation": [105.55, 38.13, -131.38],
			"translation": [7.5, -1, 0],
			"scale": [1.1, 1.1, 1.1]
		},
		"head": {
			"translation": [0, 1.5, -6.5]
		},
		"fixed": {
			"rotation": [90, -45, 90],
			"translation": [-6, 2.75, -1.75]
		}
	}
}