{
	"credit": "Created by Mickey Joe Alpha - http://YouTube.com/@MushirMickeyJoe",
	"texture_size": [32, 32],
	"textures": {
		"particle": "item/bow/x_arm_buster_power"
	},
	"elements": [
		{
			"from": [5, -0.5, 1],
			"to": [11, 5.5, 7],
			"rotation": {"angle": 0, "axis": "z", "origin": [-0.5, 0.5, 0]},
			"faces": {
				"north": {"uv": [0, 3, 3, 6], "texture": "#particle"},
				"east": {"uv": [6, 3, 3, 6], "texture": "#particle"},
				"south": {"uv": [6, 3, 9, 6], "texture": "#particle"},
				"west": {"uv": [3, 3, 6, 6], "texture": "#particle"},
				"up": {"uv": [3, 3, 0, 0], "texture": "#particle"},
				"down": {"uv": [6, 0, 3, 3], "texture": "#particle"}
			}
		},
		{
			"from": [4.5, 4, 3],
			"to": [6.5, 6, 5],
			"rotation": {"angle": 45, "axis": "z", "origin": [5.5, 5, 4]},
			"faces": {
				"north": {"uv": [10, 4, 11, 5], "texture": "#particle"},
				"east": {"uv": [9, 4, 10, 5], "texture": "#particle"},
				"south": {"uv": [12, 4, 13, 5], "texture": "#particle"},
				"west": {"uv": [11, 4, 12, 5], "texture": "#particle"}
			}
		},
		{
			"from": [11.5, 6, 5],
			"to": [9.5, 5, 3],
			"rotation": {"angle": -45, "axis": "z", "origin": [10.5, 5, 4]},
			"faces": {
				"north": {"uv": [11, 3.5, 10, 4], "texture": "#particle"},
				"east": {"uv": [12, 3.5, 11, 4], "texture": "#particle"},
				"south": {"uv": [13, 3.5, 12, 4], "texture": "#particle"},
				"west": {"uv": [10, 3.5, 9, 4], "texture": "#particle"},
				"up": {"uv": [11, 1, 10, 2], "texture": "#particle"}
			}
		},
		{
			"from": [9.5, 4, 3],
			"to": [11.5, 6, 5],
			"rotation": {"angle": -45, "axis": "z", "origin": [10.5, 5, 4]},
			"faces": {
				"north": {"uv": [11, 4, 10, 5], "texture": "#particle"},
				"east": {"uv": [12, 4, 11, 5], "texture": "#particle"},
				"south": {"uv": [13, 4, 12, 5], "texture": "#particle"},
				"west": {"uv": [10, 4, 9, 5], "texture": "#particle"}
			}
		},
		{
			"from": [6.5, 6, 5],
			"to": [4.5, 5, 3],
			"rotation": {"angle": 45, "axis": "z", "origin": [5.5, 5, 4]},
			"faces": {
				"north": {"uv": [10, 3.5, 11, 4], "texture": "#particle"},
				"east": {"uv": [9, 3.5, 10, 4], "texture": "#particle"},
				"south": {"uv": [12, 3.5, 13, 4], "texture": "#particle"},
				"west": {"uv": [11, 3.5, 12, 4], "texture": "#particle"},
				"up": {"uv": [10, 1, 11, 2], "texture": "#particle"}
			}
		},
		{
			"from": [8.75, -1.5, 2],
			"to": [10.75, 0.5, 6],
			"rotation": {"angle": 22.5, "axis": "z", "origin": [9.75, -0.5, 3.5]},
			"faces": {
				"east": {"uv": [15, 2, 13, 3], "texture": "#particle"},
				"south": {"uv": [16, 2, 15, 3], "texture": "#particle"},
				"west": {"uv": [12, 2, 10, 3], "texture": "#particle"},
				"down": {"uv": [13, 0, 14, 2], "texture": "#particle"}
			}
		},
		{
			"from": [10.75, 0.5, 4],
			"to": [8.75, -1.5, 2],
			"rotation": {"angle": 22.5, "axis": "z", "origin": [9.75, -0.5, 3.5]},
			"faces": {
				"north": {"uv": [11, 1, 10, 2], "rotation": 180, "texture": "#particle"},
				"east": {"uv": [12, 1, 11, 2], "texture": "#particle"},
				"south": {"uv": [13, 1, 12, 2], "texture": "#particle"},
				"west": {"uv": [10, 1, 9, 2], "texture": "#particle"},
				"up": {"uv": [10, 0, 11, 1], "texture": "#particle"}
			}
		},
		{
			"from": [5.25, -1.5, 2],
			"to": [7.25, 0.5, 6],
			"rotation": {"angle": -22.5, "axis": "z", "origin": [6.25, -0.5, 3.5]},
			"faces": {
				"east": {"uv": [10, 2, 12, 3], "texture": "#particle"},
				"south": {"uv": [15, 2, 16, 3], "texture": "#particle"},
				"west": {"uv": [13, 2, 15, 3], "texture": "#particle"},
				"down": {"uv": [14, 0, 13, 2], "texture": "#particle"}
			}
		},
		{
			"from": [7.25, 0.5, 4],
			"to": [5.25, -1.5, 2],
			"rotation": {"angle": -22.5, "axis": "z", "origin": [6.25, -0.5, 3.5]},
			"faces": {
				"north": {"uv": [10, 1, 11, 2], "rotation": 180, "texture": "#particle"},
				"east": {"uv": [9, 1, 10, 2], "texture": "#particle"},
				"south": {"uv": [12, 1, 13, 2], "texture": "#particle"},
				"west": {"uv": [11, 1, 12, 2], "texture": "#particle"},
				"up": {"uv": [11, 0, 10, 1], "texture": "#particle"}
			}
		},
		{
			"from": [5, 0.5, 7],
			"to": [11, 4.5, 9],
			"rotation": {"angle": 0, "axis": "y", "origin": [-0.5, 0.5, 6]},
			"faces": {
				"east": {"uv": [13, 7, 12, 9], "texture": "#particle"},
				"south": {"uv": [13, 7, 16, 9], "texture": "#particle"},
				"west": {"uv": [12, 7, 13, 9], "texture": "#particle"},
				"up": {"uv": [12, 7, 9, 6], "texture": "#particle"},
				"down": {"uv": [15, 6, 12, 7], "texture": "#particle"}
			}
		},
		{
			"from": [5.5, 0, -1],
			"to": [10.5, 5, 10],
			"rotation": {"angle": 0, "axis": "z", "origin": [0, 1, 0]},
			"faces": {
				"north": {"uv": [0, 11.5, 2.5, 14], "texture": "#particle"},
				"east": {"uv": [8, 11.5, 2.5, 14], "texture": "#particle"},
				"south": {"uv": [8, 11.5, 10.5, 14], "texture": "#particle"},
				"west": {"uv": [10.5, 11.5, 16, 14], "texture": "#particle"},
				"up": {"uv": [2.5, 11.5, 0, 6], "texture": "#particle"},
				"down": {"uv": [5, 6, 2.5, 11.5], "texture": "#particle"}
			}
		},
		{
			"from": [9.5, 4, 1],
			"to": [6.5, 1, -1],
			"rotation": {"angle": 0, "axis": "y", "origin": [3, 4, 2]},
			"faces": {
				"east": {"uv": [5, 7, 6, 8.5], "texture": "#particle"},
				"west": {"uv": [7.5, 7, 8.5, 8.5], "texture": "#particle"},
				"up": {"uv": [7.5, 7, 6, 6], "texture": "#particle"},
				"down": {"uv": [9, 6, 7.5, 7], "texture": "#particle"}
			}
		}
	],
	"gui_light": "front",
	"display": {
		"thirdperson_righthand": {
			"translation": [0, 4, 4.5],
			"scale": [1.1, 1.1, 1.1]
		},
		"thirdperson_lefthand": {
			"translation": [0, 4, 4.5],
			"scale": [1.1, 1.1, 1.1]
		},
		"firstperson_righthand": {
			"rotation": [59, -4, -2],
			"translation": [2.5, 5.75, 6.25],
			"scale": [0.68, 0.68, 0.68]
		},
		"firstperson_lefthand": {
			"rotation": [59, -4, -2],
			"translation": [2.5, 5.75, 6.25],
			"scale": [0.68, 0.68, 0.68]
		},
		"ground": {
			"translation": [0, 5.75, 2.5],
			"scale": [0.75, 0.75, 0.75]
		},
		"gui": {
			"rotation": [105.55, 38.13, -131.38],
			"translation": [7.25, -0.25, 0],
			"scale": [1.13, 1.13, 1.13]
		},
		"head": {
			"translation": [0, 1.5, -6.5]
		},
		"fixed": {
			"rotation": [90, -45, 90],
			"translation": [-6, 2.75, -1.75]
		}
	}
}