{
	"credit": "Created by Mickey Joe Alpha - http://YouTube.com/@MushirMickeyJoe",
	"texture_size": [32, 32],
	"textures": {
		"particle": "item/bow/x_arm_buster"
	},
	"elements": [
		{
			"from": [5, -0.5, 2],
			"to": [11, 5.5, 8],
			"rotation": {"angle": 0, "axis": "z", "origin": [-0.5, 0.5, 1]},
			"faces": {
				"north": {"uv": [0, 3, 3, 6], "texture": "#particle"},
				"east": {"uv": [6, 3, 3, 6], "texture": "#particle"},
				"south": {"uv": [6, 3, 9, 6], "texture": "#particle"},
				"west": {"uv": [3, 3, 6, 6], "texture": "#particle"},
				"up": {"uv": [3, 3, 0, 0], "texture": "#particle"},
				"down": {"uv": [6, 0, 3, 3], "texture": "#particle"}
			}
		},
		{
			"from": [5.5, 0, 1],
			"to": [10.5, 5, 11],
			"rotation": {"angle": 0, "axis": "z", "origin": [0, 1, 1]},
			"faces": {
				"north": {"uv": [0, 11, 2.5, 13.5], "texture": "#particle"},
				"east": {"uv": [7.5, 11, 2.5, 13.5], "texture": "#particle"},
				"south": {"uv": [7.5, 11, 10, 13.5], "texture": "#particle"},
				"west": {"uv": [2.5, 11, 7.5, 13.5], "texture": "#particle"},
				"up": {"uv": [2.5, 11, 0, 6], "texture": "#particle"},
				"down": {"uv": [5, 6, 2.5, 11], "texture": "#particle"}
			}
		},
		{
			"from": [6, 0.5, -2],
			"to": [10, 4.5, 1],
			"rotation": {"angle": 0, "axis": "z", "origin": [-0.5, 0.5, -1]},
			"faces": {
				"north": {"uv": [10.5, 1.5, 12.5, 3.5], "texture": "#particle"},
				"east": {"uv": [9, 1.5, 10.5, 3.5], "texture": "#particle"},
				"west": {"uv": [12.5, 1.5, 14, 3.5], "texture": "#particle"},
				"up": {"uv": [12.5, 1.5, 10.5, 0], "texture": "#particle"},
				"down": {"uv": [14.5, 0, 12.5, 1.5], "texture": "#particle"}
			}
		},
		{
			"from": [9, 3.5, 1],
			"to": [7, 1.5, -2],
			"rotation": {"angle": 0, "axis": "z", "origin": [1.5, 2.5, 7]},
			"faces": {
				"east": {"uv": [12, 5, 13.5, 6], "texture": "#particle"},
				"west": {"uv": [14.5, 5, 16, 6], "texture": "#particle"},
				"up": {"uv": [14.5, 5, 13.5, 3.5], "texture": "#particle"},
				"down": {"uv": [15.5, 3.5, 14.5, 5], "texture": "#particle"}
			}
		}
	],
	"gui_light": "front",
	"display": {
		"thirdperson_righthand": {
			"translation": [0, 4, 4.75],
			"scale": [1.1, 1.1, 1.1]
		},
		"thirdperson_lefthand": {
			"translation": [0, 4, 4.75],
			"scale": [1.1, 1.1, 1.1]
		},
		"firstperson_righthand": {
			"rotation": [59, -7, -10],
			"translation": [4.75, 5.5, 5],
			"scale": [0.68, 0.68, 0.68]
		},
		"firstperson_lefthand": {
			"rotation": [59, -7, -10],
			"translation": [4.75, 5.5, 5],
			"scale": [0.68, 0.68, 0.68]
		},
		"ground": {
			"translation": [0, 5.75, 2.5],
			"scale": [0.75, 0.75, 0.75]
		},
		"gui": {
			"rotation": [105.55, 38.13, -131.38],
			"translation": [6.75, 0.5, 0],
			"scale": [1.13, 1.13, 1.13]
		},
		"head": {
			"translation": [0, 1.5, -6.5]
		},
		"fixed": {
			"rotation": [90, -45, 90],
			"translation": [-6, 2.75, -1.75]
		}
	}
}